table	source	reason	form	lemma
AG	ag_lookup.json	duplicate_tonal_marks	Λεοντί́δης	Λεοντί́δης
AG	ag_lookup.json	duplicate_tonal_marks	λεοντί́δης	Λεοντί́δης
AG	ag_lookup.json	duplicate_tonal_marks	Σεγά́θις	Σεγᾶ͂θις
AG	ag_lookup.json	duplicate_tonal_marks	Σεγᾶ͂θις	Σεγᾶ͂θις
AG	ag_lookup.json	duplicate_tonal_marks	σεγά́θις	Σεγᾶ͂θις
AG	ag_lookup.json	duplicate_tonal_marks	σεγαθις	Σεγᾶ͂θις
AG	ag_lookup.json	duplicate_tonal_marks	σεγᾶ͂θις	Σεγᾶ͂θις
AG	ag_lookup.json	duplicate_tonal_marks	Φιλό́κτητος	Φιλό́κτητος
AG	ag_lookup.json	duplicate_tonal_marks	φιλό́κτητος	Φιλό́κτητος
AG	ag_lookup.json	duplicate_tonal_marks	αὺτοῦ	αυτοῦ́
AG	ag_lookup.json	duplicate_tonal_marks	δέῖ	δεί́ω
AG	ag_lookup.json	duplicate_tonal_marks	θέλῆ	θογιλῆ́σκω
AG	ag_lookup.json	duplicate_tonal_marks	κατέλθεῖν	κατέ́ρχομαι
AG	ag_lookup.json	duplicate_tonal_marks	πασὶ	πασιέ͂ς
AG	ag_lookup.json	duplicate_tonal_marks	τὸῦ	τό́ς
AG	ag_lookup.json	duplicate_tonal_marks	μέτῆκται	τῆ́γνυμι
AG	ag_lookup.json	duplicate_tonal_marks	Ερμό́τιμος	Ἑρμό́τιμος
AG	ag_lookup.json	duplicate_tonal_marks	ερμό́τιμος	Ἑρμό́τιμος
AG	ag_lookup.json	duplicate_tonal_marks	ἑρμό́τιμος	Ἑρμό́τιμος
AG	ag_lookup.json	duplicate_tonal_marks	Ἑρμό́τιμος	Ἑρμό́τιμος
AG	ag_lookup.json	duplicate_tonal_marks	ὅποῖόν	ὅ́ποιος
AG	ag_lookup.json	final_elision_mark	·ἐπ’	·ἐπ’
AG	ag_lookup.json	final_elision_mark	Διονύσῳ’	Διονύσῳ’
AG	ag_lookup.json	final_elision_mark	Δἰ	Δ᾽
AG	ag_lookup.json	final_elision_mark	Ξάνθῳ’	Ξάνθῳ’
AG	ag_lookup.json	final_elision_mark	Σύντριβ’	Σύντριβ’
AG	ag_lookup.json	final_elision_mark	Φερσεφόνεια`	Φερσεφόνεια`
AG	ag_lookup.json	final_elision_mark	αὐτῇ`	αὐτῇ`
AG	ag_lookup.json	final_elision_mark	αυθ᾽	αὖθ᾽
AG	ag_lookup.json	final_elision_mark	αύθ᾽	αὖθ᾽
AG	ag_lookup.json	final_elision_mark	αὖθ᾽	αὖθ᾽
AG	ag_lookup.json	final_elision_mark	αυτ᾿	αὖτ᾿
AG	ag_lookup.json	final_elision_mark	αύτ᾿	αὖτ᾿
AG	ag_lookup.json	final_elision_mark	αὖτ᾿	αὖτ᾿
AG	ag_lookup.json	final_elision_mark	β̓	β᾽
AG	ag_lookup.json	final_elision_mark	γλαυκ᾽	γλαῦκ᾽
AG	ag_lookup.json	final_elision_mark	γλαύκ᾽	γλαῦκ᾽
AG	ag_lookup.json	final_elision_mark	γλαῦκ᾽	γλαῦκ᾽
AG	ag_lookup.json	final_elision_mark	γ᾽	γ᾽
AG	ag_lookup.json	final_elision_mark	δήπου’	δήπου’
AG	ag_lookup.json	final_elision_mark	δ᾽	δ᾽
AG	ag_lookup.json	final_elision_mark	εἰθ’	εἰθ’
AG	ag_lookup.json	final_elision_mark	εἶ’	εἶ’
AG	ag_lookup.json	final_elision_mark	ζ̓	ζ᾽
AG	ag_lookup.json	final_elision_mark	θάνατοσ’	θάνατοσ’
AG	ag_lookup.json	final_elision_mark	θ᾿	θ᾿
AG	ag_lookup.json	final_elision_mark	λύχνοιδ’	λύχνοιδ’
AG	ag_lookup.json	final_elision_mark	μάλ᾿	μάλ᾿
AG	ag_lookup.json	final_elision_mark	μαλ᾿	μάλ᾿
AG	ag_lookup.json	final_elision_mark	μεγάλῃ’	μέγῃ’
AG	ag_lookup.json	final_elision_mark	μεθ᾽	μεθ᾽
AG	ag_lookup.json	final_elision_mark	μηδ᾽	μηδ᾽
AG	ag_lookup.json	final_elision_mark	ν̓	ν᾽
AG	ag_lookup.json	final_elision_mark	τοιᾳδὶ	οιᾳδ᾽
AG	ag_lookup.json	final_elision_mark	οί᾽	οἷ᾽
AG	ag_lookup.json	final_elision_mark	οι᾽	οἷ᾽
AG	ag_lookup.json	final_elision_mark	οἷ᾽	οἷ᾽
AG	ag_lookup.json	final_elision_mark	ουδ᾽	οὐδ᾽
AG	ag_lookup.json	final_elision_mark	οὐδ᾽	οὐδ᾽
AG	ag_lookup.json	final_elision_mark	ουθ᾽	οὔθ᾽
AG	ag_lookup.json	final_elision_mark	ούθ᾽	οὔθ᾽
AG	ag_lookup.json	final_elision_mark	οὔθ᾽	οὔθ᾽
AG	ag_lookup.json	final_elision_mark	παρ᾽	παρ᾽
AG	ag_lookup.json	final_elision_mark	παῖδα’	παῖ’
AG	ag_lookup.json	final_elision_mark	πορφύρεοσ’	πορφύρεοσ’
AG	ag_lookup.json	final_elision_mark	ποώποτ’	ποώποτ’
AG	ag_lookup.json	final_elision_mark	τοῖνδ’	τόνδ’
AG	ag_lookup.json	final_elision_mark	τοῖσιδ’	τόσιδ’
AG	ag_lookup.json	final_elision_mark	τ᾽	τ᾽
AG	ag_lookup.json	final_elision_mark	τ᾿	τ᾿
AG	ag_lookup.json	final_elision_mark	φ̓	φ᾽
AG	ag_lookup.json	final_elision_mark	ἀλλαιχ’	ἀλλαιχ’
AG	ag_lookup.json	final_elision_mark	αλλ᾽	ἀλλ᾽
AG	ag_lookup.json	final_elision_mark	ἀλλ᾽	ἀλλ᾽
AG	ag_lookup.json	final_elision_mark	ἀμελεῖν’	ἀμελεῖν’
AG	ag_lookup.json	final_elision_mark	ἀπῶσαι’	ἀπῶσαι’
AG	ag_lookup.json	final_elision_mark	άρ᾿	ἄρ᾿
AG	ag_lookup.json	final_elision_mark	αρ᾿	ἄρ᾿
AG	ag_lookup.json	final_elision_mark	ἄρ᾿	ἄρ᾿
AG	ag_lookup.json	final_elision_mark	Αθήναζ᾽	Ἀθήναζ᾽
AG	ag_lookup.json	final_elision_mark	αθήναζ᾽	Ἀθήναζ᾽
AG	ag_lookup.json	final_elision_mark	αθηναζ᾽	Ἀθήναζ᾽
AG	ag_lookup.json	final_elision_mark	ἀθήναζ᾽	Ἀθήναζ᾽
AG	ag_lookup.json	final_elision_mark	Ἀθήναζ᾽	Ἀθήναζ᾽
AG	ag_lookup.json	final_elision_mark	ὦμαθέστατ’	ἐμάθεστατ’
AG	ag_lookup.json	final_elision_mark	ἐνγεταῦθ’	ἐνγεταῦθ’
AG	ag_lookup.json	final_elision_mark	επ᾽	ἐπ᾽
AG	ag_lookup.json	final_elision_mark	ἐπ᾽	ἐπ᾽
AG	ag_lookup.json	final_elision_mark	ὦταῖρ’	ἐτάῖρ’
AG	ag_lookup.json	final_elision_mark	ἐἴτ’	ἐἴτ’
AG	ag_lookup.json	final_elision_mark	ἑφ’	ἑφ’
AG	ag_lookup.json	final_elision_mark	ἧττον’	ἧττον’
AG	ag_lookup.json	final_elision_mark	Ἵπταμ’	Ἵπταμ’
AG	ag_lookup.json	final_elision_mark	ὥ’	ὣ’
AG	ag_lookup.json	final_elision_mark	τῷῦ	ῷ᾽
AG	ag_lookup.json	final_elision_mark	–⏑–––⏑ὑφ’	–⏑–––⏑ὑφ’
AG	ag_lookup.json	final_keraia_or_prime	βᾱ	βαʹ
AG	ag_lookup.json	final_keraia_or_prime	βραχυπότ	βραχυπότʹ
AG	ag_lookup.json	final_keraia_or_prime	γέατ	γέατʹ
AG	ag_lookup.json	final_keraia_or_prime	γῳ	γῳʹ
AG	ag_lookup.json	final_keraia_or_prime	δὲκζʹ	δέκζʹ
AG	ag_lookup.json	final_keraia_or_prime	διὰμ	διάμʹ
AG	ag_lookup.json	final_keraia_or_prime	διαφώ	διαφώʹ
AG	ag_lookup.json	final_keraia_or_prime	δισεπιτρίτοις	δισεπιτρίτοιςʹ
AG	ag_lookup.json	final_keraia_or_prime	ηψῑᾱ	ηψιαʹ
AG	ag_lookup.json	final_keraia_or_prime	ηῳ	ηῳʹ
AG	ag_lookup.json	final_keraia_or_prime	ῑῡ	ιυʹ
AG	ag_lookup.json	final_keraia_or_prime	κδέ	κδέʹ
AG	ag_lookup.json	final_keraia_or_prime	μέλανοσʹ	μέλανοςʹ
AG	ag_lookup.json	final_keraia_or_prime	μῃʹ	μῃʹ
AG	ag_lookup.json	final_keraia_or_prime	πεντακαίδεκα	πεντακαίδεκαʹ
AG	ag_lookup.json	final_keraia_or_prime	πεντεκαιπεντήκοντα	πεντεκαιπεντήκονταʹ
AG	ag_lookup.json	final_keraia_or_prime	πεντεκαιτριήκοντα	πεντεκαιτριήκονταʹ
AG	ag_lookup.json	final_keraia_or_prime	ροῦς	ροῦςʹ
AG	ag_lookup.json	final_keraia_or_prime	τέσσαράκονθ’	τέσσαρακονθʹ
AG	ag_lookup.json	final_keraia_or_prime	τέσσαρος	τέσσαροςʹ
AG	ag_lookup.json	final_keraia_or_prime	τέσσαρσυ	τέσσαρσυʹ
AG	ag_lookup.json	final_keraia_or_prime	τὴμ	τήμʹ
AG	ag_lookup.json	final_keraia_or_prime	ταραχῶδ	ταραχῶδʹ
AG	ag_lookup.json	final_keraia_or_prime	τεσαράκοντα	τεσαράκονταʹ
AG	ag_lookup.json	final_keraia_or_prime	τεσσαράκ	τεσσαράκʹ
AG	ag_lookup.json	final_keraia_or_prime	τεσσαρακοντούτεες	τεσσαρακοντούτεεςʹ
AG	ag_lookup.json	final_keraia_or_prime	τεσσαρεσκαίδσκα	τεσσαρεσκαίδσκαʹ
AG	ag_lookup.json	final_keraia_or_prime	τεσσαρεσκαιδεκά	τεσσαρεσκαιδεκάʹ
AG	ag_lookup.json	final_keraia_or_prime	τεσσράκοντα	τεσσράκονταʹ
AG	ag_lookup.json	final_keraia_or_prime	τργώνοις	τργώνοιςʹ
AG	ag_lookup.json	final_keraia_or_prime	τριακονταὲξ	τριακονταέξʹ
AG	ag_lookup.json	final_keraia_or_prime	τριακονταοκτὼ	τριακονταοκτώʹ
AG	ag_lookup.json	final_keraia_or_prime	τριηκοσταίοις	τριηκοσταίοιςʹ
AG	ag_lookup.json	final_keraia_or_prime	τῇσ͵ʹ	τῇσ͵ʹ
AG	ag_lookup.json	final_keraia_or_prime	ωϚᾱ	ωϚαʹ
AG	ag_lookup.json	final_keraia_or_prime	ϋ	ϋʹ
AG	ag_lookup.json	final_keraia_or_prime	ϋκ	ϋκʹ
AG	ag_lookup.json	final_keraia_or_prime	Ϛʹκύκλου	Ϛʹκύκλουʹ
AG	ag_lookup.json	final_keraia_or_prime	Ϛᾱ	Ϛαʹ
AG	ag_lookup.json	final_keraia_or_prime	ϚϚέί	ϚϚέιʹ
AG	ag_lookup.json	final_keraia_or_prime	ἁλικακκ	ἁλικακκʹ
AG	ag_lookup.json	final_keraia_or_prime	εἰʹ	ἐʹ
AG	ag_lookup.json	final_keraia_or_prime	ἐὰβ	ἐάβʹ
AG	ag_lookup.json	final_keraia_or_prime	ἐνενηκονταοκτώ	ἐνενηκονταοκτώʹ
AG	ag_lookup.json	final_keraia_or_prime	ἐξηκονταὲξ	ἐξηκονταέξʹ
AG	ag_lookup.json	final_keraia_or_prime	ἐπʹ	ἐπʹ
AG	ag_lookup.json	final_keraia_or_prime	ἑβδο	ἑβδοʹ
AG	ag_lookup.json	final_keraia_or_prime	ἑβδομήκονταδύο	ἑβδομήκονταδυοʹ
AG	ag_lookup.json	final_keraia_or_prime	ἑβδομηκοντατρεῖς	ἑβδομηκοντατρεῖςʹ
AG	ag_lookup.json	final_keraia_or_prime	ἑκκαιδέκα	ἑκκαιδέκαʹ
AG	ag_lookup.json	final_keraia_or_prime	ἑνοσκαίδεκα	ἑνοσκαίδεκαʹ
AG	ag_lookup.json	final_keraia_or_prime	ἑξηκονταὲξ	ἑξηκονταέξʹ
AG	ag_lookup.json	final_keraia_or_prime	ἑξηκονταοκτὼ	ἑξηκονταοκτώʹ
AG	ag_lookup.json	final_keraia_or_prime	ἑπτακαιδεκαέτη	ἑπτακαιδεκαέτηʹ
AG	ag_lookup.json	final_keraia_or_prime	ὀγδοηκονταοκτὼ	ὀγδοηκονταοκτώʹ
AG	ag_lookup.json	final_keraia_or_prime	ὀκτωʹ	ὀκτωʹ
AG	ag_lookup.json	final_keraia_or_prime	ὁδῖν	ὁδῖνʹ
AG	ag_lookup.json	final_keraia_or_prime	ὁλκὴνδύο	ὁλκήνδυοʹ
AG	ag_lookup.json	final_keraia_or_prime	ὁλκῆσ͵	ὁλκῆσ͵ʹ
AG	ag_lookup.json	final_keraia_or_prime	ὑιοσο	ὑιοσοʹ
AG	ag_lookup.json	final_keraia_or_prime	ὑπʹ	ὑπʹ
AG	ag_lookup.json	final_keraia_or_prime	ὑποκενώσανταʹ	ὑποκενώσανταʹ
AG	ag_lookup.json	final_keraia_or_prime	ὧβ	ὧβʹ
AG	ag_lookup.json	final_keraia_or_prime	ᾱρν	ᾱρνʹ
AG	ag_lookup.json	final_keraia_or_prime	ᾱρνβ	ᾱρνβʹ
AG	ag_lookup.json	final_keraia_or_prime	ᾱτϚᾱ	ᾱτϚαʹ
AG	ag_lookup.json	final_keraia_or_prime	ᾱψᾱ	ᾱψαʹ
AG	ag_lookup.json	final_keraia_or_prime	ᾱω	ᾱωʹ
AG	ag_lookup.json	final_keraia_or_prime	ῃωʹ	ῃωʹ
AG	ag_lookup.json	final_keraia_or_prime	ῡκᾱ	ῡκαʹ
AG	ag_lookup.json	final_keraia_or_prime	ῡνϛ	ῡνϛʹ
AG	ag_lookup.json	final_keraia_or_prime	ῡξη	ῡξηʹ
AG	ag_lookup.json	leading_combining	λέοντων	́ονλετες
AG	ag_lookup.json	leading_combining	ἔπλευν	́πολω
AG	ag_lookup.json	leading_combining	ἔρδης	́ρδω
AG	ag_lookup.json	leading_combining	ἔρρευν	́ρορω
AG	ag_lookup.json	nonlexical_symbol	᾽	᾽
AG	ag_lookup.json	orphaned_tonal_mark	Ῥυτίνῳ	*ʽ ́ρυτινον
AG	ag_lookup.json	orphaned_tonal_mark	·δοὺς	·́δωμι
AG	ag_lookup.json	orphaned_tonal_mark	·τούτων	·τ́ουτον
AG	ag_lookup.json	orphaned_tonal_mark	Βαρκός	Βαρ́ξ
AG	ag_lookup.json	orphaned_tonal_mark	Βετολίω	Βετολ͂ͅον
AG	ag_lookup.json	orphaned_tonal_mark	Γράσσης	Γ́ρασσα
AG	ag_lookup.json	orphaned_tonal_mark	Γράσσῃ	Γ́ρασσα
AG	ag_lookup.json	orphaned_tonal_mark	Γαυνί	Γαυν́ς
AG	ag_lookup.json	orphaned_tonal_mark	Γηρσωνὶ	Γηησων́ς
AG	ag_lookup.json	orphaned_tonal_mark	Διερρωγότα	Διερρ́οωγε
AG	ag_lookup.json	orphaned_tonal_mark	Διοσπόλεως	Διοσ́πολις
AG	ag_lookup.json	orphaned_tonal_mark	Δορυκλείους	Δορυκλ́ειος
AG	ag_lookup.json	orphaned_tonal_mark	Θεττάλην	Θετ̈́ταλος
AG	ag_lookup.json	orphaned_tonal_mark	Καβήλεω	Καβ́λης
AG	ag_lookup.json	orphaned_tonal_mark	Κικερωνείων	Κικερ́ωνις
AG	ag_lookup.json	orphaned_tonal_mark	Κιμβρίων	Κιμβ́ριος
AG	ag_lookup.json	orphaned_tonal_mark	Κλαύσῳ	Κλ́σαυσος
AG	ag_lookup.json	orphaned_tonal_mark	Κορίλλῃ	Κοριλ ́λα
AG	ag_lookup.json	orphaned_tonal_mark	Κυπέως	Κυπ͂ος
AG	ag_lookup.json	orphaned_tonal_mark	Λασθένειά	Λασθέ ́νεια
AG	ag_lookup.json	orphaned_tonal_mark	Λημνιάδεσσιν	Λημν́ιαυς
AG	ag_lookup.json	orphaned_tonal_mark	Λυγγὶ	Λυγ́ξ
AG	ag_lookup.json	orphaned_tonal_mark	Λυγγὸς	Λυγ́ξ
AG	ag_lookup.json	orphaned_tonal_mark	Μακεδονικαὶ	Μακεδ ́νιος
AG	ag_lookup.json	orphaned_tonal_mark	Μακεδονικὰς	Μακεδ́νιος
AG	ag_lookup.json	orphaned_tonal_mark	Μήιον	Μῃ ́ων
AG	ag_lookup.json	orphaned_tonal_mark	Πετράχου	Π́ετραχος
AG	ag_lookup.json	orphaned_tonal_mark	Πάμφω	Παμφ́ας
AG	ag_lookup.json	orphaned_tonal_mark	Παρσίους	Παρ́σιος
AG	ag_lookup.json	orphaned_tonal_mark	Πνθέου	Πνν́θεος
AG	ag_lookup.json	orphaned_tonal_mark	Πρώνακτι	Πρῶ ́ναξ
AG	ag_lookup.json	orphaned_tonal_mark	Ῥήου	Ρ̓́ηος
AG	ag_lookup.json	orphaned_tonal_mark	Σθένιδος	Σ́θενις
AG	ag_lookup.json	orphaned_tonal_mark	Σκαμανδρίαις	Σκαμαν́δριος
AG	ag_lookup.json	orphaned_tonal_mark	Τρόχου	Τ́ροχος
AG	ag_lookup.json	orphaned_tonal_mark	Ταρβήλοιο	Ταρ̈́βηλος
AG	ag_lookup.json	orphaned_tonal_mark	Τετρίκου	Τετ́ρικος
AG	ag_lookup.json	orphaned_tonal_mark	Τηλεφαάσσῃ	Τηλεφ́αασσα
AG	ag_lookup.json	orphaned_tonal_mark	Τιγγὸς	Τιγ́ξ
AG	ag_lookup.json	orphaned_tonal_mark	Φράτερσιν	Φ́ρατερ
AG	ag_lookup.json	orphaned_tonal_mark	Φραδασμένης	Φρ́γαδασμαι
AG	ag_lookup.json	orphaned_tonal_mark	Χεροννήσοιο	Χερον̈́νησος
AG	ag_lookup.json	orphaned_tonal_mark	αγλώσσης	αγ́λωσσα
AG	ag_lookup.json	orphaned_tonal_mark	αιτοῖς	αιτοῖες͂ς
AG	ag_lookup.json	orphaned_tonal_mark	αἰσθανθέντας	αἰσθαν́ͅζω
AG	ag_lookup.json	orphaned_tonal_mark	αἰσχυνθῆς	αἰσχυν́ςζω
AG	ag_lookup.json	orphaned_tonal_mark	αἴτημί	αἰτμ́ω
AG	ag_lookup.json	orphaned_tonal_mark	αὐτη-	αὐτηε-͂ς
AG	ag_lookup.json	orphaned_tonal_mark	βδελυττόμεναι	βδελυττ́ω
AG	ag_lookup.json	orphaned_tonal_mark	ἔβλπτον	βλπτ́ω
AG	ag_lookup.json	orphaned_tonal_mark	βοηθήμα	βοηθεμ͂ος
AG	ag_lookup.json	orphaned_tonal_mark	βοσκησεῖσθε	βοσκησ́ζομαι
AG	ag_lookup.json	orphaned_tonal_mark	βροτῖσιν	βροτ́ς
AG	ag_lookup.json	orphaned_tonal_mark	βσρειότερος	βσρ͂ειος
AG	ag_lookup.json	orphaned_tonal_mark	γνομένη	γ́λνυμι
AG	ag_lookup.json	orphaned_tonal_mark	γνόμενον	γ́νω
AG	ag_lookup.json	orphaned_tonal_mark	γμένα	γ́ω
AG	ag_lookup.json	orphaned_tonal_mark	ἔγρυπεν	γ̔υπ́ω
AG	ag_lookup.json	orphaned_tonal_mark	γαννύμενοι	γαν́νυμαι
AG	ag_lookup.json	orphaned_tonal_mark	γαννύμενος	γαν́νυμαι
AG	ag_lookup.json	orphaned_tonal_mark	γεγλωσσάμενον	γεγλωσ́ομαι
AG	ag_lookup.json	orphaned_tonal_mark	γεννητρίους	γεννητ́ριος
AG	ag_lookup.json	orphaned_tonal_mark	γαγέ	γηγ́υμι
AG	ag_lookup.json	orphaned_tonal_mark	ἔδνα	γιδ́σνω
AG	ag_lookup.json	orphaned_tonal_mark	ἐμφυὼς	γιμφ́συω
AG	ag_lookup.json	orphaned_tonal_mark	γένγται	γινγ́σκω
AG	ag_lookup.json	orphaned_tonal_mark	γοητότερον	γοετ͂ος
AG	ag_lookup.json	orphaned_tonal_mark	γονέναι	γον́ημι
AG	ag_lookup.json	orphaned_tonal_mark	γορέναι	γορ̈́ημι
AG	ag_lookup.json	orphaned_tonal_mark	ἐδείδιε	δεδ́ιω
AG	ag_lookup.json	orphaned_tonal_mark	δερδέσκετο	δερ́δω
AG	ag_lookup.json	orphaned_tonal_mark	δηχθέντις	δηχ́ομιι
AG	ag_lookup.json	orphaned_tonal_mark	διαγωνιδάμενοι	διαγων́δημι
AG	ag_lookup.json	orphaned_tonal_mark	διακίγκλισον	διακιγκλ́λσω
AG	ag_lookup.json	orphaned_tonal_mark	διασφαγί	διασφαγ́ς
AG	ag_lookup.json	orphaned_tonal_mark	διέτρι	διατρ́ω
AG	ag_lookup.json	orphaned_tonal_mark	διατρώσεων	διατρ́ωνις
AG	ag_lookup.json	orphaned_tonal_mark	διαφυμγόντες	διαφυεμ́γω
AG	ag_lookup.json	orphaned_tonal_mark	δεδιδαγμένην	διδαγ́ω
AG	ag_lookup.json	orphaned_tonal_mark	διελίπαμεν	διελλ́γω
AG	ag_lookup.json	orphaned_tonal_mark	διεμένουσα	διεμεπ́ω
AG	ag_lookup.json	orphaned_tonal_mark	διεξεσμένα	διεξσ́ημι
AG	ag_lookup.json	orphaned_tonal_mark	διεσταμμένον	διεσ́λμω
AG	ag_lookup.json	orphaned_tonal_mark	διηγῖσθαι	διηγ́ω
AG	ag_lookup.json	orphaned_tonal_mark	διηγερμένος	διηγρ́ημι
AG	ag_lookup.json	orphaned_tonal_mark	διηθηείη	διηθ́ηνυμι
AG	ag_lookup.json	orphaned_tonal_mark	δέσνται	δισ́ͅσκω
AG	ag_lookup.json	orphaned_tonal_mark	δισθερμανθείσης	δισθερμαν́ͅζω
AG	ag_lookup.json	orphaned_tonal_mark	δνχθέντας	δν́γω
AG	ag_lookup.json	orphaned_tonal_mark	ἔνδοδεν	δοδ́νω
AG	ag_lookup.json	orphaned_tonal_mark	δορυκτήτη	δορυκ́τητος
AG	ag_lookup.json	orphaned_tonal_mark	δῦνων	δυπ͂ω
AG	ag_lookup.json	orphaned_tonal_mark	δυσπνουστέρους	δυσ́πνους
AG	ag_lookup.json	orphaned_tonal_mark	δυσκενότατός	δυσκ͂ενος
AG	ag_lookup.json	orphaned_tonal_mark	δυσπαρισώτους	δυσπαρ́σωτος
AG	ag_lookup.json	orphaned_tonal_mark	εταγμένῃ	ετ́γαγμαι
AG	ag_lookup.json	orphaned_tonal_mark	εἴρητκι	εἰρκ́νω
AG	ag_lookup.json	orphaned_tonal_mark	εἰσέλθης	εἰσ́λημι
AG	ag_lookup.json	orphaned_tonal_mark	εἱλκωμένους	εἱλ́χωμαι
AG	ag_lookup.json	orphaned_tonal_mark	εὔγλαγον	εὐγλαγ́α
AG	ag_lookup.json	orphaned_tonal_mark	εὐδαιμοβεστάταις	εὐδαιμοβεσ́ς
AG	ag_lookup.json	orphaned_tonal_mark	εὐθυνκέναι	εὐθυνκ́ημι
AG	ag_lookup.json	orphaned_tonal_mark	εὐκράσεως	εὐκ́ρασις
AG	ag_lookup.json	orphaned_tonal_mark	εὐρουστέρου	εὐρουσ́ς
AG	ag_lookup.json	orphaned_tonal_mark	εὐφορέστερά	εὐφορ͂ος
AG	ag_lookup.json	orphaned_tonal_mark	ζωργηθέντες	ζωρ́γω
AG	ag_lookup.json	orphaned_tonal_mark	θατέρας	θ͂ας
AG	ag_lookup.json	orphaned_tonal_mark	θερμῄνειεν	θαιρ́ͅνειομαι
AG	ag_lookup.json	orphaned_tonal_mark	θεἰμαρμένον	θιἰμαρ́ͅσκω
AG	ag_lookup.json	orphaned_tonal_mark	θλιφθείσης	θλ́ιπω
AG	ag_lookup.json	orphaned_tonal_mark	ἔθλασσεν	θλασ́θω
AG	ag_lookup.json	orphaned_tonal_mark	θλιβέντων	θλιβ́ημι
AG	ag_lookup.json	orphaned_tonal_mark	θλιφθέντ’	θλιφ́ͅζω
AG	ag_lookup.json	orphaned_tonal_mark	καταπιανθεῖσα	καθαπιαν́ω
AG	ag_lookup.json	orphaned_tonal_mark	καθειργμένη	καθειργ́ννυμι
AG	ag_lookup.json	orphaned_tonal_mark	ἐκάθῃρεν	καθῃρ́σκω
AG	ag_lookup.json	orphaned_tonal_mark	κακατείναντα	κακ́-ἀτείνω
AG	ag_lookup.json	orphaned_tonal_mark	κακηγορίστατος	κακηγ́ορης
AG	ag_lookup.json	orphaned_tonal_mark	καπφθιμένου	καπφθ́ζομαι
AG	ag_lookup.json	orphaned_tonal_mark	καταβρογχίζοντι	καταβρογχ́ͅζω
AG	ag_lookup.json	orphaned_tonal_mark	καταγινώκομεν	καταγινωκμ́σκω
AG	ag_lookup.json	orphaned_tonal_mark	καταδαρθέντες	καταδαρ́ͅζω
AG	ag_lookup.json	orphaned_tonal_mark	κατέκτας	κατακτ́ω
AG	ag_lookup.json	orphaned_tonal_mark	καταλημφθήσονται	καταλημφ́ͅζω
AG	ag_lookup.json	orphaned_tonal_mark	καταξηραινό	καταξηραιν́υμι
AG	ag_lookup.json	orphaned_tonal_mark	καταρ’ρ’ηγνύμενα	καταρ’ρ’ηγ́νυμαι
AG	ag_lookup.json	orphaned_tonal_mark	κατεληλεσμένους	κατεληλσ́ημι
AG	ag_lookup.json	orphaned_tonal_mark	κατολισθημάτων	κατολισθ͂ημα
AG	ag_lookup.json	orphaned_tonal_mark	κατορθωκότα	κατορθ́οωκε
AG	ag_lookup.json	orphaned_tonal_mark	κεκαθαρμένοισιν	κεκαθ́αρμαι
AG	ag_lookup.json	orphaned_tonal_mark	κεροῦσσ’	κενρσ́’ω
AG	ag_lookup.json	orphaned_tonal_mark	κεχαρισμενωτέραν	κεχαρισμεν́ος
AG	ag_lookup.json	orphaned_tonal_mark	κινδυνοδέστερα	κινδυνοδ͂ος
AG	ag_lookup.json	orphaned_tonal_mark	κέχρῳσμαι	κιχρῳσ́ͅσκω
AG	ag_lookup.json	orphaned_tonal_mark	κεκαθαρμένῃ	κκ́γαθαρμαι
AG	ag_lookup.json	orphaned_tonal_mark	ἐκκεκαθαρμένοι	κκεκαθαρ́ω
AG	ag_lookup.json	orphaned_tonal_mark	ἐκκεκαθαρμένους	κκεκαθαρ́ω
AG	ag_lookup.json	orphaned_tonal_mark	κοινωνεῖα	κοινωιμ͂αμι
AG	ag_lookup.json	orphaned_tonal_mark	κολοπτέρους	κολοπ́ς
AG	ag_lookup.json	orphaned_tonal_mark	κυστέως	κυστ͂ος
AG	ag_lookup.json	orphaned_tonal_mark	κἠλειφόμην	κἠλειφ́μσκομαι
AG	ag_lookup.json	orphaned_tonal_mark	λαβόμεν	λά-β́μεͅσκω
AG	ag_lookup.json	orphaned_tonal_mark	λαγνιστάτην	λαγ͂νισς
AG	ag_lookup.json	orphaned_tonal_mark	λαγνιστάτας	λαγνισ́ς
AG	ag_lookup.json	orphaned_tonal_mark	λαγνιστάτῳ	λαγνισ́ς
AG	ag_lookup.json	orphaned_tonal_mark	ἐργασό	λγασογ́
AG	ag_lookup.json	orphaned_tonal_mark	λεανθέντες	λεαν́ͅζω
AG	ag_lookup.json	orphaned_tonal_mark	λεανθεῖσαν	λεαν́ͅζω
AG	ag_lookup.json	orphaned_tonal_mark	λεανθείσῃ	λεαν́ω
AG	ag_lookup.json	orphaned_tonal_mark	ἐλέγξα	λεγ́σσω
AG	ag_lookup.json	orphaned_tonal_mark	λέγετι	λεγετ́ρχομαι
AG	ag_lookup.json	orphaned_tonal_mark	λειανθέντες	λειαν́ͅζω
AG	ag_lookup.json	orphaned_tonal_mark	λειανθεῖσαν	λειαν́ͅζω
AG	ag_lookup.json	orphaned_tonal_mark	λειμακεστέροισί	λειμακεσ́ς
AG	ag_lookup.json	orphaned_tonal_mark	λευκανθεῖσαν	λευκαν́ͅζω
AG	ag_lookup.json	orphaned_tonal_mark	λημφθέν	λημ́πτω
AG	ag_lookup.json	orphaned_tonal_mark	λημφθὲν	λημ́πτω
AG	ag_lookup.json	orphaned_tonal_mark	λυπανθῆναι	λυπαν́ͅζω
AG	ag_lookup.json	orphaned_tonal_mark	λωβασεῖσθε	λωβασ́ζομαι
AG	ag_lookup.json	orphaned_tonal_mark	μακρυνθήσονται	μακρυν́ͅζω
AG	ag_lookup.json	orphaned_tonal_mark	μαρτνράμενος	μαρτν́ρω
AG	ag_lookup.json	orphaned_tonal_mark	μαχόμεθον	μαχομεθ́ω
AG	ag_lookup.json	orphaned_tonal_mark	μιγμένα	μγ́ννυμι
AG	ag_lookup.json	orphaned_tonal_mark	μελαγχολών	μελαγ́-χλῴσκω
AG	ag_lookup.json	orphaned_tonal_mark	μελαντάτῳ	μελαν́ς
AG	ag_lookup.json	orphaned_tonal_mark	μετειληχὸς	μετειλ́ηχομαι
AG	ag_lookup.json	orphaned_tonal_mark	μετημφιέννυτο	μετημφ́ιννυμαι
AG	ag_lookup.json	orphaned_tonal_mark	μετριοποτίστατος	μετριοπ́οτης
AG	ag_lookup.json	orphaned_tonal_mark	μηθενὶ	μηθεν́ς
AG	ag_lookup.json	orphaned_tonal_mark	μήπσθ’	μην́πομαι
AG	ag_lookup.json	orphaned_tonal_mark	μεμιαμμένον	μιμιαμ́ͅσκω
AG	ag_lookup.json	orphaned_tonal_mark	μεμιαμμένος	μιμιαμ́ͅσκω
AG	ag_lookup.json	orphaned_tonal_mark	μνησό	μιμνησͅοκ́
AG	ag_lookup.json	orphaned_tonal_mark	μεμορμένον	μιμορ́ͅσκω
AG	ag_lookup.json	orphaned_tonal_mark	μίξωμιν	μιξιν́νω
AG	ag_lookup.json	orphaned_tonal_mark	ἄμμεσιν	μμεσιεν͂ς
AG	ag_lookup.json	orphaned_tonal_mark	ἄμμεων	μμεωεν͂ς
AG	ag_lookup.json	orphaned_tonal_mark	μονοφαγίστατον	μονοφ́αγις
AG	ag_lookup.json	orphaned_tonal_mark	μορξάμενοι	μορ́σσω
AG	ag_lookup.json	orphaned_tonal_mark	μωμοσκοπηθὲν	μωμοσκοπ́ληω
AG	ag_lookup.json	orphaned_tonal_mark	ἐνδεικνυμένον	νδεικν́υνυμι
AG	ag_lookup.json	orphaned_tonal_mark	νεσταλμένα	νεσ́λλω
AG	ag_lookup.json	orphaned_tonal_mark	νενόμενον	νν́γομαι
AG	ag_lookup.json	orphaned_tonal_mark	ἐξομοιωθῆ	ξεομοιωθ͂υμι
AG	ag_lookup.json	orphaned_tonal_mark	ἐξηγσάμεθα	ξηγ́ζω
AG	ag_lookup.json	orphaned_tonal_mark	ξηρόταταν	ξηρ͂αν
AG	ag_lookup.json	orphaned_tonal_mark	ξυγκρήσιος	ξυγκρ́ασις
AG	ag_lookup.json	orphaned_tonal_mark	ξυρανθῆναι	ξυραν́ͅζω
AG	ag_lookup.json	orphaned_tonal_mark	δστέον	οδ͂δα
AG	ag_lookup.json	orphaned_tonal_mark	τουτοδὶ	ουτοδ̔́ς
AG	ag_lookup.json	orphaned_tonal_mark	οἴκημι	οἰκμ́ω
AG	ag_lookup.json	orphaned_tonal_mark	οὐρέους	οὐρ́ειος
AG	ag_lookup.json	orphaned_tonal_mark	πιλαμένας	π́ιλημι
AG	ag_lookup.json	orphaned_tonal_mark	πλείονων	π́λυος
AG	ag_lookup.json	orphaned_tonal_mark	πάθηθε	παθηθ́ω
AG	ag_lookup.json	orphaned_tonal_mark	παραλημφθείη	παραλημ́πω
AG	ag_lookup.json	orphaned_tonal_mark	παραμᾶκες	παραμαιδ͂κεσκω
AG	ag_lookup.json	orphaned_tonal_mark	παρήμπισχεν	παραμπισ́σσω
AG	ag_lookup.json	orphaned_tonal_mark	παρηρτημένοις	παραρτ́ληω
AG	ag_lookup.json	orphaned_tonal_mark	παρατετυχότα	παρατετ́ουχε
AG	ag_lookup.json	orphaned_tonal_mark	παριμένοντος	παριμεπ́ω
AG	ag_lookup.json	orphaned_tonal_mark	παρωξυμένων	παρωξ́ομαι
AG	ag_lookup.json	orphaned_tonal_mark	παυσώμαθε	παυσωμαθ́νω
AG	ag_lookup.json	orphaned_tonal_mark	παχυτριχώτερα	παχυτρ́ϊχος
AG	ag_lookup.json	orphaned_tonal_mark	πεισθῆς	πεισ́ςζω
AG	ag_lookup.json	orphaned_tonal_mark	ἐπείταδε	πειταδ́ω
AG	ag_lookup.json	orphaned_tonal_mark	πενταπλασιάσαντος	πεντ́-απλασιάννυμι
AG	ag_lookup.json	orphaned_tonal_mark	περαθέμην	περαθ́ημι
AG	ag_lookup.json	orphaned_tonal_mark	περιεσπένδον	περιεσπανδ́ω
AG	ag_lookup.json	orphaned_tonal_mark	πεφλέχθαι	πεφ́γω
AG	ag_lookup.json	orphaned_tonal_mark	πεφλεγμένη	πεφ́γω
AG	ag_lookup.json	orphaned_tonal_mark	πεφιλάμενον	πεφ́λλω
AG	ag_lookup.json	orphaned_tonal_mark	παγξείνου	πηγξ́εινος
AG	ag_lookup.json	orphaned_tonal_mark	ἐπηχλυμένης	πηχλ́υςυμι
AG	ag_lookup.json	orphaned_tonal_mark	πίνουσίτε	πινουσιτ́ω
AG	ag_lookup.json	orphaned_tonal_mark	πινεῦντς	πινς́ω
AG	ag_lookup.json	orphaned_tonal_mark	πεπιστευσκότες	πιπιστευσ́σκω
AG	ag_lookup.json	orphaned_tonal_mark	πλεννωδέστατα	πλεννωδ͂ος
AG	ag_lookup.json	orphaned_tonal_mark	ἐπλήμμυρε	πλημμυρ́ω
AG	ag_lookup.json	orphaned_tonal_mark	ποθλίβειν	ποθλ́ͅβω
AG	ag_lookup.json	orphaned_tonal_mark	ποιμανθησόμεθα	ποιμαν́ͅζω
AG	ag_lookup.json	orphaned_tonal_mark	ποιολύμενοι	ποιολ́ομαι
AG	ag_lookup.json	orphaned_tonal_mark	πορρώτερα	πορ́ρος
AG	ag_lookup.json	orphaned_tonal_mark	πουλυτελέστατα	πουλυτελ͂ος
AG	ag_lookup.json	orphaned_tonal_mark	πουλυχρονιώτεραι	πουλυχ́ρονιος
AG	ag_lookup.json	orphaned_tonal_mark	περυραμένης	πρ́γυρομαι
AG	ag_lookup.json	orphaned_tonal_mark	προυργιαίτατον	πρ́ουργιος
AG	ag_lookup.json	orphaned_tonal_mark	πραμνίοις	πραμ́νιος
AG	ag_lookup.json	orphaned_tonal_mark	πραθένται	πρεθεν́
AG	ag_lookup.json	orphaned_tonal_mark	προγεγρμμένοις	προγεγ́γρμμαι
AG	ag_lookup.json	orphaned_tonal_mark	προγεγενμένων	προγεγν́ημι
AG	ag_lookup.json	orphaned_tonal_mark	προειδοῦσα	προειδ́ειμι
AG	ag_lookup.json	orphaned_tonal_mark	προεκκεκαθαρμένης	προεκκεκαθαρ́ννυμι
AG	ag_lookup.json	orphaned_tonal_mark	προκεκαθαρμένης	προκεκαθαρ́ννυμι
AG	ag_lookup.json	orphaned_tonal_mark	προσαγγελέντων	προσαγγελ́ημι
AG	ag_lookup.json	orphaned_tonal_mark	προσενήνεγκτο	προσενανεγ́σσω
AG	ag_lookup.json	orphaned_tonal_mark	προσενεγκτέον	προσενεγ́γω
AG	ag_lookup.json	orphaned_tonal_mark	προσεπτυσμένοις	προσεπτ́γυσμαι
AG	ag_lookup.json	orphaned_tonal_mark	προτέτρεψαι	προτετρ́επω
AG	ag_lookup.json	orphaned_tonal_mark	προωδοπεποίηκε	προωδοπιποιηκ́ω
AG	ag_lookup.json	orphaned_tonal_mark	προωρισμένῃ	προωρ́γισμαι
AG	ag_lookup.json	orphaned_tonal_mark	πρᾳΰνοντα	πρᾳϋπ́ω
AG	ag_lookup.json	orphaned_tonal_mark	πτυάλοισι	πτ́υαλον
AG	ag_lookup.json	orphaned_tonal_mark	πτόντων	πτ́ων
AG	ag_lookup.json	orphaned_tonal_mark	ρομένου	ρ́ω
AG	ag_lookup.json	orphaned_tonal_mark	ρόντων	ρ́ων
AG	ag_lookup.json	orphaned_tonal_mark	ρ’ξύτατος	ρ͂’ξυς
AG	ag_lookup.json	orphaned_tonal_mark	ρέγχεις	ρετ́γχω
AG	ag_lookup.json	orphaned_tonal_mark	περιγιγραμμένῳ	ριγιγραμ́ω
AG	ag_lookup.json	orphaned_tonal_mark	ἐρριμένον	ρρ́ινυμι
AG	ag_lookup.json	orphaned_tonal_mark	σεσσμένον	σ́ͅζω
AG	ag_lookup.json	orphaned_tonal_mark	σμένα	σ́ω
AG	ag_lookup.json	orphaned_tonal_mark	σμένον	σ́ω
AG	ag_lookup.json	orphaned_tonal_mark	σανθέντες	σαν́ͅζω
AG	ag_lookup.json	orphaned_tonal_mark	σανθεῖσι	σαν́ͅζω
AG	ag_lookup.json	orphaned_tonal_mark	σαπφίρου	σαπ́φιρος
AG	ag_lookup.json	orphaned_tonal_mark	σεσημμένην	σημ́ω
AG	ag_lookup.json	orphaned_tonal_mark	σκιρρωθῶσι	σκιιμρρ́ͅωκω
AG	ag_lookup.json	orphaned_tonal_mark	σκιρροῦσθαί	σκιρ́-ρόω
AG	ag_lookup.json	orphaned_tonal_mark	σκιρροῦσθαι	σκιρ́-ρόω
AG	ag_lookup.json	orphaned_tonal_mark	σνῶν	σν́ο
AG	ag_lookup.json	orphaned_tonal_mark	σεσησμένῃ	σσ́γησμαι
AG	ag_lookup.json	orphaned_tonal_mark	στρεβλέοντας	στ́ρ-εἰβλέω
AG	ag_lookup.json	orphaned_tonal_mark	στίκτοις	στ́ϊκτος
AG	ag_lookup.json	orphaned_tonal_mark	στάνων	σταπ́ω
AG	ag_lookup.json	orphaned_tonal_mark	στερνοκτυπούσης	στερνοκτ́υπω
AG	ag_lookup.json	orphaned_tonal_mark	συνέμαχουν	συγγιμαχουν́σκω
AG	ag_lookup.json	orphaned_tonal_mark	συμπεπέρασται	συμπεπιρασ́σκω
AG	ag_lookup.json	orphaned_tonal_mark	συμπεφλέχθαι	συμπεφ́γω
AG	ag_lookup.json	orphaned_tonal_mark	ξύνιον	συν́ιω
AG	ag_lookup.json	orphaned_tonal_mark	συνῷκει	συν͂οικε
AG	ag_lookup.json	orphaned_tonal_mark	συναμφστέρων	συναμφσ́ς
AG	ag_lookup.json	orphaned_tonal_mark	συνεθηστέρου	συνεθησ́ς
AG	ag_lookup.json	orphaned_tonal_mark	συνεξεσμένα	συνεξσ́ημι
AG	ag_lookup.json	orphaned_tonal_mark	συνεσρεύσαντες	συνεσρ́-εύω
AG	ag_lookup.json	orphaned_tonal_mark	συνεφλέχθαι	συνεφ́γω
AG	ag_lookup.json	orphaned_tonal_mark	συνεζήκει	συνζ́ημι
AG	ag_lookup.json	orphaned_tonal_mark	συνηνεγμένων	συνηνγ́ημι
AG	ag_lookup.json	orphaned_tonal_mark	συνσεσημμένης	συνσεσημ́ννυμι
AG	ag_lookup.json	orphaned_tonal_mark	συντιθιμένου	συντιθ́ζομαι
AG	ag_lookup.json	orphaned_tonal_mark	συνεξηλελαμένον	συξηλελ́γαω
AG	ag_lookup.json	orphaned_tonal_mark	συστάτῳ	συσ́ς
AG	ag_lookup.json	orphaned_tonal_mark	συνέσφιγκται	συσφιγ́γνυμι
AG	ag_lookup.json	orphaned_tonal_mark	σχαμάτων	σχ͂αμα
AG	ag_lookup.json	orphaned_tonal_mark	ἐσώθεν	σωθ́σκω
AG	ag_lookup.json	orphaned_tonal_mark	τεῖται	τ́ζομαι
AG	ag_lookup.json	orphaned_tonal_mark	τὸτὴν	τ́οτος
AG	ag_lookup.json	orphaned_tonal_mark	ἐτέτυκο	τ́υκω
AG	ag_lookup.json	orphaned_tonal_mark	τόντων	τ́ων
AG	ag_lookup.json	orphaned_tonal_mark	ταάτην	τ̈́αατος
AG	ag_lookup.json	orphaned_tonal_mark	τέθλιφε	ταθλ́λφω
AG	ag_lookup.json	orphaned_tonal_mark	ταρφὺς	ταρφψ́ς
AG	ag_lookup.json	orphaned_tonal_mark	ταυτηνδὶ	ταυτανδ́ς
AG	ag_lookup.json	orphaned_tonal_mark	ταυταισὶ	ταυτηισ́ς
AG	ag_lookup.json	orphaned_tonal_mark	ταχύτατι	ταχυτατ́ς
AG	ag_lookup.json	orphaned_tonal_mark	ἐτέθεν	τεθ́σκω
AG	ag_lookup.json	orphaned_tonal_mark	τετρατώδεις	τετρ́ατος
AG	ag_lookup.json	orphaned_tonal_mark	τετραχυμένων	τετραχ́ω
AG	ag_lookup.json	orphaned_tonal_mark	ἕτερι	τεῥ͂ι
AG	ag_lookup.json	orphaned_tonal_mark	τηλικαυτησί	τηλικαυτησ́ς
AG	ag_lookup.json	orphaned_tonal_mark	τηλικουτονί	τηλικουτον́ς
AG	ag_lookup.json	orphaned_tonal_mark	τηλικουτονὶ	τηλικουτον́ς
AG	ag_lookup.json	orphaned_tonal_mark	τηνδεδί	τηνδεδ́ς
AG	ag_lookup.json	orphaned_tonal_mark	τηνδεδὶ	τηνδεδ́ς
AG	ag_lookup.json	orphaned_tonal_mark	ταρὰ	τηρ́
AG	ag_lookup.json	orphaned_tonal_mark	ἐτέθλαστο	τιθλασ́ͅσκω
AG	ag_lookup.json	orphaned_tonal_mark	τοιασδὶ	τοασδ́ς
AG	ag_lookup.json	orphaned_tonal_mark	τοιαυτησὶ	τοαυτησ́ς
AG	ag_lookup.json	orphaned_tonal_mark	τοίνων	τοιπ́ω
AG	ag_lookup.json	orphaned_tonal_mark	τοιονδί	τοονδ́ς
AG	ag_lookup.json	orphaned_tonal_mark	τοιονδὶ	τοονδ́ς
AG	ag_lookup.json	orphaned_tonal_mark	τοιουσδί	τοουσδ́ς
AG	ag_lookup.json	orphaned_tonal_mark	τοιουσδὶ	τοουσδ́ς
AG	ag_lookup.json	orphaned_tonal_mark	τοιουτονί	τοουτον́ς
AG	ag_lookup.json	orphaned_tonal_mark	τοιουτονὶ	τοουτον́ς
AG	ag_lookup.json	orphaned_tonal_mark	τοισδεδὶ	τοσδεδ́ς
AG	ag_lookup.json	orphaned_tonal_mark	τοσουτονί	τοσουτον́ς
AG	ag_lookup.json	orphaned_tonal_mark	τοσουτονὶ	τοσουτον́ς
AG	ag_lookup.json	orphaned_tonal_mark	τουτοινὶ	τουτοιν́ς
AG	ag_lookup.json	orphaned_tonal_mark	τουτονγὶ	τουτον́ξ
AG	ag_lookup.json	orphaned_tonal_mark	τουτουμενὶ	τουτουμεν́ς
AG	ag_lookup.json	orphaned_tonal_mark	τοιῳδὶ	τοῳδ́ς
AG	ag_lookup.json	orphaned_tonal_mark	τρηχείην	τραχ́ειος
AG	ag_lookup.json	orphaned_tonal_mark	τρηχείων	τραχ́ειος
AG	ag_lookup.json	orphaned_tonal_mark	τριγχίων	τριγ́χιον
AG	ag_lookup.json	orphaned_tonal_mark	τρισκαιδεκαταίων	τρισκαιδεκατ́αιοι
AG	ag_lookup.json	orphaned_tonal_mark	τρισκαιδεκήρει	τρισκαιδεκερ͂ες
AG	ag_lookup.json	orphaned_tonal_mark	τριτοίοις	τριτ́οιοι
AG	ag_lookup.json	orphaned_tonal_mark	ἐτυπτήθη	τυπ́ταμαι
AG	ag_lookup.json	orphaned_tonal_mark	φανερωτέρως	φανερ͂ως
AG	ag_lookup.json	orphaned_tonal_mark	πεφαρμαγμένῳ	φαρμαγ́ω
AG	ag_lookup.json	orphaned_tonal_mark	φυγὲ	φευγ́υμι
AG	ag_lookup.json	orphaned_tonal_mark	φθέρσας	φθ́ρημι
AG	ag_lookup.json	orphaned_tonal_mark	ἐφίλαθεν	φιλαθ́σκω
AG	ag_lookup.json	orphaned_tonal_mark	φιλοπραγμονέστερον	φιλοπραγ́μων
AG	ag_lookup.json	orphaned_tonal_mark	φλεγμῃνάντων	φλ́μεγμῃνημι
AG	ag_lookup.json	orphaned_tonal_mark	φλεβὲς	φλεβ́ς
AG	ag_lookup.json	orphaned_tonal_mark	ἐφλέγμῃνε	φλεγμῃν́ω
AG	ag_lookup.json	orphaned_tonal_mark	φνίνου	φν́ϊνον
AG	ag_lookup.json	orphaned_tonal_mark	πεφοινιγμένας	φοινιγ́ω
AG	ag_lookup.json	orphaned_tonal_mark	φρμάκοισιν	φρ́μακον
AG	ag_lookup.json	orphaned_tonal_mark	φρενετίζοντι	φρενετ́ͅζω
AG	ag_lookup.json	orphaned_tonal_mark	φυλαττό	φυλαττ́υμι
AG	ag_lookup.json	orphaned_tonal_mark	φωγνύμενον	φωγ́νυμι
AG	ag_lookup.json	orphaned_tonal_mark	κέχαγκα	χαγ́νω
AG	ag_lookup.json	orphaned_tonal_mark	χορεύων’	χορευν́αν’ω
AG	ag_lookup.json	orphaned_tonal_mark	χρῶτο	χρ́ομαω
AG	ag_lookup.json	orphaned_tonal_mark	χρῶτό	χρ́ομαω
AG	ag_lookup.json	orphaned_tonal_mark	κέχρωται	χρ́ωω
AG	ag_lookup.json	orphaned_tonal_mark	χραμάτων	χρ͂αμα
AG	ag_lookup.json	orphaned_tonal_mark	χρῶνταιδὲ	χρωοτ͂νιδω
AG	ag_lookup.json	orphaned_tonal_mark	ἐχρώ	χρωσ́
AG	ag_lookup.json	orphaned_tonal_mark	χἁλίκα	χἁλ́ͅκος
AG	ag_lookup.json	orphaned_tonal_mark	ψήσσῃ	ψ́ησσα
AG	ag_lookup.json	orphaned_tonal_mark	ψευδαλαζόσιν	ψευδαλ́αζα
AG	ag_lookup.json	orphaned_tonal_mark	ψλεψὶ	ψλεψ́
AG	ag_lookup.json	orphaned_tonal_mark	ἀλλόμενος	ἀαιρλ́ω
AG	ag_lookup.json	orphaned_tonal_mark	ἠβουλήθεν	ἀβουλαθν́σκω
AG	ag_lookup.json	orphaned_tonal_mark	ἀγχινούστατος	ἀγ́χινους
AG	ag_lookup.json	orphaned_tonal_mark	ἀγχινουστάτῳ	ἀγχινουσ́ς
AG	ag_lookup.json	orphaned_tonal_mark	ἀδρυνθέντος	ἀδρυν́ͅζω
AG	ag_lookup.json	orphaned_tonal_mark	ἀεθλάρχων	ἀεθ́λαρχος
AG	ag_lookup.json	orphaned_tonal_mark	ἀκολαστητέον	ἀκολαεσ͂μι
AG	ag_lookup.json	orphaned_tonal_mark	ἀμέμικτ’	ἀμαγιμικ́σκω
AG	ag_lookup.json	orphaned_tonal_mark	ἠμάλαψε	ἀμαλαψ́ω
AG	ag_lookup.json	orphaned_tonal_mark	ἀμελχθῇ	ἀμελ́γνυμι
AG	ag_lookup.json	orphaned_tonal_mark	ἀμελχθησομένους	ἀμελ́γω
AG	ag_lookup.json	orphaned_tonal_mark	ἀμελχθησόμενα	ἀμελ́γω
AG	ag_lookup.json	orphaned_tonal_mark	ἀμελχθὲν	ἀμελ́γω
AG	ag_lookup.json	orphaned_tonal_mark	ἀμελχθῆναι	ἀμελ́γω
AG	ag_lookup.json	orphaned_tonal_mark	ἀμελχθεῖσα	ἀμελ́ττω
AG	ag_lookup.json	orphaned_tonal_mark	ἤμεσί	ἀμεσ́ω
AG	ag_lookup.json	orphaned_tonal_mark	ἠμπέσχον	ἀμπεσχ́ω
AG	ag_lookup.json	orphaned_tonal_mark	ἀμειγῆ	ἀμυγ͂
AG	ag_lookup.json	orphaned_tonal_mark	ἀνεωγότος	ἀν́εγυμι
AG	ag_lookup.json	orphaned_tonal_mark	ἀνθέμιδος	ἀν́θεμις
AG	ag_lookup.json	orphaned_tonal_mark	ἀναβεβιβακέναι	ἀναβεβιβακ́ημι
AG	ag_lookup.json	orphaned_tonal_mark	ἀνεκάθαρεν	ἀνακαθ́ͅαρω
AG	ag_lookup.json	orphaned_tonal_mark	ἀνεκεκάθαρτο	ἀνακαθαρ́ω
AG	ag_lookup.json	orphaned_tonal_mark	ἀνακλάγξαντες	ἀνακλαρ́γγνυμι
AG	ag_lookup.json	orphaned_tonal_mark	ἀναλημφθέν	ἀναλημ́πτω
AG	ag_lookup.json	orphaned_tonal_mark	ἀναλημφθὲν	ἀναλημ́πτω
AG	ag_lookup.json	orphaned_tonal_mark	ἀναξιβρόντας	ἀναξιβ́ρω
AG	ag_lookup.json	orphaned_tonal_mark	ἀνεπλώεσκον	ἀναπλωεσ́κω
AG	ag_lookup.json	orphaned_tonal_mark	ἀνέτρεψεν’	ἀνατρεψεν’͂ναι
AG	ag_lookup.json	orphaned_tonal_mark	ἀνελάμψεν	ἀνελαμ́πτω
AG	ag_lookup.json	orphaned_tonal_mark	ἀνορθωκόσιν	ἀνορθ́ωκα
AG	ag_lookup.json	orphaned_tonal_mark	ἀντετείνοντές	ἀντετ́ͅνω
AG	ag_lookup.json	orphaned_tonal_mark	ἀντιτειαγμένος	ἀντιιαγ́ομαι
AG	ag_lookup.json	orphaned_tonal_mark	ἀντικαταδέδυκσε	ἀντικαταδαδυκ́ννυμι
AG	ag_lookup.json	orphaned_tonal_mark	ἀξιοτιμοτάτου	ἀξιοτιμ͂ος
AG	ag_lookup.json	orphaned_tonal_mark	ἀπνούστατός	ἀπ́νους
AG	ag_lookup.json	orphaned_tonal_mark	ἀπνόντων	ἀπ́νω
AG	ag_lookup.json	orphaned_tonal_mark	ἀπολεσθησομένους	ἀπ́ολομαι
AG	ag_lookup.json	orphaned_tonal_mark	ἀπαγμόνων	ἀπαγ́μων
AG	ag_lookup.json	orphaned_tonal_mark	ἀπήμβλυται	ἀπαμβλ́λυω
AG	ag_lookup.json	orphaned_tonal_mark	ἀπελίπαμεν	ἀπελλ́γω
AG	ag_lookup.json	orphaned_tonal_mark	ἀπογλυκανθέντες	ἀπογλυκαν́ͅζω
AG	ag_lookup.json	orphaned_tonal_mark	ἀποδειχθή	ἀποδειχθ́ω
AG	ag_lookup.json	orphaned_tonal_mark	ἀποδπτχθῆναι	ἀποδπτ́γω
AG	ag_lookup.json	orphaned_tonal_mark	ἀποκεκαθαρμένοι	ἀποκεκαθαρ́ω
AG	ag_lookup.json	orphaned_tonal_mark	ἀποκτειννύμενος	ἀποκτειν́νυμαι
AG	ag_lookup.json	orphaned_tonal_mark	ἀπομορχθεὶς	ἀπομορ́γω
AG	ag_lookup.json	orphaned_tonal_mark	ἀποπεμπτέα	ἀποπεμπ́ω
AG	ag_lookup.json	orphaned_tonal_mark	ἀπεπνιγῆ	ἀποπενιγ͂υμι
AG	ag_lookup.json	orphaned_tonal_mark	ἀποπνιξεῖσθέ	ἀποπνιξ́ζομαι
AG	ag_lookup.json	orphaned_tonal_mark	ἀποσυρρέντων	ἀποσυρρ́ημι
AG	ag_lookup.json	orphaned_tonal_mark	ἀποσχοληθέντα	ἀποσχολ́ω
AG	ag_lookup.json	orphaned_tonal_mark	ἀποφῄνωμεν	ἀποφν́ρχομαω
AG	ag_lookup.json	orphaned_tonal_mark	ἀπῄραν	ἀπρ́ρχομαα
AG	ag_lookup.json	orphaned_tonal_mark	ἀπεκταμμένων	ἀπό-κταμ́ω
AG	ag_lookup.json	orphaned_tonal_mark	ἀρχέει	ἀρ́λχω
AG	ag_lookup.json	orphaned_tonal_mark	ἀρειστέρῃσιν	ἀρεισ́τερος
AG	ag_lookup.json	orphaned_tonal_mark	ἀρρέσιν	ἀρρ́ες
AG	ag_lookup.json	orphaned_tonal_mark	ἀρσσκόμενοι	ἀρσ́ͅσκω
AG	ag_lookup.json	orphaned_tonal_mark	ἀρτηριοτμηθέντες	ἀρτηριοτ́μω
AG	ag_lookup.json	orphaned_tonal_mark	ἀσχέτουτε	ἀσχ́τωυ
AG	ag_lookup.json	orphaned_tonal_mark	ἀφίεναι	ἀφ́ερχομαι
AG	ag_lookup.json	orphaned_tonal_mark	ἀφιένα	ἀφ́ιι
AG	ag_lookup.json	orphaned_tonal_mark	ἀφηλπικὼς	ἀφαλπ́λιω
AG	ag_lookup.json	orphaned_tonal_mark	ἀφελχθείη	ἀφελ́γω
AG	ag_lookup.json	orphaned_tonal_mark	ἀχρούστατόν	ἀχ́ροος
AG	ag_lookup.json	orphaned_tonal_mark	ἀχρουστέρα	ἀχ́ρους
AG	ag_lookup.json	orphaned_tonal_mark	ἁλισκομένοι	ἁλισκ́ομαι
AG	ag_lookup.json	orphaned_tonal_mark	ἁμαρτήνων	ἁμαρτηπ́ω
AG	ag_lookup.json	orphaned_tonal_mark	Ἀγγὶ	Ἀγ́ξ
AG	ag_lookup.json	orphaned_tonal_mark	Ἀζενὶ	Ἀζεν́ς
AG	ag_lookup.json	orphaned_tonal_mark	Ἀλεξανδρείους	Ἀλεξανδρ́ειος
AG	ag_lookup.json	orphaned_tonal_mark	Ἀσωπιάδες	Ἀσ́ωπιος
AG	ag_lookup.json	orphaned_tonal_mark	ἐγκατελίπατε	ἐγκατελλ́γω
AG	ag_lookup.json	orphaned_tonal_mark	ἐγκλινέστερα	ἐγκλιν͂ος
AG	ag_lookup.json	orphaned_tonal_mark	ἐγκρατί	ἐγκρατ́ς
AG	ag_lookup.json	orphaned_tonal_mark	ἐλεγέ	ἐγλλυμ́
AG	ag_lookup.json	orphaned_tonal_mark	ἐγχριμπτούσας	ἐγχριμ́ͅπτω
AG	ag_lookup.json	orphaned_tonal_mark	ἐγχωσθήσεται	ἐγχωσ́ͅζω
AG	ag_lookup.json	orphaned_tonal_mark	ἐδυνά	ἐδυν́μαι
AG	ag_lookup.json	orphaned_tonal_mark	ἔπέζευκται	ἐεζευκ́ννυμι
AG	ag_lookup.json	orphaned_tonal_mark	ἑτομένων	ἐετ́ω
AG	ag_lookup.json	orphaned_tonal_mark	ἐκκεκαθαρμένα	ἐκ́κεκαθαρμι
AG	ag_lookup.json	orphaned_tonal_mark	ἐξέλθη	ἐκ́λω
AG	ag_lookup.json	orphaned_tonal_mark	ἐκσχηκέναι	ἐκ́χω
AG	ag_lookup.json	orphaned_tonal_mark	ἐκείηνς	ἐκείηνες͂ς
AG	ag_lookup.json	orphaned_tonal_mark	ἐκθλιβέντων	ἐκθλιβ́ημι
AG	ag_lookup.json	orphaned_tonal_mark	ἐξεκάθ	ἐκκαθ́ω
AG	ag_lookup.json	orphaned_tonal_mark	ἐκκρεμανῦντα	ἐκκρεμαν́ω
AG	ag_lookup.json	orphaned_tonal_mark	ἐκκυμανθεῖσαν	ἐκκυμαν́ͅζω
AG	ag_lookup.json	orphaned_tonal_mark	ἐκπυΐσκωσιν	ἐκπ́-υΐσκω
AG	ag_lookup.json	orphaned_tonal_mark	ἐξεπόνασας	ἐκπονασας́ω
AG	ag_lookup.json	orphaned_tonal_mark	ἐκπρολιπγοῦσα	ἐκπρολιπγ́ειμι
AG	ag_lookup.json	orphaned_tonal_mark	ἐξερεύξαιντο	ἐκριυγ́ξαιμαι
AG	ag_lookup.json	orphaned_tonal_mark	ἐκτεθηλυμένῳ	ἐκτεθηλ́ω
AG	ag_lookup.json	orphaned_tonal_mark	ἐκτένοντες	ἐκτεπ́ω
AG	ag_lookup.json	orphaned_tonal_mark	ἐκτέραπται	ἐκτιραπ́σκω
AG	ag_lookup.json	orphaned_tonal_mark	ἐλὼν	ἐλ́ειμι
AG	ag_lookup.json	orphaned_tonal_mark	ἐλσὼν	ἐλσ́ειμι
AG	ag_lookup.json	orphaned_tonal_mark	ἐμβολὼν	ἐμ́-βλῴσκω
AG	ag_lookup.json	orphaned_tonal_mark	ἔμβκλε	ἐμβκ́λω
AG	ag_lookup.json	orphaned_tonal_mark	ἐμβραχέντων	ἐμβραχ́ημι
AG	ag_lookup.json	orphaned_tonal_mark	ἐμπεπτωκένει	ἐμπεπτωκεπ́ω
AG	ag_lookup.json	orphaned_tonal_mark	ἐμπιπλεὶς	ἐμπιπλ́ημι
AG	ag_lookup.json	orphaned_tonal_mark	ἐμπλαστῶδες	ἐμπλαστωιδ͂δεσκω
AG	ag_lookup.json	orphaned_tonal_mark	ἐναπομορχθείσης	ἐναπομορ́γω
AG	ag_lookup.json	orphaned_tonal_mark	ἐνδεικυμένη	ἐνδεικ́ομαι
AG	ag_lookup.json	orphaned_tonal_mark	ἐξῇρα	ἐξ͂ραμι
AG	ag_lookup.json	orphaned_tonal_mark	ἐξημελγμένον	ἐξαμελ́λγω
AG	ag_lookup.json	orphaned_tonal_mark	ἐξηρθρηκός	ἐξαρθρ́ληο
AG	ag_lookup.json	orphaned_tonal_mark	ἐξηρθρηκὸς	ἐξαρθρ́ληο
AG	ag_lookup.json	orphaned_tonal_mark	ἐξολογεῖσθε	ἐξολογ́ζομαι
AG	ag_lookup.json	orphaned_tonal_mark	ἐξομολγησόμεθα	ἐξομολ́σσω
AG	ag_lookup.json	orphaned_tonal_mark	ἐπῇρα	ἐπ͂ραμι
AG	ag_lookup.json	orphaned_tonal_mark	ἐπαυχμήεις	ἐπαυχμ́εις
AG	ag_lookup.json	orphaned_tonal_mark	ἐπαφίεναι	ἐπαφ́ερχομαι
AG	ag_lookup.json	orphaned_tonal_mark	ἐπενήνεγκται	ἐπενανεγ́σσω
AG	ag_lookup.json	orphaned_tonal_mark	ἐπευκτέα	ἐπευκ́ω
AG	ag_lookup.json	orphaned_tonal_mark	ἐπηνώρθωται	ἐπηνορθ́ωω
AG	ag_lookup.json	orphaned_tonal_mark	ἐπιβιὸν	ἐπιβ́ιειμι
AG	ag_lookup.json	orphaned_tonal_mark	ἐπέβραχον	ἐπιβραχ́ω
AG	ag_lookup.json	orphaned_tonal_mark	ἐπέμψε	ἐπιμ́πω
AG	ag_lookup.json	orphaned_tonal_mark	ἐπεπλήμμυρε	ἐπιπλημμυρ́ω
AG	ag_lookup.json	orphaned_tonal_mark	ἐρέθοντες	ἐρ ́εθω
AG	ag_lookup.json	orphaned_tonal_mark	ἐρέθουσα	ἐρ ́εθω
AG	ag_lookup.json	orphaned_tonal_mark	ἤρεθον	ἐρ ́εθω
AG	ag_lookup.json	orphaned_tonal_mark	ἤρεθε	ἐρ́εθω
AG	ag_lookup.json	orphaned_tonal_mark	ἐρραστωνεῦσθαι	ἐρρ́-αστωνέω
AG	ag_lookup.json	orphaned_tonal_mark	’ἔρρε	ἐρρ́ω
AG	ag_lookup.json	orphaned_tonal_mark	ἔρχι	ἐρχ́ω
AG	ag_lookup.json	orphaned_tonal_mark	εἰσῆλ	ἐσομ͂λ
AG	ag_lookup.json	orphaned_tonal_mark	ἐστῖν	ἐστ́ω
AG	ag_lookup.json	orphaned_tonal_mark	ἔστορι	ἐστορ́ρχομαι
AG	ag_lookup.json	orphaned_tonal_mark	ἔστωταν	ἐστων́νω
AG	ag_lookup.json	orphaned_tonal_mark	ἐφρανθησόμεθα	ἐφραν́ͅζω
AG	ag_lookup.json	orphaned_tonal_mark	ἐχθροῦς	ἐχθ́ρεος
AG	ag_lookup.json	orphaned_tonal_mark	ἱδὼν	ἑδ́ρχομαι
AG	ag_lookup.json	orphaned_tonal_mark	ἑς	ἑες͂ς
AG	ag_lookup.json	orphaned_tonal_mark	ἑλχθῇ	ἑλ́γνυμι
AG	ag_lookup.json	orphaned_tonal_mark	ἑλχθέν	ἑλ́γω
AG	ag_lookup.json	orphaned_tonal_mark	ἑλχθέντες	ἑλ́γω
AG	ag_lookup.json	orphaned_tonal_mark	ἑλχθὲν	ἑλ́γω
AG	ag_lookup.json	orphaned_tonal_mark	ἑλχθῆναι	ἑλ́σκω
AG	ag_lookup.json	orphaned_tonal_mark	ἑλχθέντος	ἑλ́ττω
AG	ag_lookup.json	orphaned_tonal_mark	ἑλχθεῖσα	ἑλ́ττω
AG	ag_lookup.json	orphaned_tonal_mark	ἑλχθεῖσαν	ἑλ́ττω
AG	ag_lookup.json	orphaned_tonal_mark	ἑλχθεῖσι	ἑλχ́ͅζω
AG	ag_lookup.json	orphaned_tonal_mark	ἑρχθῇ	ἑρ́γνυμι
AG	ag_lookup.json	orphaned_tonal_mark	ἑρχθέντας	ἑρ́γω
AG	ag_lookup.json	orphaned_tonal_mark	ἑρχθέντες	ἑρ́γω
AG	ag_lookup.json	orphaned_tonal_mark	ἑρχθεὶς	ἑρ́γω
AG	ag_lookup.json	orphaned_tonal_mark	ἑρχθὲν	ἑρ́γω
AG	ag_lookup.json	orphaned_tonal_mark	εἵρπυζον	ἑρπυζ́ω
AG	ag_lookup.json	orphaned_tonal_mark	Ἐμμώρου	Ἐμ́μωρος
AG	ag_lookup.json	orphaned_tonal_mark	Ἐρασιτράτου	Ἐρασ́ιτρατος
AG	ag_lookup.json	orphaned_tonal_mark	Ἐρεβοίας	Ἐρεβ́οιος
AG	ag_lookup.json	orphaned_tonal_mark	Ἑρμοπτσλέμου	Ἑρμοπτσ́λεμος
AG	ag_lookup.json	orphaned_tonal_mark	ἠνεῳγμέναις	ἠναις́γνυμι
AG	ag_lookup.json	orphaned_tonal_mark	ἠνοιγμένη	ἠνοιγ́ννυμι
AG	ag_lookup.json	orphaned_tonal_mark	ἠνοιγμέναις	ἠνοιγ͂μαι
AG	ag_lookup.json	orphaned_tonal_mark	ἠνεῳγμένοις	ἠνοις́γνυμι
AG	ag_lookup.json	orphaned_tonal_mark	ἠνεῳγμένους	ἠνους́γνυμι
AG	ag_lookup.json	orphaned_tonal_mark	ἠπειλημμένοις	ἠπό-ιλημ́ω
AG	ag_lookup.json	orphaned_tonal_mark	ἡλίοα	ἡλ́ͅοος
AG	ag_lookup.json	orphaned_tonal_mark	ἡρματισμέμη	ἡρματισ́μμημι
AG	ag_lookup.json	orphaned_tonal_mark	ἡσυχέστερά	ἡσυχ͂ος
AG	ag_lookup.json	orphaned_tonal_mark	’ἴδε	ἰδ́ω
AG	ag_lookup.json	orphaned_tonal_mark	ἰσχυρότα	ἰσχ́ουρε
AG	ag_lookup.json	orphaned_tonal_mark	ἰήτρεύοντας	ἴη-́ἰτρευω
AG	ag_lookup.json	orphaned_tonal_mark	Ἰαμινί	Ἰαμιν́ς
AG	ag_lookup.json	orphaned_tonal_mark	Ἰαχινί	Ἰαχιν́ς
AG	ag_lookup.json	orphaned_tonal_mark	Ἰορδὰν	Ἰορεδ͂ος
AG	ag_lookup.json	orphaned_tonal_mark	ὄγκωτο	ὀγκ́ννυμω
AG	ag_lookup.json	orphaned_tonal_mark	ὀθνίας	ὀθ́νιος
AG	ag_lookup.json	orphaned_tonal_mark	ὤμοκε	ὀμοκ́ω
AG	ag_lookup.json	orphaned_tonal_mark	ὠμόμοκε	ὀμομοκ́ω
AG	ag_lookup.json	orphaned_tonal_mark	ὀσφρανθήσῃ	ὀσφρ́ανω
AG	ag_lookup.json	orphaned_tonal_mark	ὀσφρανθήσονται	ὀσφραν́ͅζω
AG	ag_lookup.json	orphaned_tonal_mark	ὀφθὴναι	ὀφ́θημι
AG	ag_lookup.json	orphaned_tonal_mark	ὁμολόγεωσι	ὁμολοιγ́γεσκω
AG	ag_lookup.json	orphaned_tonal_mark	ὁμρρούσης	ὁμρ́ρειμι
AG	ag_lookup.json	orphaned_tonal_mark	ὁνομάτων	ὁν͂ομα
AG	ag_lookup.json	orphaned_tonal_mark	ὁποινοῦν	ὁπ́οις
AG	ag_lookup.json	orphaned_tonal_mark	ὁποσαπλασιονοῦν	ὁποσαπλασ́ιος
AG	ag_lookup.json	orphaned_tonal_mark	ὅτιοῦν	ὁσ́τσιοῦν
AG	ag_lookup.json	orphaned_tonal_mark	ὕλαττον	ὑλαττ́ω
AG	ag_lookup.json	orphaned_tonal_mark	ὑπεραγαλλόμενος	ὑπέρ-ἀγαλ́λω
AG	ag_lookup.json	orphaned_tonal_mark	ὑπενόμενσα	ὑπενομεν́ω
AG	ag_lookup.json	orphaned_tonal_mark	ὑπερνηχόμενον	ὑπερν́ηχω
AG	ag_lookup.json	orphaned_tonal_mark	ὑπερφαινό	ὑπερφαιν́υμι
AG	ag_lookup.json	orphaned_tonal_mark	ὑπέστρε	ὑπισετ́ρω
AG	ag_lookup.json	orphaned_tonal_mark	ὑποθύψας	ὑποθ́ψσκω
AG	ag_lookup.json	orphaned_tonal_mark	ὑπεισχημένος	ὑποισχ́ηνυμαι
AG	ag_lookup.json	orphaned_tonal_mark	ὑπολειφόντων	ὑπολειφ́ω
AG	ag_lookup.json	orphaned_tonal_mark	ὑπερέβαλλεν’	ὑπορεβαλλεν’́ομαι
AG	ag_lookup.json	orphaned_tonal_mark	ὑποσυνηλιμμένα	ὑποσυνηλιμ́ω
AG	ag_lookup.json	orphaned_tonal_mark	ὑπεστορεσμένοις	ὑπό-στορεσ́ω
AG	ag_lookup.json	orphaned_tonal_mark	ὠλιγορηκότα	ὠλιγορ́οηκε
AG	ag_lookup.json	orphaned_tonal_mark	ᾀδόμενά	ᾀδ́ω
AG	ag_lookup.json	orphaned_tonal_mark	ᾐρκότας	ᾀρ́ζω
AG	ag_lookup.json	orphaned_tonal_mark	ᾅμα	ᾁ̈νμ́αμαι
AG	ag_lookup.json	orphaned_tonal_mark	ᾗἀδικεῖται	ᾗἀδικ́ζομαι
AG	ag_lookup.json	orphaned_tonal_mark	ᾠδίνουσα	ᾠδιπ́ω
AG	ag_lookup.json	orphaned_tonal_mark	Ἀνθρωπος	᾽́Ανθρωπος
AG	ag_lookup.json	orphaned_tonal_mark	Ὠκίμου	᾽́Ωκιμον
AG	ag_lookup.json	orphaned_tonal_mark	᾿η	῎Η
AG	ag_lookup.json	orphaned_tonal_mark	῍Η	῎Η
AG	ag_lookup.json	orphaned_tonal_mark	᾿υμμιν	῎Υμμιν
AG	ag_lookup.json	orphaned_tonal_mark	῎Υμμιν	῎Υμμιν
AG	ag_lookup.json	orphaned_tonal_mark	᾿λαβες	῎λαβε
AG	ag_lookup.json	orphaned_tonal_mark	῎λαβές	῎λαβε
AG	ag_lookup.json	orphaned_tonal_mark	᾿τεκον	῎τεκον
AG	ag_lookup.json	orphaned_tonal_mark	῎τεκον	῎τεκον
AG	ag_lookup.json	orphaned_tonal_mark	᾿εστωσαν	῎ἐστωσαν
AG	ag_lookup.json	orphaned_tonal_mark	῎ἔστωσαν	῎ἐστωσαν
AG	ag_lookup.json	orphaned_tonal_mark	῏Η	῏Η
AG	ag_lookup.json	orphaned_tonal_mark	῝Α	῞Α
AG	ag_lookup.json	orphaned_tonal_mark	῾α	῞Α
AG	ag_lookup.json	orphaned_tonal_mark	ῥρεύματος	ῥ́ρευμα
AG	ag_lookup.json	orphaned_tonal_mark	ῥυέντης	ῥ͂υτη
AG	ag_lookup.json	orphaned_tonal_mark	ῥιγέστατα	ῥιγ͂ος
AG	ag_lookup.json	orphaned_tonal_mark	ῥλθέντων	ῥλ́θημι
AG	ag_lookup.json	orphaned_tonal_mark	Ῥινοκουρούροις	Ῥ́ινοκουρουρος
AG	ag_lookup.json	orphaned_tonal_mark	Ῥωσάνδρου	Ῥ́ωσανδρος
AG	ag_lookup.json	orphaned_tonal_mark	’εἰπέ	’εεἰπ́υμι
AG	ag_lookup.json	orphaned_tonal_mark	’κείνῃ	’κ́ες
AG	ag_lookup.json	overline	·καὶ	·καί̅
AG	ag_lookup.json	overline	Α̅	Α̅
AG	ag_lookup.json	overline	Ε̅	Ε̅
AG	ag_lookup.json	overline	Ι̅	Ι̅
AG	ag_lookup.json	overline	Μιδά	Μιδά̅
AG	ag_lookup.json	overline	α̅	α̅
AG	ag_lookup.json	overline	αζω̅	αζω̅
AG	ag_lookup.json	overline	αι̅	αι̅
AG	ag_lookup.json	overline	αια̅	αια̅
AG	ag_lookup.json	overline	ανω̅	ανω̅
AG	ag_lookup.json	overline	αξ̅	αξ̅
AG	ag_lookup.json	overline	αριον̅	αριον̅
AG	ag_lookup.json	overline	αροσ̅	αροσ̅
AG	ag_lookup.json	overline	ασ̅	ασ̅
AG	ag_lookup.json	overline	αψ̅	αψ̅
AG	ag_lookup.json	overline	βα̅	βα̅ʹ
AG	ag_lookup.json	overline	βε̅	βε̅ʹ
AG	ag_lookup.json	overline	βι̅	βι̅ʹ
AG	ag_lookup.json	overline	βο̅	βο̅
AG	ag_lookup.json	overline	βυ̅	βυ̅
AG	ag_lookup.json	overline	βω̅	βω̅ʹ
AG	ag_lookup.json	overline	γυναικίζοντεσ̅	γυναικίζοντεσ̅ʹ
AG	ag_lookup.json	overline	δοσ̅	δοσ̅
AG	ag_lookup.json	overline	ε̅	ε̅
AG	ag_lookup.json	overline	ε̅ι̅	ε̅ι̅
AG	ag_lookup.json	overline	ευσ̅	ευσ̅ʹ
AG	ag_lookup.json	overline	εἴτα	εἴτα̅
AG	ag_lookup.json	overline	ζε̅	ζε̅
AG	ag_lookup.json	overline	ζω̅	ζω̅
AG	ag_lookup.json	overline	η̅	η̅
AG	ag_lookup.json	overline	η̅σ̅	η̅σ̅
AG	ag_lookup.json	overline	θα̅	θα̅ʹ
AG	ag_lookup.json	overline	ι̅	ι̅
AG	ag_lookup.json	overline	ιμοσ̅	ιμοσ̅
AG	ag_lookup.json	overline	ινη̅	ινη̅
AG	ag_lookup.json	overline	ινοσ̅	ινοσ̅
AG	ag_lookup.json	overline	ισ̅	ισ̅
AG	ag_lookup.json	overline	ιψ̅	ιψ̅ʹ
AG	ag_lookup.json	overline	κάστωρ-καὶ	κάστωρ-κα̅ι̅
AG	ag_lookup.json	overline	καὲ	καέ̅
AG	ag_lookup.json	overline	λα̅	λα̅
AG	ag_lookup.json	overline	λη̅	λη̅
AG	ag_lookup.json	overline	λοσ̅	λοσ̅
AG	ag_lookup.json	overline	μα̅	μα̅
AG	ag_lookup.json	overline	μι̅	μι̅ʹ
AG	ag_lookup.json	overline	μοσ̅	μοσ̅
AG	ag_lookup.json	overline	νη̅	νη̅
AG	ag_lookup.json	overline	νοσ̅	νοσ̅
AG	ag_lookup.json	overline	νοῦτο	νοῦτο̅
AG	ag_lookup.json	overline	ο̅	ο̅
AG	ag_lookup.json	overline	οι̅	οι̅ʹ
AG	ag_lookup.json	overline	οσ̅	οσ̅
AG	ag_lookup.json	overline	ου̅	ου̅ʹ
AG	ag_lookup.json	overline	οὐτ-	οὐτ̅-̅
AG	ag_lookup.json	overline	πολυ̅	πολυ̅
AG	ag_lookup.json	overline	προ̅	προ̅ʹ
AG	ag_lookup.json	overline	προηγεῖται’	προηγεῖται’̅
AG	ag_lookup.json	overline	πτω̅	πτω̅
AG	ag_lookup.json	overline	ρα̅	ρα̅ʹ
AG	ag_lookup.json	overline	ροσ̅	ροσ̅
AG	ag_lookup.json	overline	σα̅	σα̅
AG	ag_lookup.json	overline	σαι̅	σαι̅ʹ
AG	ag_lookup.json	overline	σι̅	σι̅ʹ
AG	ag_lookup.json	overline	σοσ̅	σοσ̅
AG	ag_lookup.json	overline	σσων̅	σσων̅
AG	ag_lookup.json	overline	συνη̅	συνη̅
AG	ag_lookup.json	overline	σω̅	σω̅
AG	ag_lookup.json	overline	τα̅	τα̅ʹ
AG	ag_lookup.json	overline	τη̅	τη̅ʹ
AG	ag_lookup.json	overline	τι̅	τι̅
AG	ag_lookup.json	overline	τρι̅	τρι̅ʹ
AG	ag_lookup.json	overline	τρια̅	τρια̅
AG	ag_lookup.json	overline	υ̅	υ̅
AG	ag_lookup.json	overline	ψευδο̅	ψευδο̅
AG	ag_lookup.json	overline	ω̅	ω̅
AG	ag_lookup.json	overline	ων̅	ων̅ʹ
AG	ag_lookup.json	overline	ωσ̅	ωσ̅
AG	ag_lookup.json	overline	ἀντι̅	ἀντι̅ʹ
AG	ag_lookup.json	overline	Ἐλβωϋδὰδ	Ἐλβωϋδάδ̅
AG	ag_lookup.json	overline	ὁρμὴ-καὶ	ὁρμή-κα̅ι̅
AG	ag_lookup.json	overline	ὑποχονδρ	ὑποχονδρ̅
AG	ag_lookup.json	untrusted_grave	·μὴ	·μὴ
AG	ag_lookup.json	untrusted_grave	·μὴν	·μὴν
AG	ag_lookup.json	untrusted_grave	Αὐιανὸς	Αὐιανὸς
AG	ag_lookup.json	untrusted_grave	αὐιανὸς	Αὐιανὸς
AG	ag_lookup.json	untrusted_grave	Βασιλιανὸς	Βασιλιανὸς
AG	ag_lookup.json	untrusted_grave	βασιλιανὸς	Βασιλιανὸς
AG	ag_lookup.json	untrusted_grave	Βεναμίν	Βεναμὶν
AG	ag_lookup.json	untrusted_grave	Βεναμὶν	Βεναμὶν
AG	ag_lookup.json	untrusted_grave	βεναμίν	Βεναμὶν
AG	ag_lookup.json	untrusted_grave	βεναμιν	Βεναμὶν
AG	ag_lookup.json	untrusted_grave	βεναμὶν	Βεναμὶν
AG	ag_lookup.json	untrusted_grave	Βερνεκιανός	Βερνεκιανὸς
AG	ag_lookup.json	untrusted_grave	Βερνεκιανὸς	Βερνεκιανὸς
AG	ag_lookup.json	untrusted_grave	βερνεκιανος	Βερνεκιανὸς
AG	ag_lookup.json	untrusted_grave	βερνεκιανός	Βερνεκιανὸς
AG	ag_lookup.json	untrusted_grave	βερνεκιανὸς	Βερνεκιανὸς
AG	ag_lookup.json	untrusted_grave	Βουρδών	Βουρδὼν
AG	ag_lookup.json	untrusted_grave	Βουρδὼν	Βουρδὼν
AG	ag_lookup.json	untrusted_grave	βουρδὼν	Βουρδὼν
AG	ag_lookup.json	untrusted_grave	Βρεισηίς	Βρεισηὶς
AG	ag_lookup.json	untrusted_grave	Βρεισηὶς	Βρεισηὶς
AG	ag_lookup.json	untrusted_grave	βρεισηίς	Βρεισηὶς
AG	ag_lookup.json	untrusted_grave	βρεισηις	Βρεισηὶς
AG	ag_lookup.json	untrusted_grave	βρεισηὶς	Βρεισηὶς
AG	ag_lookup.json	untrusted_grave	Γεμινιανὸς	Γεμινιανὸς
AG	ag_lookup.json	untrusted_grave	γεμινιανὸς	Γεμινιανὸς
AG	ag_lookup.json	untrusted_grave	Γεντιανὸς	Γεντιανὸς
AG	ag_lookup.json	untrusted_grave	γεντιανὸς	Γεντιανὸς
AG	ag_lookup.json	untrusted_grave	Γλυκωνιανὸς	Γλυκωνιανὸς
AG	ag_lookup.json	untrusted_grave	γλυκωνιανὸς	Γλυκωνιανὸς
AG	ag_lookup.json	untrusted_grave	Γυμνικὸς	Γυμνικὸς
AG	ag_lookup.json	untrusted_grave	γυμνικὸς	Γυμνικὸς
AG	ag_lookup.json	untrusted_grave	Δακιανός	Δακιανὸς
AG	ag_lookup.json	untrusted_grave	Δακιανὸς	Δακιανὸς
AG	ag_lookup.json	untrusted_grave	δακιανος	Δακιανὸς
AG	ag_lookup.json	untrusted_grave	δακιανός	Δακιανὸς
AG	ag_lookup.json	untrusted_grave	δακιανὸς	Δακιανὸς
AG	ag_lookup.json	untrusted_grave	Δεκάς	Δεκὰς
AG	ag_lookup.json	untrusted_grave	Δεκὰς	Δεκὰς
AG	ag_lookup.json	untrusted_grave	δεκὰς	Δεκὰς
AG	ag_lookup.json	untrusted_grave	Διδυμιανός	Διδυμιανὸς
AG	ag_lookup.json	untrusted_grave	Διδυμιανὸς	Διδυμιανὸς
AG	ag_lookup.json	untrusted_grave	διδυμιανος	Διδυμιανὸς
AG	ag_lookup.json	untrusted_grave	διδυμιανός	Διδυμιανὸς
AG	ag_lookup.json	untrusted_grave	διδυμιανὸς	Διδυμιανὸς
AG	ag_lookup.json	untrusted_grave	Διονυσιανὸς	Διονυσιανὸς
AG	ag_lookup.json	untrusted_grave	διονυσιανὸς	Διονυσιανὸς
AG	ag_lookup.json	untrusted_grave	Διονυσοθεωνίς	Διονυσοθεωνὶς
AG	ag_lookup.json	untrusted_grave	Διονυσοθεωνὶς	Διονυσοθεωνὶς
AG	ag_lookup.json	untrusted_grave	διονυσοθεωνίς	Διονυσοθεωνὶς
AG	ag_lookup.json	untrusted_grave	διονυσοθεωνις	Διονυσοθεωνὶς
AG	ag_lookup.json	untrusted_grave	διονυσοθεωνὶς	Διονυσοθεωνὶς
AG	ag_lookup.json	untrusted_grave	Δομνιανός	Δομνιανὸς
AG	ag_lookup.json	untrusted_grave	Δομνιανὸς	Δομνιανὸς
AG	ag_lookup.json	untrusted_grave	δομνιανος	Δομνιανὸς
AG	ag_lookup.json	untrusted_grave	δομνιανός	Δομνιανὸς
AG	ag_lookup.json	untrusted_grave	δομνιανὸς	Δομνιανὸς
AG	ag_lookup.json	untrusted_grave	Ειουλιανός	Εἰουλιανὸς
AG	ag_lookup.json	untrusted_grave	Εἰουλιανὸς	Εἰουλιανὸς
AG	ag_lookup.json	untrusted_grave	ειουλιανος	Εἰουλιανὸς
AG	ag_lookup.json	untrusted_grave	ειουλιανός	Εἰουλιανὸς
AG	ag_lookup.json	untrusted_grave	εἰουλιανὸς	Εἰουλιανὸς
AG	ag_lookup.json	untrusted_grave	Εἰρηναὶς	Εἰρηναὶς
AG	ag_lookup.json	untrusted_grave	εἰρηναὶς	Εἰρηναὶς
AG	ag_lookup.json	untrusted_grave	Ευδαιμονείς	Εὐδαιμονεὶς
AG	ag_lookup.json	untrusted_grave	Εὐδαιμονεὶς	Εὐδαιμονεὶς
AG	ag_lookup.json	untrusted_grave	ευδαιμονείς	Εὐδαιμονεὶς
AG	ag_lookup.json	untrusted_grave	ευδαιμονεις	Εὐδαιμονεὶς
AG	ag_lookup.json	untrusted_grave	εὐδαιμονεὶς	Εὐδαιμονεὶς
AG	ag_lookup.json	untrusted_grave	Ευδαιμωνίς	Εὐδαιμωνὶς
AG	ag_lookup.json	untrusted_grave	Εὐδαιμωνὶς	Εὐδαιμωνὶς
AG	ag_lookup.json	untrusted_grave	ευδαιμωνίς	Εὐδαιμωνὶς
AG	ag_lookup.json	untrusted_grave	ευδαιμωνις	Εὐδαιμωνὶς
AG	ag_lookup.json	untrusted_grave	εὐδαιμωνὶς	Εὐδαιμωνὶς
AG	ag_lookup.json	untrusted_grave	Ευδαμονίς	Εὐδαμονὶς
AG	ag_lookup.json	untrusted_grave	Εὐδαμονὶς	Εὐδαμονὶς
AG	ag_lookup.json	untrusted_grave	ευδαμονίς	Εὐδαμονὶς
AG	ag_lookup.json	untrusted_grave	ευδαμονις	Εὐδαμονὶς
AG	ag_lookup.json	untrusted_grave	εὐδαμονὶς	Εὐδαμονὶς
AG	ag_lookup.json	untrusted_grave	Ευδεμονείς	Εὐδεμονεὶς
AG	ag_lookup.json	untrusted_grave	Εὐδεμονεὶς	Εὐδεμονεὶς
AG	ag_lookup.json	untrusted_grave	ευδεμονείς	Εὐδεμονεὶς
AG	ag_lookup.json	untrusted_grave	ευδεμονεις	Εὐδεμονεὶς
AG	ag_lookup.json	untrusted_grave	εὐδεμονεὶς	Εὐδεμονεὶς
AG	ag_lookup.json	untrusted_grave	Ευδεμονίς	Εὐδεμονὶς
AG	ag_lookup.json	untrusted_grave	Εὐδεμονὶς	Εὐδεμονὶς
AG	ag_lookup.json	untrusted_grave	ευδεμονίς	Εὐδεμονὶς
AG	ag_lookup.json	untrusted_grave	ευδεμονις	Εὐδεμονὶς
AG	ag_lookup.json	untrusted_grave	εὐδεμονὶς	Εὐδεμονὶς
AG	ag_lookup.json	untrusted_grave	Εὐμενὶς	Εὐμενὶς
AG	ag_lookup.json	untrusted_grave	εὐμενὶς	Εὐμενὶς
AG	ag_lookup.json	untrusted_grave	Εὐποριανὸς	Εὐποριανὸς
AG	ag_lookup.json	untrusted_grave	εὐποριανὸς	Εὐποριανὸς
AG	ag_lookup.json	untrusted_grave	Εὐρυτὶς	Εὐρυτὶς
AG	ag_lookup.json	untrusted_grave	εὐρυτὶς	Εὐρυτὶς
AG	ag_lookup.json	untrusted_grave	Ευστοργίς	Εὐστοργὶς
AG	ag_lookup.json	untrusted_grave	Εὐστοργὶς	Εὐστοργὶς
AG	ag_lookup.json	untrusted_grave	ευστοργίς	Εὐστοργὶς
AG	ag_lookup.json	untrusted_grave	ευστοργις	Εὐστοργὶς
AG	ag_lookup.json	untrusted_grave	εὐστοργὶς	Εὐστοργὶς
AG	ag_lookup.json	untrusted_grave	Είνιττα	Εὶνιττα
AG	ag_lookup.json	untrusted_grave	Εὶνιττα	Εὶνιττα
AG	ag_lookup.json	untrusted_grave	είνιττα	Εὶνιττα
AG	ag_lookup.json	untrusted_grave	εινιττα	Εὶνιττα
AG	ag_lookup.json	untrusted_grave	εὶνιττα	Εὶνιττα
AG	ag_lookup.json	untrusted_grave	Ζευξιανός	Ζευξιανὸς
AG	ag_lookup.json	untrusted_grave	Ζευξιανὸς	Ζευξιανὸς
AG	ag_lookup.json	untrusted_grave	ζευξιανος	Ζευξιανὸς
AG	ag_lookup.json	untrusted_grave	ζευξιανός	Ζευξιανὸς
AG	ag_lookup.json	untrusted_grave	ζευξιανὸς	Ζευξιανὸς
AG	ag_lookup.json	untrusted_grave	Ζωείς	Ζωεὶς
AG	ag_lookup.json	untrusted_grave	Ζωεὶς	Ζωεὶς
AG	ag_lookup.json	untrusted_grave	ζωείς	Ζωεὶς
AG	ag_lookup.json	untrusted_grave	ζωεὶς	Ζωεὶς
AG	ag_lookup.json	untrusted_grave	Θαικίς	Θαικὶς
AG	ag_lookup.json	untrusted_grave	Θαικὶς	Θαικὶς
AG	ag_lookup.json	untrusted_grave	θαικίς	Θαικὶς
AG	ag_lookup.json	untrusted_grave	θαικις	Θαικὶς
AG	ag_lookup.json	untrusted_grave	θαικὶς	Θαικὶς
AG	ag_lookup.json	untrusted_grave	Καγόλ	Καγὸλ
AG	ag_lookup.json	untrusted_grave	Καγὸλ	Καγὸλ
AG	ag_lookup.json	untrusted_grave	καγολ	Καγὸλ
AG	ag_lookup.json	untrusted_grave	καγόλ	Καγὸλ
AG	ag_lookup.json	untrusted_grave	καγὸλ	Καγὸλ
AG	ag_lookup.json	untrusted_grave	Καλαβρά	Καλαβρὰ
AG	ag_lookup.json	untrusted_grave	Καλαβράν	Καλαβρὰ
AG	ag_lookup.json	untrusted_grave	Καλαβράς	Καλαβρὰ
AG	ag_lookup.json	untrusted_grave	Καλαβραί	Καλαβρὰ
AG	ag_lookup.json	untrusted_grave	Καλαβραίν	Καλαβρὰ
AG	ag_lookup.json	untrusted_grave	Καλαβραίς	Καλαβρὰ
AG	ag_lookup.json	untrusted_grave	Καλαβρᾴ	Καλαβρὰ
AG	ag_lookup.json	untrusted_grave	Καλλιμαχὶς	Καλλιμαχὶς
AG	ag_lookup.json	untrusted_grave	καλλιμαχὶς	Καλλιμαχὶς
AG	ag_lookup.json	untrusted_grave	Καλλιστιανὸς	Καλλιστιανὸς
AG	ag_lookup.json	untrusted_grave	καλλιστιανὸς	Καλλιστιανὸς
AG	ag_lookup.json	untrusted_grave	Καμεντεβώνχ	Καμεντεβὼνχ
AG	ag_lookup.json	untrusted_grave	Καμεντεβὼνχ	Καμεντεβὼνχ
AG	ag_lookup.json	untrusted_grave	καμεντεβωνχ	Καμεντεβὼνχ
AG	ag_lookup.json	untrusted_grave	καμεντεβώνχ	Καμεντεβὼνχ
AG	ag_lookup.json	untrusted_grave	καμεντεβὼνχ	Καμεντεβὼνχ
AG	ag_lookup.json	untrusted_grave	Καμπόλ	Καμπὸλ
AG	ag_lookup.json	untrusted_grave	Καμπὸλ	Καμπὸλ
AG	ag_lookup.json	untrusted_grave	καμπολ	Καμπὸλ
AG	ag_lookup.json	untrusted_grave	καμπόλ	Καμπὸλ
AG	ag_lookup.json	untrusted_grave	καμπὸλ	Καμπὸλ
AG	ag_lookup.json	untrusted_grave	Καρπικός	Καρπικὸς
AG	ag_lookup.json	untrusted_grave	Καρπικὸς	Καρπικὸς
AG	ag_lookup.json	untrusted_grave	καρπικος	Καρπικὸς
AG	ag_lookup.json	untrusted_grave	καρπικός	Καρπικὸς
AG	ag_lookup.json	untrusted_grave	καρπικὸς	Καρπικὸς
AG	ag_lookup.json	untrusted_grave	Κασιλίς	Κασιλὶς
AG	ag_lookup.json	untrusted_grave	Κασιλὶς	Κασιλὶς
AG	ag_lookup.json	untrusted_grave	κασιλίς	Κασιλὶς
AG	ag_lookup.json	untrusted_grave	κασιλις	Κασιλὶς
AG	ag_lookup.json	untrusted_grave	κασιλὶς	Κασιλὶς
AG	ag_lookup.json	untrusted_grave	Κιλητόχ	Κιλητὸχ
AG	ag_lookup.json	untrusted_grave	Κιλητὸχ	Κιλητὸχ
AG	ag_lookup.json	untrusted_grave	κιλητοχ	Κιλητὸχ
AG	ag_lookup.json	untrusted_grave	κιλητόχ	Κιλητὸχ
AG	ag_lookup.json	untrusted_grave	κιλητὸχ	Κιλητὸχ
AG	ag_lookup.json	untrusted_grave	Κλαδ̣ών	Κλαδ̣ὼν
AG	ag_lookup.json	untrusted_grave	Κλαδ̣ὼν	Κλαδ̣ὼν
AG	ag_lookup.json	untrusted_grave	κλαδ̣ών	Κλαδ̣ὼν
AG	ag_lookup.json	untrusted_grave	κλαδ̣ὼν	Κλαδ̣ὼν
AG	ag_lookup.json	untrusted_grave	Κλαστικός	Κλαστικὸς
AG	ag_lookup.json	untrusted_grave	Κλαστικὸς	Κλαστικὸς
AG	ag_lookup.json	untrusted_grave	κλαστικος	Κλαστικὸς
AG	ag_lookup.json	untrusted_grave	κλαστικός	Κλαστικὸς
AG	ag_lookup.json	untrusted_grave	κλαστικὸς	Κλαστικὸς
AG	ag_lookup.json	untrusted_grave	Κλαυτιανός	Κλαυτιανὸς
AG	ag_lookup.json	untrusted_grave	Κλαυτιανὸς	Κλαυτιανὸς
AG	ag_lookup.json	untrusted_grave	κλαυτιανος	Κλαυτιανὸς
AG	ag_lookup.json	untrusted_grave	κλαυτιανός	Κλαυτιανὸς
AG	ag_lookup.json	untrusted_grave	κλαυτιανὸς	Κλαυτιανὸς
AG	ag_lookup.json	untrusted_grave	Κλίς	Κλὶς
AG	ag_lookup.json	untrusted_grave	Κλὶς	Κλὶς
AG	ag_lookup.json	untrusted_grave	κλίς	Κλὶς
AG	ag_lookup.json	untrusted_grave	κλις	Κλὶς
AG	ag_lookup.json	untrusted_grave	κλὶς	Κλὶς
AG	ag_lookup.json	untrusted_grave	Κοιντιανός	Κοιντιανὸς
AG	ag_lookup.json	untrusted_grave	Κοιντιανὸς	Κοιντιανὸς
AG	ag_lookup.json	untrusted_grave	κοιντιανός	Κοιντιανὸς
AG	ag_lookup.json	untrusted_grave	κοιντιανὸς	Κοιντιανὸς
AG	ag_lookup.json	untrusted_grave	Κοιτωνικὸς	Κοιτωνικὸς
AG	ag_lookup.json	untrusted_grave	κοιτωνικὸς	Κοιτωνικὸς
AG	ag_lookup.json	untrusted_grave	Κοκώ	Κοκὼ
AG	ag_lookup.json	untrusted_grave	Κοκὼ	Κοκὼ
AG	ag_lookup.json	untrusted_grave	κοκω	Κοκὼ
AG	ag_lookup.json	untrusted_grave	κοκώ	Κοκὼ
AG	ag_lookup.json	untrusted_grave	κοκὼ	Κοκὼ
AG	ag_lookup.json	untrusted_grave	Κομαρχίς	Κομαρχὶς
AG	ag_lookup.json	untrusted_grave	Κομαρχὶς	Κομαρχὶς
AG	ag_lookup.json	untrusted_grave	κομαρχίς	Κομαρχὶς
AG	ag_lookup.json	untrusted_grave	κομαρχις	Κομαρχὶς
AG	ag_lookup.json	untrusted_grave	κομαρχὶς	Κομαρχὶς
AG	ag_lookup.json	untrusted_grave	Κομωνίς	Κομωνὶς
AG	ag_lookup.json	untrusted_grave	Κομωνὶς	Κομωνὶς
AG	ag_lookup.json	untrusted_grave	κομωνίς	Κομωνὶς
AG	ag_lookup.json	untrusted_grave	κομωνις	Κομωνὶς
AG	ag_lookup.json	untrusted_grave	κομωνὶς	Κομωνὶς
AG	ag_lookup.json	untrusted_grave	Κορελλιανός	Κορελλιανὸς
AG	ag_lookup.json	untrusted_grave	Κορελλιανὸς	Κορελλιανὸς
AG	ag_lookup.json	untrusted_grave	κορελλιανος	Κορελλιανὸς
AG	ag_lookup.json	untrusted_grave	κορελλιανός	Κορελλιανὸς
AG	ag_lookup.json	untrusted_grave	κορελλιανὸς	Κορελλιανὸς
AG	ag_lookup.json	untrusted_grave	Κορμιανός	Κορμιανὸς
AG	ag_lookup.json	untrusted_grave	Κορμιανὸς	Κορμιανὸς
AG	ag_lookup.json	untrusted_grave	κορμιανος	Κορμιανὸς
AG	ag_lookup.json	untrusted_grave	κορμιανός	Κορμιανὸς
AG	ag_lookup.json	untrusted_grave	κορμιανὸς	Κορμιανὸς
AG	ag_lookup.json	untrusted_grave	Κοσμικὸς	Κοσμικὸς
AG	ag_lookup.json	untrusted_grave	κοσμικὸς	Κοσμικὸς
AG	ag_lookup.json	untrusted_grave	Κουκλιανός	Κουκλιανὸς
AG	ag_lookup.json	untrusted_grave	Κουκλιανὸς	Κουκλιανὸς
AG	ag_lookup.json	untrusted_grave	κουκλιανος	Κουκλιανὸς
AG	ag_lookup.json	untrusted_grave	κουκλιανός	Κουκλιανὸς
AG	ag_lookup.json	untrusted_grave	κουκλιανὸς	Κουκλιανὸς
AG	ag_lookup.json	untrusted_grave	Κουλκιανός	Κουλκιανὸς
AG	ag_lookup.json	untrusted_grave	Κουλκιανὸς	Κουλκιανὸς
AG	ag_lookup.json	untrusted_grave	κουλκιανος	Κουλκιανὸς
AG	ag_lookup.json	untrusted_grave	κουλκιανός	Κουλκιανὸς
AG	ag_lookup.json	untrusted_grave	κουλκιανὸς	Κουλκιανὸς
AG	ag_lookup.json	untrusted_grave	Κουλός	Κουλὸς
AG	ag_lookup.json	untrusted_grave	Κουλὸς	Κουλὸς
AG	ag_lookup.json	untrusted_grave	κουλος	Κουλὸς
AG	ag_lookup.json	untrusted_grave	κουλός	Κουλὸς
AG	ag_lookup.json	untrusted_grave	κουλὸς	Κουλὸς
AG	ag_lookup.json	untrusted_grave	Κουντιαιναχός	Κουντιαιναχὸς
AG	ag_lookup.json	untrusted_grave	Κουντιαιναχὸς	Κουντιαιναχὸς
AG	ag_lookup.json	untrusted_grave	κουντιαιναχος	Κουντιαιναχὸς
AG	ag_lookup.json	untrusted_grave	κουντιαιναχός	Κουντιαιναχὸς
AG	ag_lookup.json	untrusted_grave	κουντιαιναχὸς	Κουντιαιναχὸς
AG	ag_lookup.json	untrusted_grave	Κρεκίς	Κρεκὶς
AG	ag_lookup.json	untrusted_grave	Κρεκὶς	Κρεκὶς
AG	ag_lookup.json	untrusted_grave	κρεκίς	Κρεκὶς
AG	ag_lookup.json	untrusted_grave	κρεκις	Κρεκὶς
AG	ag_lookup.json	untrusted_grave	κρεκὶς	Κρεκὶς
AG	ag_lookup.json	untrusted_grave	Κρισαικὸς	Κρισαικὸς
AG	ag_lookup.json	untrusted_grave	Κτιστός	Κτιστὸς
AG	ag_lookup.json	untrusted_grave	Κτιστὸς	Κτιστὸς
AG	ag_lookup.json	untrusted_grave	κτιστος	Κτιστὸς
AG	ag_lookup.json	untrusted_grave	κτιστός	Κτιστὸς
AG	ag_lookup.json	untrusted_grave	κτιστὸς	Κτιστὸς
AG	ag_lookup.json	untrusted_grave	Κυιντιανός	Κυιντιανὸς
AG	ag_lookup.json	untrusted_grave	Κυιντιανὸς	Κυιντιανὸς
AG	ag_lookup.json	untrusted_grave	κυιντιανος	Κυιντιανὸς
AG	ag_lookup.json	untrusted_grave	κυιντιανός	Κυιντιανὸς
AG	ag_lookup.json	untrusted_grave	κυιντιανὸς	Κυιντιανὸς
AG	ag_lookup.json	untrusted_grave	Κυμαικός	Κυμαικὸς
AG	ag_lookup.json	untrusted_grave	Κυμαικὸς	Κυμαικὸς
AG	ag_lookup.json	untrusted_grave	κυμαικος	Κυμαικὸς
AG	ag_lookup.json	untrusted_grave	κυμαικός	Κυμαικὸς
AG	ag_lookup.json	untrusted_grave	κυμαικὸς	Κυμαικὸς
AG	ag_lookup.json	untrusted_grave	Κυρινάλιαι	Κυρινάλιὰ
AG	ag_lookup.json	untrusted_grave	Κυριναλία	Κυρινάλιὰ
AG	ag_lookup.json	untrusted_grave	Κυριναλίαιν	Κυρινάλιὰ
AG	ag_lookup.json	untrusted_grave	Κυριναλίαις	Κυρινάλιὰ
AG	ag_lookup.json	untrusted_grave	Κυριναλίαν	Κυρινάλιὰ
AG	ag_lookup.json	untrusted_grave	Κυριναλίας	Κυρινάλιὰ
AG	ag_lookup.json	untrusted_grave	Κυριναλίᾳ	Κυρινάλιὰ
AG	ag_lookup.json	untrusted_grave	Κυριναλιῶν	Κυρινάλιὰ
AG	ag_lookup.json	untrusted_grave	Λαμπαδίς	Λαμπαδὶς
AG	ag_lookup.json	untrusted_grave	Λαμπαδὶς	Λαμπαδὶς
AG	ag_lookup.json	untrusted_grave	λαμπαδίς	Λαμπαδὶς
AG	ag_lookup.json	untrusted_grave	λαμπαδὶς	Λαμπαδὶς
AG	ag_lookup.json	untrusted_grave	Λεαχίς	Λεαχὶς
AG	ag_lookup.json	untrusted_grave	Λεαχὶς	Λεαχὶς
AG	ag_lookup.json	untrusted_grave	λεαχίς	Λεαχὶς
AG	ag_lookup.json	untrusted_grave	λεαχις	Λεαχὶς
AG	ag_lookup.json	untrusted_grave	λεαχὶς	Λεαχὶς
AG	ag_lookup.json	untrusted_grave	Λευλίς	Λευλὶς
AG	ag_lookup.json	untrusted_grave	Λευλὶς	Λευλὶς
AG	ag_lookup.json	untrusted_grave	λευλίς	Λευλὶς
AG	ag_lookup.json	untrusted_grave	λευλις	Λευλὶς
AG	ag_lookup.json	untrusted_grave	λευλὶς	Λευλὶς
AG	ag_lookup.json	untrusted_grave	Λητοδωρίς	Λητοδωρὶς
AG	ag_lookup.json	untrusted_grave	Λητοδωρὶς	Λητοδωρὶς
AG	ag_lookup.json	untrusted_grave	λητοδωρίς	Λητοδωρὶς
AG	ag_lookup.json	untrusted_grave	λητοδωρις	Λητοδωρὶς
AG	ag_lookup.json	untrusted_grave	λητοδωρὶς	Λητοδωρὶς
AG	ag_lookup.json	untrusted_grave	Λητοίς	Λητοὶς
AG	ag_lookup.json	untrusted_grave	Λητοὶς	Λητοὶς
AG	ag_lookup.json	untrusted_grave	λητοίς	Λητοὶς
AG	ag_lookup.json	untrusted_grave	λητοις	Λητοὶς
AG	ag_lookup.json	untrusted_grave	λητοὶς	Λητοὶς
AG	ag_lookup.json	untrusted_grave	Λοκρητιανός	Λοκρητιανὸς
AG	ag_lookup.json	untrusted_grave	Λοκρητιανὸς	Λοκρητιανὸς
AG	ag_lookup.json	untrusted_grave	λοκρητιανος	Λοκρητιανὸς
AG	ag_lookup.json	untrusted_grave	λοκρητιανός	Λοκρητιανὸς
AG	ag_lookup.json	untrusted_grave	λοκρητιανὸς	Λοκρητιανὸς
AG	ag_lookup.json	untrusted_grave	Λολιανός	Λολιανὸς
AG	ag_lookup.json	untrusted_grave	Λολιανὸς	Λολιανὸς
AG	ag_lookup.json	untrusted_grave	λολιανος	Λολιανὸς
AG	ag_lookup.json	untrusted_grave	λολιανός	Λολιανὸς
AG	ag_lookup.json	untrusted_grave	λολιανὸς	Λολιανὸς
AG	ag_lookup.json	untrusted_grave	Λοτηϊίς	Λοτηϊὶς
AG	ag_lookup.json	untrusted_grave	Λοτηϊὶς	Λοτηϊὶς
AG	ag_lookup.json	untrusted_grave	λοτηιις	Λοτηϊὶς
AG	ag_lookup.json	untrusted_grave	λοτηϊίς	Λοτηϊὶς
AG	ag_lookup.json	untrusted_grave	λοτηϊὶς	Λοτηϊὶς
AG	ag_lookup.json	untrusted_grave	Λουππιανὸς	Λουππιανὸς
AG	ag_lookup.json	untrusted_grave	λουππιανὸς	Λουππιανὸς
AG	ag_lookup.json	untrusted_grave	Μακρεινιανός	Μακρεινιανὸς
AG	ag_lookup.json	untrusted_grave	Μακρεινιανὸς	Μακρεινιανὸς
AG	ag_lookup.json	untrusted_grave	μακρεινιανος	Μακρεινιανὸς
AG	ag_lookup.json	untrusted_grave	μακρεινιανός	Μακρεινιανὸς
AG	ag_lookup.json	untrusted_grave	μακρεινιανὸς	Μακρεινιανὸς
AG	ag_lookup.json	untrusted_grave	Μαμερτεινιανός	Μαμερτεινιανὸς
AG	ag_lookup.json	untrusted_grave	Μαμερτεινιανὸς	Μαμερτεινιανὸς
AG	ag_lookup.json	untrusted_grave	μαμερτεινιανος	Μαμερτεινιανὸς
AG	ag_lookup.json	untrusted_grave	μαμερτεινιανός	Μαμερτεινιανὸς
AG	ag_lookup.json	untrusted_grave	μαμερτεινιανὸς	Μαμερτεινιανὸς
AG	ag_lookup.json	untrusted_grave	Μαμερτινιανός	Μαμερτινιανὸς
AG	ag_lookup.json	untrusted_grave	Μαμερτινιανὸς	Μαμερτινιανὸς
AG	ag_lookup.json	untrusted_grave	μαμερτινιανος	Μαμερτινιανὸς
AG	ag_lookup.json	untrusted_grave	μαμερτινιανός	Μαμερτινιανὸς
AG	ag_lookup.json	untrusted_grave	μαμερτινιανὸς	Μαμερτινιανὸς
AG	ag_lookup.json	untrusted_grave	Μαξιμιανὴ	Μαξιμιανὴ
AG	ag_lookup.json	untrusted_grave	μαξιμιανὴ	Μαξιμιανὴ
AG	ag_lookup.json	untrusted_grave	Μαριαμός	Μαριαμὸς
AG	ag_lookup.json	untrusted_grave	Μαριαμὸς	Μαριαμὸς
AG	ag_lookup.json	untrusted_grave	μαριαμος	Μαριαμὸς
AG	ag_lookup.json	untrusted_grave	μαριαμός	Μαριαμὸς
AG	ag_lookup.json	untrusted_grave	μαριαμὸς	Μαριαμὸς
AG	ag_lookup.json	untrusted_grave	Μασσόμ	Μασσὸμ
AG	ag_lookup.json	untrusted_grave	Μασσὸμ	Μασσὸμ
AG	ag_lookup.json	untrusted_grave	μασσομ	Μασσὸμ
AG	ag_lookup.json	untrusted_grave	μασσόμ	Μασσὸμ
AG	ag_lookup.json	untrusted_grave	μασσὸμ	Μασσὸμ
AG	ag_lookup.json	untrusted_grave	Μαυρικιανός	Μαυρικιανὸς
AG	ag_lookup.json	untrusted_grave	Μαυρικιανὸς	Μαυρικιανὸς
AG	ag_lookup.json	untrusted_grave	μαυρικιανος	Μαυρικιανὸς
AG	ag_lookup.json	untrusted_grave	μαυρικιανός	Μαυρικιανὸς
AG	ag_lookup.json	untrusted_grave	μαυρικιανὸς	Μαυρικιανὸς
AG	ag_lookup.json	untrusted_grave	Μελιστρουγός	Μελιστρουγὸς
AG	ag_lookup.json	untrusted_grave	Μελιστρουγὸς	Μελιστρουγὸς
AG	ag_lookup.json	untrusted_grave	μελιστρουγος	Μελιστρουγὸς
AG	ag_lookup.json	untrusted_grave	μελιστρουγός	Μελιστρουγὸς
AG	ag_lookup.json	untrusted_grave	μελιστρουγὸς	Μελιστρουγὸς
AG	ag_lookup.json	untrusted_grave	Μενεκλιανός	Μενεκλιανὸς
AG	ag_lookup.json	untrusted_grave	Μενεκλιανὸς	Μενεκλιανὸς
AG	ag_lookup.json	untrusted_grave	μενεκλιανος	Μενεκλιανὸς
AG	ag_lookup.json	untrusted_grave	μενεκλιανός	Μενεκλιανὸς
AG	ag_lookup.json	untrusted_grave	μενεκλιανὸς	Μενεκλιανὸς
AG	ag_lookup.json	untrusted_grave	Μενεσθιανός	Μενεσθιανὸς
AG	ag_lookup.json	untrusted_grave	Μενεσθιανὸς	Μενεσθιανὸς
AG	ag_lookup.json	untrusted_grave	μενεσθιανος	Μενεσθιανὸς
AG	ag_lookup.json	untrusted_grave	μενεσθιανός	Μενεσθιανὸς
AG	ag_lookup.json	untrusted_grave	μενεσθιανὸς	Μενεσθιανὸς
AG	ag_lookup.json	untrusted_grave	Μηουιανός	Μηουιανὸς
AG	ag_lookup.json	untrusted_grave	Μηουιανὸς	Μηουιανὸς
AG	ag_lookup.json	untrusted_grave	μηουιανος	Μηουιανὸς
AG	ag_lookup.json	untrusted_grave	μηουιανός	Μηουιανὸς
AG	ag_lookup.json	untrusted_grave	μηουιανὸς	Μηουιανὸς
AG	ag_lookup.json	untrusted_grave	Μιός	Μιὸς
AG	ag_lookup.json	untrusted_grave	Μιὸς	Μιὸς
AG	ag_lookup.json	untrusted_grave	μιος	Μιὸς
AG	ag_lookup.json	untrusted_grave	μιός	Μιὸς
AG	ag_lookup.json	untrusted_grave	μιὸς	Μιὸς
AG	ag_lookup.json	untrusted_grave	Μουκειανός	Μουκειανὸς
AG	ag_lookup.json	untrusted_grave	Μουκειανὸς	Μουκειανὸς
AG	ag_lookup.json	untrusted_grave	μουκειανος	Μουκειανὸς
AG	ag_lookup.json	untrusted_grave	μουκειανός	Μουκειανὸς
AG	ag_lookup.json	untrusted_grave	μουκειανὸς	Μουκειανὸς
AG	ag_lookup.json	untrusted_grave	Μουκινιανός	Μουκινιανὸς
AG	ag_lookup.json	untrusted_grave	Μουκινιανὸς	Μουκινιανὸς
AG	ag_lookup.json	untrusted_grave	μουκινιανος	Μουκινιανὸς
AG	ag_lookup.json	untrusted_grave	μουκινιανός	Μουκινιανὸς
AG	ag_lookup.json	untrusted_grave	μουκινιανὸς	Μουκινιανὸς
AG	ag_lookup.json	untrusted_grave	Μουρανίς	Μουρανὶς
AG	ag_lookup.json	untrusted_grave	Μουρανὶς	Μουρανὶς
AG	ag_lookup.json	untrusted_grave	μουρανίς	Μουρανὶς
AG	ag_lookup.json	untrusted_grave	μουρανις	Μουρανὶς
AG	ag_lookup.json	untrusted_grave	μουρανὶς	Μουρανὶς
AG	ag_lookup.json	untrusted_grave	Μυρωνὶς	Μυρωνὶς
AG	ag_lookup.json	untrusted_grave	μυρωνὶς	Μυρωνὶς
AG	ag_lookup.json	untrusted_grave	Νίκωνιδών	Νίκωνἰδὼν
AG	ag_lookup.json	untrusted_grave	Νίκωνἰδὼν	Νίκωνἰδὼν
AG	ag_lookup.json	untrusted_grave	νίκωνιδών	Νίκωνἰδὼν
AG	ag_lookup.json	untrusted_grave	νίκωνἰδὼν	Νίκωνἰδὼν
AG	ag_lookup.json	untrusted_grave	νικωνιδων	Νίκωνἰδὼν
AG	ag_lookup.json	untrusted_grave	Νεικολαίς	Νεικολαὶς
AG	ag_lookup.json	untrusted_grave	Νεικολαὶς	Νεικολαὶς
AG	ag_lookup.json	untrusted_grave	νεικολαίς	Νεικολαὶς
AG	ag_lookup.json	untrusted_grave	νεικολαις	Νεικολαὶς
AG	ag_lookup.json	untrusted_grave	νεικολαὶς	Νεικολαὶς
AG	ag_lookup.json	untrusted_grave	Νεκρά	Νεκρὰ
AG	ag_lookup.json	untrusted_grave	Νεκράς	Νεκρὰ
AG	ag_lookup.json	untrusted_grave	Νεκραί	Νεκρὰ
AG	ag_lookup.json	untrusted_grave	Νεκραίν	Νεκρὰ
AG	ag_lookup.json	untrusted_grave	Νεκραίς	Νεκρὰ
AG	ag_lookup.json	untrusted_grave	Νεκρᾴ	Νεκρὰ
AG	ag_lookup.json	untrusted_grave	Νεφοτιανός	Νεφοτιανὸς
AG	ag_lookup.json	untrusted_grave	Νεφοτιανὸς	Νεφοτιανὸς
AG	ag_lookup.json	untrusted_grave	νεφοτιανος	Νεφοτιανὸς
AG	ag_lookup.json	untrusted_grave	νεφοτιανός	Νεφοτιανὸς
AG	ag_lookup.json	untrusted_grave	νεφοτιανὸς	Νεφοτιανὸς
AG	ag_lookup.json	untrusted_grave	Νεωνὶς	Νεωνὶς
AG	ag_lookup.json	untrusted_grave	νεωνὶς	Νεωνὶς
AG	ag_lookup.json	untrusted_grave	Νεωτερίς	Νεωτερὶς
AG	ag_lookup.json	untrusted_grave	Νεωτερὶς	Νεωτερὶς
AG	ag_lookup.json	untrusted_grave	νεωτερίς	Νεωτερὶς
AG	ag_lookup.json	untrusted_grave	νεωτερις	Νεωτερὶς
AG	ag_lookup.json	untrusted_grave	νεωτερὶς	Νεωτερὶς
AG	ag_lookup.json	untrusted_grave	Νικολαῒς	Νικολαῒς
AG	ag_lookup.json	untrusted_grave	νικολαῒς	Νικολαῒς
AG	ag_lookup.json	untrusted_grave	Νουμεισιανός	Νουμεισιανὸς
AG	ag_lookup.json	untrusted_grave	Νουμεισιανὸς	Νουμεισιανὸς
AG	ag_lookup.json	untrusted_grave	νουμεισιανος	Νουμεισιανὸς
AG	ag_lookup.json	untrusted_grave	νουμεισιανός	Νουμεισιανὸς
AG	ag_lookup.json	untrusted_grave	νουμεισιανὸς	Νουμεισιανὸς
AG	ag_lookup.json	untrusted_grave	Νωβιλιανός	Νωβιλιανὸς
AG	ag_lookup.json	untrusted_grave	Νωβιλιανὸς	Νωβιλιανὸς
AG	ag_lookup.json	untrusted_grave	νωβιλιανος	Νωβιλιανὸς
AG	ag_lookup.json	untrusted_grave	νωβιλιανός	Νωβιλιανὸς
AG	ag_lookup.json	untrusted_grave	νωβιλιανὸς	Νωβιλιανὸς
AG	ag_lookup.json	untrusted_grave	Ξενικὸς	Ξενικὸς
AG	ag_lookup.json	untrusted_grave	ξενικὸς	Ξενικὸς
AG	ag_lookup.json	untrusted_grave	Ουαλερεανός	Οὐαλερεανὸς
AG	ag_lookup.json	untrusted_grave	Οὐαλερεανὸς	Οὐαλερεανὸς
AG	ag_lookup.json	untrusted_grave	ουαλερεανος	Οὐαλερεανὸς
AG	ag_lookup.json	untrusted_grave	ουαλερεανός	Οὐαλερεανὸς
AG	ag_lookup.json	untrusted_grave	οὐαλερεανὸς	Οὐαλερεανὸς
AG	ag_lookup.json	untrusted_grave	Οὐετιλλιανὸς	Οὐετιλλιανὸς
AG	ag_lookup.json	untrusted_grave	οὐετιλλιανὸς	Οὐετιλλιανὸς
AG	ag_lookup.json	untrusted_grave	Οὐετρανὸς	Οὐετρανὸς
AG	ag_lookup.json	untrusted_grave	οὐετρανὸς	Οὐετρανὸς
AG	ag_lookup.json	untrusted_grave	Ουηστεινιανός	Οὐηστεινιανὸς
AG	ag_lookup.json	untrusted_grave	Οὐηστεινιανὸς	Οὐηστεινιανὸς
AG	ag_lookup.json	untrusted_grave	ουηστεινιανος	Οὐηστεινιανὸς
AG	ag_lookup.json	untrusted_grave	ουηστεινιανός	Οὐηστεινιανὸς
AG	ag_lookup.json	untrusted_grave	οὐηστεινιανὸς	Οὐηστεινιανὸς
AG	ag_lookup.json	untrusted_grave	Παβλουίς	Παβλουὶς
AG	ag_lookup.json	untrusted_grave	Παβλουὶς	Παβλουὶς
AG	ag_lookup.json	untrusted_grave	παβλουίς	Παβλουὶς
AG	ag_lookup.json	untrusted_grave	παβλουις	Παβλουὶς
AG	ag_lookup.json	untrusted_grave	παβλουὶς	Παβλουὶς
AG	ag_lookup.json	untrusted_grave	Παβόκ	Παβὸκ
AG	ag_lookup.json	untrusted_grave	Παβὸκ	Παβὸκ
AG	ag_lookup.json	untrusted_grave	παβοκ	Παβὸκ
AG	ag_lookup.json	untrusted_grave	παβόκ	Παβὸκ
AG	ag_lookup.json	untrusted_grave	παβὸκ	Παβὸκ
AG	ag_lookup.json	untrusted_grave	Παγσίς	Παγσὶς
AG	ag_lookup.json	untrusted_grave	Παγσὶς	Παγσὶς
AG	ag_lookup.json	untrusted_grave	παγσίς	Παγσὶς
AG	ag_lookup.json	untrusted_grave	παγσις	Παγσὶς
AG	ag_lookup.json	untrusted_grave	παγσὶς	Παγσὶς
AG	ag_lookup.json	untrusted_grave	Παδής	Παδὴς
AG	ag_lookup.json	untrusted_grave	Παδὴς	Παδὴς
AG	ag_lookup.json	untrusted_grave	παδής	Παδὴς
AG	ag_lookup.json	untrusted_grave	παδης	Παδὴς
AG	ag_lookup.json	untrusted_grave	παδὴς	Παδὴς
AG	ag_lookup.json	untrusted_grave	Πακουείς	Πακουεὶς
AG	ag_lookup.json	untrusted_grave	Πακουεὶς	Πακουεὶς
AG	ag_lookup.json	untrusted_grave	πακουείς	Πακουεὶς
AG	ag_lookup.json	untrusted_grave	πακουεις	Πακουεὶς
AG	ag_lookup.json	untrusted_grave	πακουεὶς	Πακουεὶς
AG	ag_lookup.json	untrusted_grave	Παλενός	Παλενὸς
AG	ag_lookup.json	untrusted_grave	Παλενὸς	Παλενὸς
AG	ag_lookup.json	untrusted_grave	παλενος	Παλενὸς
AG	ag_lookup.json	untrusted_grave	παλενός	Παλενὸς
AG	ag_lookup.json	untrusted_grave	παλενὸς	Παλενὸς
AG	ag_lookup.json	untrusted_grave	Πανετόλ	Πανετὸλ
AG	ag_lookup.json	untrusted_grave	Πανετὸλ	Πανετὸλ
AG	ag_lookup.json	untrusted_grave	πανετολ	Πανετὸλ
AG	ag_lookup.json	untrusted_grave	πανετόλ	Πανετὸλ
AG	ag_lookup.json	untrusted_grave	πανετὸλ	Πανετὸλ
AG	ag_lookup.json	untrusted_grave	Πανεφρίς	Πανεφρὶς
AG	ag_lookup.json	untrusted_grave	Πανεφρὶς	Πανεφρὶς
AG	ag_lookup.json	untrusted_grave	πανεφρίς	Πανεφρὶς
AG	ag_lookup.json	untrusted_grave	πανεφρις	Πανεφρὶς
AG	ag_lookup.json	untrusted_grave	πανεφρὶς	Πανεφρὶς
AG	ag_lookup.json	untrusted_grave	Πανηραίς	Πανηραὶς
AG	ag_lookup.json	untrusted_grave	Πανηραὶς	Πανηραὶς
AG	ag_lookup.json	untrusted_grave	πανηραίς	Πανηραὶς
AG	ag_lookup.json	untrusted_grave	πανηραις	Πανηραὶς
AG	ag_lookup.json	untrusted_grave	πανηραὶς	Πανηραὶς
AG	ag_lookup.json	untrusted_grave	Παντὸς	Παντὸς
AG	ag_lookup.json	untrusted_grave	Παπιρεΐς	Παπιρεῒς
AG	ag_lookup.json	untrusted_grave	Παπιρεῒς	Παπιρεῒς
AG	ag_lookup.json	untrusted_grave	παπιρεΐς	Παπιρεῒς
AG	ag_lookup.json	untrusted_grave	παπιρεις	Παπιρεῒς
AG	ag_lookup.json	untrusted_grave	παπιρεῒς	Παπιρεῒς
AG	ag_lookup.json	untrusted_grave	Παπιριανὸς	Παπιριανὸς
AG	ag_lookup.json	untrusted_grave	παπιριανὸς	Παπιριανὸς
AG	ag_lookup.json	untrusted_grave	Παπουόνς	Παπουὸνς
AG	ag_lookup.json	untrusted_grave	Παπουὸνς	Παπουὸνς
AG	ag_lookup.json	untrusted_grave	παπουονς	Παπουὸνς
AG	ag_lookup.json	untrusted_grave	παπουόνς	Παπουὸνς
AG	ag_lookup.json	untrusted_grave	παπουὸνς	Παπουὸνς
AG	ag_lookup.json	untrusted_grave	Πασαροείς	Πασαροεὶς
AG	ag_lookup.json	untrusted_grave	Πασαροεὶς	Πασαροεὶς
AG	ag_lookup.json	untrusted_grave	πασαροείς	Πασαροεὶς
AG	ag_lookup.json	untrusted_grave	πασαροεις	Πασαροεὶς
AG	ag_lookup.json	untrusted_grave	πασαροεὶς	Πασαροεὶς
AG	ag_lookup.json	untrusted_grave	Πασιανὸς	Πασιανὸς
AG	ag_lookup.json	untrusted_grave	πασιανὸς	Πασιανὸς
AG	ag_lookup.json	untrusted_grave	Πασνός	Πασνὸς
AG	ag_lookup.json	untrusted_grave	Πασνὸς	Πασνὸς
AG	ag_lookup.json	untrusted_grave	πασνος	Πασνὸς
AG	ag_lookup.json	untrusted_grave	πασνός	Πασνὸς
AG	ag_lookup.json	untrusted_grave	πασνὸς	Πασνὸς
AG	ag_lookup.json	untrusted_grave	Πεκλόμ	Πεκλὸμ
AG	ag_lookup.json	untrusted_grave	Πεκλὸμ	Πεκλὸμ
AG	ag_lookup.json	untrusted_grave	πεκλομ	Πεκλὸμ
AG	ag_lookup.json	untrusted_grave	πεκλόμ	Πεκλὸμ
AG	ag_lookup.json	untrusted_grave	πεκλὸμ	Πεκλὸμ
AG	ag_lookup.json	untrusted_grave	Πελίψ	Πελὶψ
AG	ag_lookup.json	untrusted_grave	Πελὶψ	Πελὶψ
AG	ag_lookup.json	untrusted_grave	πελίψ	Πελὶψ
AG	ag_lookup.json	untrusted_grave	πελιψ	Πελὶψ
AG	ag_lookup.json	untrusted_grave	πελὶψ	Πελὶψ
AG	ag_lookup.json	untrusted_grave	Πεννώ	Πεννὼ
AG	ag_lookup.json	untrusted_grave	Πεννὼ	Πεννὼ
AG	ag_lookup.json	untrusted_grave	πεννω	Πεννὼ
AG	ag_lookup.json	untrusted_grave	πεννώ	Πεννὼ
AG	ag_lookup.json	untrusted_grave	πεννὼ	Πεννὼ
AG	ag_lookup.json	untrusted_grave	Πενόβ	Πενὸβ
AG	ag_lookup.json	untrusted_grave	Πενὸβ	Πενὸβ
AG	ag_lookup.json	untrusted_grave	πενοβ	Πενὸβ
AG	ag_lookup.json	untrusted_grave	πενόβ	Πενὸβ
AG	ag_lookup.json	untrusted_grave	πενὸβ	Πενὸβ
AG	ag_lookup.json	untrusted_grave	Πεποιθώς	Πεποιθὼς
AG	ag_lookup.json	untrusted_grave	Πεποιθὼς	Πεποιθὼς
AG	ag_lookup.json	untrusted_grave	πεποιθὼς	Πεποιθὼς
AG	ag_lookup.json	untrusted_grave	Πεσσός	Πεσσὸς
AG	ag_lookup.json	untrusted_grave	Πεσσὸς	Πεσσὸς
AG	ag_lookup.json	untrusted_grave	πεσσὸς	Πεσσὸς
AG	ag_lookup.json	untrusted_grave	Πεταμενώρ	Πεταμενὼρ
AG	ag_lookup.json	untrusted_grave	Πεταμενὼρ	Πεταμενὼρ
AG	ag_lookup.json	untrusted_grave	πεταμενωρ	Πεταμενὼρ
AG	ag_lookup.json	untrusted_grave	πεταμενώρ	Πεταμενὼρ
AG	ag_lookup.json	untrusted_grave	πεταμενὼρ	Πεταμενὼρ
AG	ag_lookup.json	untrusted_grave	Πετασόνς	Πετασὸνς
AG	ag_lookup.json	untrusted_grave	Πετασὸνς	Πετασὸνς
AG	ag_lookup.json	untrusted_grave	πετασονς	Πετασὸνς
AG	ag_lookup.json	untrusted_grave	πετασόνς	Πετασὸνς
AG	ag_lookup.json	untrusted_grave	πετασὸνς	Πετασὸνς
AG	ag_lookup.json	untrusted_grave	Πετεανός	Πετεανὸς
AG	ag_lookup.json	untrusted_grave	Πετεανὸς	Πετεανὸς
AG	ag_lookup.json	untrusted_grave	πετεανος	Πετεανὸς
AG	ag_lookup.json	untrusted_grave	πετεανός	Πετεανὸς
AG	ag_lookup.json	untrusted_grave	πετεανὸς	Πετεανὸς
AG	ag_lookup.json	untrusted_grave	Πιόρ	Πιὸρ
AG	ag_lookup.json	untrusted_grave	Πιὸρ	Πιὸρ
AG	ag_lookup.json	untrusted_grave	πιορ	Πιὸρ
AG	ag_lookup.json	untrusted_grave	πιόρ	Πιὸρ
AG	ag_lookup.json	untrusted_grave	πιὸρ	Πιὸρ
AG	ag_lookup.json	untrusted_grave	Πλαταινὶς	Πλαταινὶς
AG	ag_lookup.json	untrusted_grave	πλαταινὶς	Πλαταινὶς
AG	ag_lookup.json	untrusted_grave	Πληρωτής	Πληρωτὴς
AG	ag_lookup.json	untrusted_grave	Πληρωτὴς	Πληρωτὴς
AG	ag_lookup.json	untrusted_grave	πληρωτής	Πληρωτὴς
AG	ag_lookup.json	untrusted_grave	πληρωτης	Πληρωτὴς
AG	ag_lookup.json	untrusted_grave	πληρωτὴς	Πληρωτὴς
AG	ag_lookup.json	untrusted_grave	Πλουτιανὸς	Πλουτιανὸς
AG	ag_lookup.json	untrusted_grave	πλουτιανὸς	Πλουτιανὸς
AG	ag_lookup.json	untrusted_grave	Πλώκ	Πλὼκ
AG	ag_lookup.json	untrusted_grave	Πλὼκ	Πλὼκ
AG	ag_lookup.json	untrusted_grave	πλωκ	Πλὼκ
AG	ag_lookup.json	untrusted_grave	πλώκ	Πλὼκ
AG	ag_lookup.json	untrusted_grave	πλὼκ	Πλὼκ
AG	ag_lookup.json	untrusted_grave	Ποκεὺς	Ποκεὺς
AG	ag_lookup.json	untrusted_grave	ποκεὺς	Ποκεὺς
AG	ag_lookup.json	untrusted_grave	Πολβωνίς	Πολβωνὶς
AG	ag_lookup.json	untrusted_grave	Πολβωνὶς	Πολβωνὶς
AG	ag_lookup.json	untrusted_grave	πολβωνίς	Πολβωνὶς
AG	ag_lookup.json	untrusted_grave	πολβωνις	Πολβωνὶς
AG	ag_lookup.json	untrusted_grave	πολβωνὶς	Πολβωνὶς
AG	ag_lookup.json	untrusted_grave	Πολιτικὸς	Πολιτικὸς
AG	ag_lookup.json	untrusted_grave	πολιτικὸς	Πολιτικὸς
AG	ag_lookup.json	untrusted_grave	Πομμλώλ	Πομμλὼλ
AG	ag_lookup.json	untrusted_grave	Πομμλὼλ	Πομμλὼλ
AG	ag_lookup.json	untrusted_grave	πομμλωλ	Πομμλὼλ
AG	ag_lookup.json	untrusted_grave	πομμλώλ	Πομμλὼλ
AG	ag_lookup.json	untrusted_grave	πομμλὼλ	Πομμλὼλ
AG	ag_lookup.json	untrusted_grave	Ποπλιανὸς	Ποπλιανὸς
AG	ag_lookup.json	untrusted_grave	ποπλιανὸς	Ποπλιανὸς
AG	ag_lookup.json	untrusted_grave	Ποπλιενός	Ποπλιενὸς
AG	ag_lookup.json	untrusted_grave	Ποπλιενὸς	Ποπλιενὸς
AG	ag_lookup.json	untrusted_grave	ποπλιενος	Ποπλιενὸς
AG	ag_lookup.json	untrusted_grave	ποπλιενός	Ποπλιενὸς
AG	ag_lookup.json	untrusted_grave	ποπλιενὸς	Ποπλιενὸς
AG	ag_lookup.json	untrusted_grave	Πορκιανός	Πορκιανὸς
AG	ag_lookup.json	untrusted_grave	Πορκιανὸς	Πορκιανὸς
AG	ag_lookup.json	untrusted_grave	πορκιανος	Πορκιανὸς
AG	ag_lookup.json	untrusted_grave	πορκιανός	Πορκιανὸς
AG	ag_lookup.json	untrusted_grave	πορκιανὸς	Πορκιανὸς
AG	ag_lookup.json	untrusted_grave	Πραντὸς	Πραντὸς
AG	ag_lookup.json	untrusted_grave	Πρειμιανός	Πρειμιανὸς
AG	ag_lookup.json	untrusted_grave	Πρειμιανὸς	Πρειμιανὸς
AG	ag_lookup.json	untrusted_grave	πρειμιανος	Πρειμιανὸς
AG	ag_lookup.json	untrusted_grave	πρειμιανός	Πρειμιανὸς
AG	ag_lookup.json	untrusted_grave	πρειμιανὸς	Πρειμιανὸς
AG	ag_lookup.json	untrusted_grave	Προβατιανός	Προβατιανὸς
AG	ag_lookup.json	untrusted_grave	Προβατιανὸς	Προβατιανὸς
AG	ag_lookup.json	untrusted_grave	προβατιανος	Προβατιανὸς
AG	ag_lookup.json	untrusted_grave	προβατιανός	Προβατιανὸς
AG	ag_lookup.json	untrusted_grave	προβατιανὸς	Προβατιανὸς
AG	ag_lookup.json	untrusted_grave	Πρωιείς	Πρωιεὶς
AG	ag_lookup.json	untrusted_grave	Πρωιεὶς	Πρωιεὶς
AG	ag_lookup.json	untrusted_grave	πρωιείς	Πρωιεὶς
AG	ag_lookup.json	untrusted_grave	πρωιεις	Πρωιεὶς
AG	ag_lookup.json	untrusted_grave	πρωιεὶς	Πρωιεὶς
AG	ag_lookup.json	untrusted_grave	Πτεκλόμ	Πτεκλὸμ
AG	ag_lookup.json	untrusted_grave	Πτεκλὸμ	Πτεκλὸμ
AG	ag_lookup.json	untrusted_grave	πτεκλομ	Πτεκλὸμ
AG	ag_lookup.json	untrusted_grave	πτεκλόμ	Πτεκλὸμ
AG	ag_lookup.json	untrusted_grave	πτεκλὸμ	Πτεκλὸμ
AG	ag_lookup.json	untrusted_grave	Σαμοοήλ	Σαμοοὴλ
AG	ag_lookup.json	untrusted_grave	Σαμοοὴλ	Σαμοοὴλ
AG	ag_lookup.json	untrusted_grave	σαμοοήλ	Σαμοοὴλ
AG	ag_lookup.json	untrusted_grave	σαμοοηλ	Σαμοοὴλ
AG	ag_lookup.json	untrusted_grave	σαμοοὴλ	Σαμοοὴλ
AG	ag_lookup.json	untrusted_grave	Σαπρός	Σαπρὸς
AG	ag_lookup.json	untrusted_grave	Σαπρὸς	Σαπρὸς
AG	ag_lookup.json	untrusted_grave	σαπρὸς	Σαπρὸς
AG	ag_lookup.json	untrusted_grave	Σεειανός	Σεειανὸς
AG	ag_lookup.json	untrusted_grave	Σεειανὸς	Σεειανὸς
AG	ag_lookup.json	untrusted_grave	σεειανος	Σεειανὸς
AG	ag_lookup.json	untrusted_grave	σεειανός	Σεειανὸς
AG	ag_lookup.json	untrusted_grave	σεειανὸς	Σεειανὸς
AG	ag_lookup.json	untrusted_grave	Σειγηριανός	Σειγηριανὸς
AG	ag_lookup.json	untrusted_grave	Σειγηριανὸς	Σειγηριανὸς
AG	ag_lookup.json	untrusted_grave	σειγηριανος	Σειγηριανὸς
AG	ag_lookup.json	untrusted_grave	σειγηριανός	Σειγηριανὸς
AG	ag_lookup.json	untrusted_grave	σειγηριανὸς	Σειγηριανὸς
AG	ag_lookup.json	untrusted_grave	Σεναργηυΐς	Σεναργηυῒς
AG	ag_lookup.json	untrusted_grave	Σεναργηυῒς	Σεναργηυῒς
AG	ag_lookup.json	untrusted_grave	σεναργηυΐς	Σεναργηυῒς
AG	ag_lookup.json	untrusted_grave	σεναργηυις	Σεναργηυῒς
AG	ag_lookup.json	untrusted_grave	σεναργηυῒς	Σεναργηυῒς
AG	ag_lookup.json	untrusted_grave	Σενπογχίς	Σενπογχὶς
AG	ag_lookup.json	untrusted_grave	Σενπογχὶς	Σενπογχὶς
AG	ag_lookup.json	untrusted_grave	σενπογχίς	Σενπογχὶς
AG	ag_lookup.json	untrusted_grave	σενπογχις	Σενπογχὶς
AG	ag_lookup.json	untrusted_grave	σενπογχὶς	Σενπογχὶς
AG	ag_lookup.json	untrusted_grave	Σενσιχόλ	Σενσιχὸλ
AG	ag_lookup.json	untrusted_grave	Σενσιχὸλ	Σενσιχὸλ
AG	ag_lookup.json	untrusted_grave	σενσιχολ	Σενσιχὸλ
AG	ag_lookup.json	untrusted_grave	σενσιχόλ	Σενσιχὸλ
AG	ag_lookup.json	untrusted_grave	σενσιχὸλ	Σενσιχὸλ
AG	ag_lookup.json	untrusted_grave	Σεντιανός	Σεντιανὸς
AG	ag_lookup.json	untrusted_grave	Σεντιανὸς	Σεντιανὸς
AG	ag_lookup.json	untrusted_grave	σεντιανος	Σεντιανὸς
AG	ag_lookup.json	untrusted_grave	σεντιανός	Σεντιανὸς
AG	ag_lookup.json	untrusted_grave	σεντιανὸς	Σεντιανὸς
AG	ag_lookup.json	untrusted_grave	Σεπτιμιανός	Σεπτιμιανὸς
AG	ag_lookup.json	untrusted_grave	Σεπτιμιανὸς	Σεπτιμιανὸς
AG	ag_lookup.json	untrusted_grave	σεπτιμιανος	Σεπτιμιανὸς
AG	ag_lookup.json	untrusted_grave	σεπτιμιανός	Σεπτιμιανὸς
AG	ag_lookup.json	untrusted_grave	σεπτιμιανὸς	Σεπτιμιανὸς
AG	ag_lookup.json	untrusted_grave	Σεργιανός	Σεργιανὸς
AG	ag_lookup.json	untrusted_grave	Σεργιανὸς	Σεργιανὸς
AG	ag_lookup.json	untrusted_grave	σεργιανος	Σεργιανὸς
AG	ag_lookup.json	untrusted_grave	σεργιανός	Σεργιανὸς
AG	ag_lookup.json	untrusted_grave	σεργιανὸς	Σεργιανὸς
AG	ag_lookup.json	untrusted_grave	Σερενιανός	Σερενιανὸς
AG	ag_lookup.json	untrusted_grave	Σερενιανὸς	Σερενιανὸς
AG	ag_lookup.json	untrusted_grave	σερενιανος	Σερενιανὸς
AG	ag_lookup.json	untrusted_grave	σερενιανός	Σερενιανὸς
AG	ag_lookup.json	untrusted_grave	σερενιανὸς	Σερενιανὸς
AG	ag_lookup.json	untrusted_grave	Σιλιανὸς	Σιλιανὸς
AG	ag_lookup.json	untrusted_grave	σιλιανὸς	Σιλιανὸς
AG	ag_lookup.json	untrusted_grave	Σκνίψ	Σκνὶψ
AG	ag_lookup.json	untrusted_grave	Σκνὶψ	Σκνὶψ
AG	ag_lookup.json	untrusted_grave	σκνὶψ	Σκνὶψ
AG	ag_lookup.json	untrusted_grave	Σκίμ	Σκὶμ
AG	ag_lookup.json	untrusted_grave	Σκὶμ	Σκὶμ
AG	ag_lookup.json	untrusted_grave	σκίμ	Σκὶμ
AG	ag_lookup.json	untrusted_grave	σκιμ	Σκὶμ
AG	ag_lookup.json	untrusted_grave	σκὶμ	Σκὶμ
AG	ag_lookup.json	untrusted_grave	σολομωνιακος λιθε	Σολομωνιακὸς λίθος
AG	ag_lookup.json	untrusted_grave	σολομωνιακος λιθοι	Σολομωνιακὸς λίθος
AG	ag_lookup.json	untrusted_grave	σολομωνιακος λιθοιν	Σολομωνιακὸς λίθος
AG	ag_lookup.json	untrusted_grave	σολομωνιακος λιθοις	Σολομωνιακὸς λίθος
AG	ag_lookup.json	untrusted_grave	σολομωνιακος λιθον	Σολομωνιακὸς λίθος
AG	ag_lookup.json	untrusted_grave	σολομωνιακος λιθος	Σολομωνιακὸς λίθος
AG	ag_lookup.json	untrusted_grave	σολομωνιακος λιθου	Σολομωνιακὸς λίθος
AG	ag_lookup.json	untrusted_grave	σολομωνιακος λιθους	Σολομωνιακὸς λίθος
AG	ag_lookup.json	untrusted_grave	σολομωνιακος λιθω	Σολομωνιακὸς λίθος
AG	ag_lookup.json	untrusted_grave	σολομωνιακος λιθων	Σολομωνιακὸς λίθος
AG	ag_lookup.json	untrusted_grave	Σουηριανὸς	Σουηριανὸς
AG	ag_lookup.json	untrusted_grave	σουηριανὸς	Σουηριανὸς
AG	ag_lookup.json	untrusted_grave	Σοφιστής	Σοφιστὴς
AG	ag_lookup.json	untrusted_grave	Σοφιστὴς	Σοφιστὴς
AG	ag_lookup.json	untrusted_grave	σοφιστὴς	Σοφιστὴς
AG	ag_lookup.json	untrusted_grave	Σπινός	Σπινὸς
AG	ag_lookup.json	untrusted_grave	Σπινὸς	Σπινὸς
AG	ag_lookup.json	untrusted_grave	σπινὸς	Σπινὸς
AG	ag_lookup.json	untrusted_grave	Στρατήγιοντός	Στρατήγιοντὸς
AG	ag_lookup.json	untrusted_grave	Στρατήγιοντὸς	Στρατήγιοντὸς
AG	ag_lookup.json	untrusted_grave	στρατήγιοντός	Στρατήγιοντὸς
AG	ag_lookup.json	untrusted_grave	στρατήγιοντὸς	Στρατήγιοντὸς
AG	ag_lookup.json	untrusted_grave	στρατηγιοντος	Στρατήγιοντὸς
AG	ag_lookup.json	untrusted_grave	Ταγείς	Ταγεὶς
AG	ag_lookup.json	untrusted_grave	Ταγεὶς	Ταγεὶς
AG	ag_lookup.json	untrusted_grave	ταγεὶς	Ταγεὶς
AG	ag_lookup.json	untrusted_grave	Ταδελφή	Ταδελφὴ
AG	ag_lookup.json	untrusted_grave	Ταδελφὴ	Ταδελφὴ
AG	ag_lookup.json	untrusted_grave	ταδελφή	Ταδελφὴ
AG	ag_lookup.json	untrusted_grave	ταδελφη	Ταδελφὴ
AG	ag_lookup.json	untrusted_grave	ταδελφὴ	Ταδελφὴ
AG	ag_lookup.json	untrusted_grave	Ταδιανός	Ταδιανὸς
AG	ag_lookup.json	untrusted_grave	Ταδιανὸς	Ταδιανὸς
AG	ag_lookup.json	untrusted_grave	ταδιανος	Ταδιανὸς
AG	ag_lookup.json	untrusted_grave	ταδιανός	Ταδιανὸς
AG	ag_lookup.json	untrusted_grave	ταδιανὸς	Ταδιανὸς
AG	ag_lookup.json	untrusted_grave	Ταλωπιτίς	Ταλωπιτὶς
AG	ag_lookup.json	untrusted_grave	Ταλωπιτὶς	Ταλωπιτὶς
AG	ag_lookup.json	untrusted_grave	ταλωπιτίς	Ταλωπιτὶς
AG	ag_lookup.json	untrusted_grave	ταλωπιτις	Ταλωπιτὶς
AG	ag_lookup.json	untrusted_grave	ταλωπιτὶς	Ταλωπιτὶς
AG	ag_lookup.json	untrusted_grave	Ταλός	Ταλὸς
AG	ag_lookup.json	untrusted_grave	Ταλὸς	Ταλὸς
AG	ag_lookup.json	untrusted_grave	ταλός	Ταλὸς
AG	ag_lookup.json	untrusted_grave	ταλὸς	Ταλὸς
AG	ag_lookup.json	untrusted_grave	Τανεφρίς	Τανεφρὶς
AG	ag_lookup.json	untrusted_grave	Τανεφρὶς	Τανεφρὶς
AG	ag_lookup.json	untrusted_grave	τανεφρίς	Τανεφρὶς
AG	ag_lookup.json	untrusted_grave	τανεφρις	Τανεφρὶς
AG	ag_lookup.json	untrusted_grave	τανεφρὶς	Τανεφρὶς
AG	ag_lookup.json	untrusted_grave	Ταίφ	Ταὶφ
AG	ag_lookup.json	untrusted_grave	Ταὶφ	Ταὶφ
AG	ag_lookup.json	untrusted_grave	ταίφ	Ταὶφ
AG	ag_lookup.json	untrusted_grave	ταιφ	Ταὶφ
AG	ag_lookup.json	untrusted_grave	ταὶφ	Ταὶφ
AG	ag_lookup.json	untrusted_grave	Τειτιανός	Τειτιανὸς
AG	ag_lookup.json	untrusted_grave	Τειτιανὸς	Τειτιανὸς
AG	ag_lookup.json	untrusted_grave	τειτιανος	Τειτιανὸς
AG	ag_lookup.json	untrusted_grave	τειτιανός	Τειτιανὸς
AG	ag_lookup.json	untrusted_grave	τειτιανὸς	Τειτιανὸς
AG	ag_lookup.json	untrusted_grave	Τερεντιανὸς	Τερεντιανὸς
AG	ag_lookup.json	untrusted_grave	τερεντιανὸς	Τερεντιανὸς
AG	ag_lookup.json	untrusted_grave	Τερεντινός	Τερεντινὸς
AG	ag_lookup.json	untrusted_grave	Τερεντινὸς	Τερεντινὸς
AG	ag_lookup.json	untrusted_grave	τερεντινος	Τερεντινὸς
AG	ag_lookup.json	untrusted_grave	τερεντινός	Τερεντινὸς
AG	ag_lookup.json	untrusted_grave	τερεντινὸς	Τερεντινὸς
AG	ag_lookup.json	untrusted_grave	Τερττιανός	Τερττιανὸς
AG	ag_lookup.json	untrusted_grave	Τερττιανὸς	Τερττιανὸς
AG	ag_lookup.json	untrusted_grave	τερττιανος	Τερττιανὸς
AG	ag_lookup.json	untrusted_grave	τερττιανός	Τερττιανὸς
AG	ag_lookup.json	untrusted_grave	τερττιανὸς	Τερττιανὸς
AG	ag_lookup.json	untrusted_grave	Τεφερσαείς	Τεφερσαεὶς
AG	ag_lookup.json	untrusted_grave	Τεφερσαεὶς	Τεφερσαεὶς
AG	ag_lookup.json	untrusted_grave	τεφερσαείς	Τεφερσαεὶς
AG	ag_lookup.json	untrusted_grave	τεφερσαεις	Τεφερσαεὶς
AG	ag_lookup.json	untrusted_grave	τεφερσαεὶς	Τεφερσαεὶς
AG	ag_lookup.json	untrusted_grave	Τηρικός	Τηρικὸς
AG	ag_lookup.json	untrusted_grave	Τηρικὸς	Τηρικὸς
AG	ag_lookup.json	untrusted_grave	τηρικος	Τηρικὸς
AG	ag_lookup.json	untrusted_grave	τηρικός	Τηρικὸς
AG	ag_lookup.json	untrusted_grave	τηρικὸς	Τηρικὸς
AG	ag_lookup.json	untrusted_grave	Τιενόρ	Τιενὸρ
AG	ag_lookup.json	untrusted_grave	Τιενὸρ	Τιενὸρ
AG	ag_lookup.json	untrusted_grave	τιενορ	Τιενὸρ
AG	ag_lookup.json	untrusted_grave	τιενόρ	Τιενὸρ
AG	ag_lookup.json	untrusted_grave	τιενὸρ	Τιενὸρ
AG	ag_lookup.json	untrusted_grave	Τιενώρ	Τιενὼρ
AG	ag_lookup.json	untrusted_grave	Τιενὼρ	Τιενὼρ
AG	ag_lookup.json	untrusted_grave	τιενωρ	Τιενὼρ
AG	ag_lookup.json	untrusted_grave	τιενώρ	Τιενὼρ
AG	ag_lookup.json	untrusted_grave	τιενὼρ	Τιενὼρ
AG	ag_lookup.json	untrusted_grave	Τιτανιανός	Τιτανιανὸς
AG	ag_lookup.json	untrusted_grave	Τιτανιανὸς	Τιτανιανὸς
AG	ag_lookup.json	untrusted_grave	τιτανιανος	Τιτανιανὸς
AG	ag_lookup.json	untrusted_grave	τιτανιανός	Τιτανιανὸς
AG	ag_lookup.json	untrusted_grave	τιτανιανὸς	Τιτανιανὸς
AG	ag_lookup.json	untrusted_grave	Τκαβόν	Τκαβὸν
AG	ag_lookup.json	untrusted_grave	Τκαβὸν	Τκαβὸν
AG	ag_lookup.json	untrusted_grave	τκαβον	Τκαβὸν
AG	ag_lookup.json	untrusted_grave	τκαβόν	Τκαβὸν
AG	ag_lookup.json	untrusted_grave	τκαβὸν	Τκαβὸν
AG	ag_lookup.json	untrusted_grave	Τλακόν	Τλακὸν
AG	ag_lookup.json	untrusted_grave	Τλακὸν	Τλακὸν
AG	ag_lookup.json	untrusted_grave	τλακον	Τλακὸν
AG	ag_lookup.json	untrusted_grave	τλακόν	Τλακὸν
AG	ag_lookup.json	untrusted_grave	τλακὸν	Τλακὸν
AG	ag_lookup.json	untrusted_grave	Τοτσίς	Τοτσὶς
AG	ag_lookup.json	untrusted_grave	Τοτσὶς	Τοτσὶς
AG	ag_lookup.json	untrusted_grave	τοτσίς	Τοτσὶς
AG	ag_lookup.json	untrusted_grave	τοτσις	Τοτσὶς
AG	ag_lookup.json	untrusted_grave	τοτσὶς	Τοτσὶς
AG	ag_lookup.json	untrusted_grave	τριτων-ιας λιμνα	Τριτων-ιὰς λίμνη
AG	ag_lookup.json	untrusted_grave	τριτων-ιας λιμναι	Τριτων-ιὰς λίμνη
AG	ag_lookup.json	untrusted_grave	τριτων-ιας λιμναιν	Τριτων-ιὰς λίμνη
AG	ag_lookup.json	untrusted_grave	τριτων-ιας λιμναις	Τριτων-ιὰς λίμνη
AG	ag_lookup.json	untrusted_grave	τριτων-ιας λιμνας	Τριτων-ιὰς λίμνη
AG	ag_lookup.json	untrusted_grave	τριτων-ιας λιμνη	Τριτων-ιὰς λίμνη
AG	ag_lookup.json	untrusted_grave	τριτων-ιας λιμνην	Τριτων-ιὰς λίμνη
AG	ag_lookup.json	untrusted_grave	τριτων-ιας λιμνης	Τριτων-ιὰς λίμνη
AG	ag_lookup.json	untrusted_grave	τριτων-ιας λιμνων	Τριτων-ιὰς λίμνη
AG	ag_lookup.json	untrusted_grave	τριτωνιας λιμνα	Τριτωνιὰς λίμνη
AG	ag_lookup.json	untrusted_grave	τριτωνιας λιμναι	Τριτωνιὰς λίμνη
AG	ag_lookup.json	untrusted_grave	τριτωνιας λιμναιν	Τριτωνιὰς λίμνη
AG	ag_lookup.json	untrusted_grave	τριτωνιας λιμναις	Τριτωνιὰς λίμνη
AG	ag_lookup.json	untrusted_grave	τριτωνιας λιμνας	Τριτωνιὰς λίμνη
AG	ag_lookup.json	untrusted_grave	τριτωνιας λιμνη	Τριτωνιὰς λίμνη
AG	ag_lookup.json	untrusted_grave	τριτωνιας λιμνην	Τριτωνιὰς λίμνη
AG	ag_lookup.json	untrusted_grave	τριτωνιας λιμνης	Τριτωνιὰς λίμνη
AG	ag_lookup.json	untrusted_grave	τριτωνιας λιμνων	Τριτωνιὰς λίμνη
AG	ag_lookup.json	untrusted_grave	Τρυφωνιανὸς	Τρυφωνιανὸς
AG	ag_lookup.json	untrusted_grave	τρυφωνιανὸς	Τρυφωνιανὸς
AG	ag_lookup.json	untrusted_grave	Τυρρανίς	Τυρρανὶς
AG	ag_lookup.json	untrusted_grave	Τυρρανὶς	Τυρρανὶς
AG	ag_lookup.json	untrusted_grave	τυρρανίς	Τυρρανὶς
AG	ag_lookup.json	untrusted_grave	τυρρανις	Τυρρανὶς
AG	ag_lookup.json	untrusted_grave	τυρρανὶς	Τυρρανὶς
AG	ag_lookup.json	untrusted_grave	Τυφλός	Τυφλὸς
AG	ag_lookup.json	untrusted_grave	Τυφλὸς	Τυφλὸς
AG	ag_lookup.json	untrusted_grave	τυφλὸς	Τυφλὸς
AG	ag_lookup.json	untrusted_grave	Φαβανίς	Φαβανὶς
AG	ag_lookup.json	untrusted_grave	Φαβανὶς	Φαβανὶς
AG	ag_lookup.json	untrusted_grave	φαβανίς	Φαβανὶς
AG	ag_lookup.json	untrusted_grave	φαβανις	Φαβανὶς
AG	ag_lookup.json	untrusted_grave	φαβανὶς	Φαβανὶς
AG	ag_lookup.json	untrusted_grave	Φανακαλίλ	Φανακαλὶλ
AG	ag_lookup.json	untrusted_grave	Φανακαλὶλ	Φανακαλὶλ
AG	ag_lookup.json	untrusted_grave	φανακαλίλ	Φανακαλὶλ
AG	ag_lookup.json	untrusted_grave	φανακαλιλ	Φανακαλὶλ
AG	ag_lookup.json	untrusted_grave	φανακαλὶλ	Φανακαλὶλ
AG	ag_lookup.json	untrusted_grave	Φανβαρτός	Φανβαρτὸς
AG	ag_lookup.json	untrusted_grave	Φανβαρτὸς	Φανβαρτὸς
AG	ag_lookup.json	untrusted_grave	φανβαρτος	Φανβαρτὸς
AG	ag_lookup.json	untrusted_grave	φανβαρτός	Φανβαρτὸς
AG	ag_lookup.json	untrusted_grave	φανβαρτὸς	Φανβαρτὸς
AG	ag_lookup.json	untrusted_grave	Φανιανός	Φανιανὸς
AG	ag_lookup.json	untrusted_grave	Φανιανὸς	Φανιανὸς
AG	ag_lookup.json	untrusted_grave	φανιανος	Φανιανὸς
AG	ag_lookup.json	untrusted_grave	φανιανός	Φανιανὸς
AG	ag_lookup.json	untrusted_grave	φανιανὸς	Φανιανὸς
AG	ag_lookup.json	untrusted_grave	Φαρίμ	Φαρὶμ
AG	ag_lookup.json	untrusted_grave	Φαρὶμ	Φαρὶμ
AG	ag_lookup.json	untrusted_grave	φαρίμ	Φαρὶμ
AG	ag_lookup.json	untrusted_grave	φαριμ	Φαρὶμ
AG	ag_lookup.json	untrusted_grave	φαρὶμ	Φαρὶμ
AG	ag_lookup.json	untrusted_grave	Φλαυιανός	Φλαυιανὸς
AG	ag_lookup.json	untrusted_grave	Φλαυιανὸς	Φλαυιανὸς
AG	ag_lookup.json	untrusted_grave	φλαυιανος	Φλαυιανὸς
AG	ag_lookup.json	untrusted_grave	φλαυιανός	Φλαυιανὸς
AG	ag_lookup.json	untrusted_grave	φλαυιανὸς	Φλαυιανὸς
AG	ag_lookup.json	untrusted_grave	Χαιρημονὶς	Χαιρημονὶς
AG	ag_lookup.json	untrusted_grave	χαιρημονὶς	Χαιρημονὶς
AG	ag_lookup.json	untrusted_grave	Χαιρημωνίς	Χαιρημωνὶς
AG	ag_lookup.json	untrusted_grave	Χαιρημωνὶς	Χαιρημωνὶς
AG	ag_lookup.json	untrusted_grave	χαιρημωνίς	Χαιρημωνὶς
AG	ag_lookup.json	untrusted_grave	χαιρημωνις	Χαιρημωνὶς
AG	ag_lookup.json	untrusted_grave	χαιρημωνὶς	Χαιρημωνὶς
AG	ag_lookup.json	untrusted_grave	Χλαυχίς	Χλαυχὶς
AG	ag_lookup.json	untrusted_grave	Χλαυχὶς	Χλαυχὶς
AG	ag_lookup.json	untrusted_grave	χλαυχίς	Χλαυχὶς
AG	ag_lookup.json	untrusted_grave	χλαυχις	Χλαυχὶς
AG	ag_lookup.json	untrusted_grave	χλαυχὶς	Χλαυχὶς
AG	ag_lookup.json	untrusted_grave	Χρηστιανὸς	Χρηστιανὸς
AG	ag_lookup.json	untrusted_grave	χρηστιανὸς	Χρηστιανὸς
AG	ag_lookup.json	untrusted_grave	Χωρίς	Χωρὶς
AG	ag_lookup.json	untrusted_grave	Χωρὶς	Χωρὶς
AG	ag_lookup.json	untrusted_grave	χωρὶς	Χωρὶς
AG	ag_lookup.json	untrusted_grave	Ψαβήτ	Ψαβὴτ
AG	ag_lookup.json	untrusted_grave	Ψαβὴτ	Ψαβὴτ
AG	ag_lookup.json	untrusted_grave	ψαβήτ	Ψαβὴτ
AG	ag_lookup.json	untrusted_grave	ψαβητ	Ψαβὴτ
AG	ag_lookup.json	untrusted_grave	ψαβὴτ	Ψαβὴτ
AG	ag_lookup.json	untrusted_grave	Ψανκλόμ	Ψανκλὸμ
AG	ag_lookup.json	untrusted_grave	Ψανκλὸμ	Ψανκλὸμ
AG	ag_lookup.json	untrusted_grave	ψανκλομ	Ψανκλὸμ
AG	ag_lookup.json	untrusted_grave	ψανκλόμ	Ψανκλὸμ
AG	ag_lookup.json	untrusted_grave	ψανκλὸμ	Ψανκλὸμ
AG	ag_lookup.json	untrusted_grave	Ψανσνός	Ψανσνὸς
AG	ag_lookup.json	untrusted_grave	Ψανσνὸς	Ψανσνὸς
AG	ag_lookup.json	untrusted_grave	ψανσνος	Ψανσνὸς
AG	ag_lookup.json	untrusted_grave	ψανσνός	Ψανσνὸς
AG	ag_lookup.json	untrusted_grave	ψανσνὸς	Ψανσνὸς
AG	ag_lookup.json	untrusted_grave	Ψενανεής	Ψενανεὴς
AG	ag_lookup.json	untrusted_grave	Ψενανεὴς	Ψενανεὴς
AG	ag_lookup.json	untrusted_grave	ψενανεής	Ψενανεὴς
AG	ag_lookup.json	untrusted_grave	ψενανεης	Ψενανεὴς
AG	ag_lookup.json	untrusted_grave	ψενανεὴς	Ψενανεὴς
AG	ag_lookup.json	untrusted_grave	απὸ	απὸ
AG	ag_lookup.json	untrusted_grave	ατινά	ατινὰ
AG	ag_lookup.json	untrusted_grave	αἰδάδ	αἰδὰδ
AG	ag_lookup.json	untrusted_grave	αἰδὰδ	αἰδὰδ
AG	ag_lookup.json	untrusted_grave	βαδόν	βαδὸν
AG	ag_lookup.json	untrusted_grave	γριπ-ηις τεχνα	γριπ-ηὶς τέχνη
AG	ag_lookup.json	untrusted_grave	γριπ-ηις τεχναι	γριπ-ηὶς τέχνη
AG	ag_lookup.json	untrusted_grave	γριπ-ηις τεχναιν	γριπ-ηὶς τέχνη
AG	ag_lookup.json	untrusted_grave	γριπ-ηις τεχναις	γριπ-ηὶς τέχνη
AG	ag_lookup.json	untrusted_grave	γριπ-ηις τεχνας	γριπ-ηὶς τέχνη
AG	ag_lookup.json	untrusted_grave	γριπ-ηις τεχνη	γριπ-ηὶς τέχνη
AG	ag_lookup.json	untrusted_grave	γριπ-ηις τεχνην	γριπ-ηὶς τέχνη
AG	ag_lookup.json	untrusted_grave	γριπ-ηις τεχνης	γριπ-ηὶς τέχνη
AG	ag_lookup.json	untrusted_grave	γριπ-ηις τεχνων	γριπ-ηὶς τέχνη
AG	ag_lookup.json	untrusted_grave	γριπηις τεχνα	γριπηὶς τέχνη
AG	ag_lookup.json	untrusted_grave	γριπηις τεχναι	γριπηὶς τέχνη
AG	ag_lookup.json	untrusted_grave	γριπηις τεχναιν	γριπηὶς τέχνη
AG	ag_lookup.json	untrusted_grave	γριπηις τεχναις	γριπηὶς τέχνη
AG	ag_lookup.json	untrusted_grave	γριπηις τεχνας	γριπηὶς τέχνη
AG	ag_lookup.json	untrusted_grave	γριπηις τεχνη	γριπηὶς τέχνη
AG	ag_lookup.json	untrusted_grave	γριπηις τεχνην	γριπηὶς τέχνη
AG	ag_lookup.json	untrusted_grave	γριπηις τεχνης	γριπηὶς τέχνη
AG	ag_lookup.json	untrusted_grave	γριπηις τεχνων	γριπηὶς τέχνη
AG	ag_lookup.json	untrusted_grave	διασκέ	διασκὲ
AG	ag_lookup.json	untrusted_grave	δέρ	δὲρ
AG	ag_lookup.json	untrusted_grave	επὶ	επὶ
AG	ag_lookup.json	untrusted_grave	ερὲς	ερὲς
AG	ag_lookup.json	untrusted_grave	εἰσβάλ	εἰσβὰλ
AG	ag_lookup.json	untrusted_grave	εἰσό	εἰσὸ
AG	ag_lookup.json	untrusted_grave	ζβυχθηδόν	ζβυχθηδὸν
AG	ag_lookup.json	untrusted_grave	ζβυχθηδὸν	ζβυχθηδὸν
AG	ag_lookup.json	untrusted_grave	ικαὶ	ικαὶ
AG	ag_lookup.json	untrusted_grave	ιὴν	ιὴν
AG	ag_lookup.json	untrusted_grave	κακοζηλό	κακοζηλὸ
AG	ag_lookup.json	untrusted_grave	καλύ	καλὺ
AG	ag_lookup.json	untrusted_grave	καρυ-ωτε	καρυ-ωτὸς
AG	ag_lookup.json	untrusted_grave	καρυ-ωτοι	καρυ-ωτὸς
AG	ag_lookup.json	untrusted_grave	καρυ-ωτοιν	καρυ-ωτὸς
AG	ag_lookup.json	untrusted_grave	καρυ-ωτοις	καρυ-ωτὸς
AG	ag_lookup.json	untrusted_grave	καρυ-ωτον	καρυ-ωτὸς
AG	ag_lookup.json	untrusted_grave	καρυ-ωτος	καρυ-ωτὸς
AG	ag_lookup.json	untrusted_grave	καρυ-ωτου	καρυ-ωτὸς
AG	ag_lookup.json	untrusted_grave	καρυ-ωτους	καρυ-ωτὸς
AG	ag_lookup.json	untrusted_grave	καρυ-ωτω	καρυ-ωτὸς
AG	ag_lookup.json	untrusted_grave	καρυ-ωτων	καρυ-ωτὸς
AG	ag_lookup.json	untrusted_grave	καραδινεε	καρὰδινέω
AG	ag_lookup.json	untrusted_grave	καραδινεει	καρὰδινέω
AG	ag_lookup.json	untrusted_grave	καραδινεειν	καρὰδινέω
AG	ag_lookup.json	untrusted_grave	καραδινεεις	καρὰδινέω
AG	ag_lookup.json	untrusted_grave	καραδινεεσθαι	καρὰδινέω
AG	ag_lookup.json	untrusted_grave	καραδινεεσθε	καρὰδινέω
AG	ag_lookup.json	untrusted_grave	καραδινεεσθον	καρὰδινέω
AG	ag_lookup.json	untrusted_grave	καραδινεεσθω	καρὰδινέω
AG	ag_lookup.json	untrusted_grave	καραδινεεσθων	καρὰδινέω
AG	ag_lookup.json	untrusted_grave	καραδινεεται	καρὰδινέω
AG	ag_lookup.json	untrusted_grave	καραδινεετε	καρὰδινέω
AG	ag_lookup.json	untrusted_grave	καραδινεετον	καρὰδινέω
AG	ag_lookup.json	untrusted_grave	καραδινεετω	καρὰδινέω
AG	ag_lookup.json	untrusted_grave	καραδινεετων	καρὰδινέω
AG	ag_lookup.json	untrusted_grave	καραδινεη	καρὰδινέω
AG	ag_lookup.json	untrusted_grave	καραδινεης	καρὰδινέω
AG	ag_lookup.json	untrusted_grave	καραδινεησθε	καρὰδινέω
AG	ag_lookup.json	untrusted_grave	καραδινεησθον	καρὰδινέω
AG	ag_lookup.json	untrusted_grave	καραδινεηται	καρὰδινέω
AG	ag_lookup.json	untrusted_grave	καραδινεητε	καρὰδινέω
AG	ag_lookup.json	untrusted_grave	καραδινεητον	καρὰδινέω
AG	ag_lookup.json	untrusted_grave	καραδινει	καρὰδινέω
AG	ag_lookup.json	untrusted_grave	καραδινειν	καρὰδινέω
AG	ag_lookup.json	untrusted_grave	καραδινεις	καρὰδινέω
AG	ag_lookup.json	untrusted_grave	καραδινεισθαι	καρὰδινέω
AG	ag_lookup.json	untrusted_grave	καραδινεισθε	καρὰδινέω
AG	ag_lookup.json	untrusted_grave	καραδινεισθον	καρὰδινέω
AG	ag_lookup.json	untrusted_grave	καραδινεισθω	καρὰδινέω
AG	ag_lookup.json	untrusted_grave	καραδινεισθων	καρὰδινέω
AG	ag_lookup.json	untrusted_grave	καραδινειται	καρὰδινέω
AG	ag_lookup.json	untrusted_grave	καραδινειτε	καρὰδινέω
AG	ag_lookup.json	untrusted_grave	καραδινειτον	καρὰδινέω
AG	ag_lookup.json	untrusted_grave	καραδινειτω	καρὰδινέω
AG	ag_lookup.json	untrusted_grave	καραδινειτων	καρὰδινέω
AG	ag_lookup.json	untrusted_grave	καραδινεοι	καρὰδινέω
AG	ag_lookup.json	untrusted_grave	καραδινεοιεν	καρὰδινέω
AG	ag_lookup.json	untrusted_grave	καραδινεοιμεθα	καρὰδινέω
AG	ag_lookup.json	untrusted_grave	καραδινεοιμεν	καρὰδινέω
AG	ag_lookup.json	untrusted_grave	καραδινεοιμην	καρὰδινέω
AG	ag_lookup.json	untrusted_grave	καραδινεοιμι	καρὰδινέω
AG	ag_lookup.json	untrusted_grave	καραδινεοιντο	καρὰδινέω
AG	ag_lookup.json	untrusted_grave	καραδινεοιο	καρὰδινέω
AG	ag_lookup.json	untrusted_grave	καραδινεοις	καρὰδινέω
AG	ag_lookup.json	untrusted_grave	καραδινεοισθε	καρὰδινέω
AG	ag_lookup.json	untrusted_grave	καραδινεοισθην	καρὰδινέω
AG	ag_lookup.json	untrusted_grave	καραδινεοισθον	καρὰδινέω
AG	ag_lookup.json	untrusted_grave	καραδινεοιτε	καρὰδινέω
AG	ag_lookup.json	untrusted_grave	καραδινεοιτην	καρὰδινέω
AG	ag_lookup.json	untrusted_grave	καραδινεοιτο	καρὰδινέω
AG	ag_lookup.json	untrusted_grave	καραδινεοιτον	καρὰδινέω
AG	ag_lookup.json	untrusted_grave	καραδινεομαι	καρὰδινέω
AG	ag_lookup.json	untrusted_grave	καραδινεομεθα	καρὰδινέω
AG	ag_lookup.json	untrusted_grave	καραδινεομεν	καρὰδινέω
AG	ag_lookup.json	untrusted_grave	καραδινεομενη	καρὰδινέω
AG	ag_lookup.json	untrusted_grave	καραδινεομενον	καρὰδινέω
AG	ag_lookup.json	untrusted_grave	καραδινεομενος	καρὰδινέω
AG	ag_lookup.json	untrusted_grave	καραδινεον	καρὰδινέω
AG	ag_lookup.json	untrusted_grave	καραδινεονται	καρὰδινέω
AG	ag_lookup.json	untrusted_grave	καραδινεοντων	καρὰδινέω
AG	ag_lookup.json	untrusted_grave	καραδινεου	καρὰδινέω
AG	ag_lookup.json	untrusted_grave	καραδινεουσα	καρὰδινέω
AG	ag_lookup.json	untrusted_grave	καραδινεουσι	καρὰδινέω
AG	ag_lookup.json	untrusted_grave	καραδινεουσιν	καρὰδινέω
AG	ag_lookup.json	untrusted_grave	καραδινεω	καρὰδινέω
AG	ag_lookup.json	untrusted_grave	καραδινεωμαι	καρὰδινέω
AG	ag_lookup.json	untrusted_grave	καραδινεωμεθα	καρὰδινέω
AG	ag_lookup.json	untrusted_grave	καραδινεωμεν	καρὰδινέω
AG	ag_lookup.json	untrusted_grave	καραδινεων	καρὰδινέω
AG	ag_lookup.json	untrusted_grave	καραδινεωνται	καρὰδινέω
AG	ag_lookup.json	untrusted_grave	καραδινεωσι	καρὰδινέω
AG	ag_lookup.json	untrusted_grave	καραδινεωσιν	καρὰδινέω
AG	ag_lookup.json	untrusted_grave	καραδινη	καρὰδινέω
AG	ag_lookup.json	untrusted_grave	καραδινης	καρὰδινέω
AG	ag_lookup.json	untrusted_grave	καραδινησθε	καρὰδινέω
AG	ag_lookup.json	untrusted_grave	καραδινησθον	καρὰδινέω
AG	ag_lookup.json	untrusted_grave	καραδινηται	καρὰδινέω
AG	ag_lookup.json	untrusted_grave	καραδινητε	καρὰδινέω
AG	ag_lookup.json	untrusted_grave	καραδινητον	καρὰδινέω
AG	ag_lookup.json	untrusted_grave	καραδινοι	καρὰδινέω
AG	ag_lookup.json	untrusted_grave	καραδινοιεν	καρὰδινέω
AG	ag_lookup.json	untrusted_grave	καραδινοιη	καρὰδινέω
AG	ag_lookup.json	untrusted_grave	καραδινοιημεν	καρὰδινέω
AG	ag_lookup.json	untrusted_grave	καραδινοιην	καρὰδινέω
AG	ag_lookup.json	untrusted_grave	καραδινοιης	καρὰδινέω
AG	ag_lookup.json	untrusted_grave	καραδινοιησαν	καρὰδινέω
AG	ag_lookup.json	untrusted_grave	καραδινοιητε	καρὰδινέω
AG	ag_lookup.json	untrusted_grave	καραδινοιητην	καρὰδινέω
AG	ag_lookup.json	untrusted_grave	καραδινοιητον	καρὰδινέω
AG	ag_lookup.json	untrusted_grave	καραδινοιμεθα	καρὰδινέω
AG	ag_lookup.json	untrusted_grave	καραδινοιμεν	καρὰδινέω
AG	ag_lookup.json	untrusted_grave	καραδινοιμην	καρὰδινέω
AG	ag_lookup.json	untrusted_grave	καραδινοιμι	καρὰδινέω
AG	ag_lookup.json	untrusted_grave	καραδινοιντο	καρὰδινέω
AG	ag_lookup.json	untrusted_grave	καραδινοιο	καρὰδινέω
AG	ag_lookup.json	untrusted_grave	καραδινοις	καρὰδινέω
AG	ag_lookup.json	untrusted_grave	καραδινοισθε	καρὰδινέω
AG	ag_lookup.json	untrusted_grave	καραδινοισθην	καρὰδινέω
AG	ag_lookup.json	untrusted_grave	καραδινοισθον	καρὰδινέω
AG	ag_lookup.json	untrusted_grave	καραδινοιτε	καρὰδινέω
AG	ag_lookup.json	untrusted_grave	καραδινοιτην	καρὰδινέω
AG	ag_lookup.json	untrusted_grave	καραδινοιτο	καρὰδινέω
AG	ag_lookup.json	untrusted_grave	καραδινοιτον	καρὰδινέω
AG	ag_lookup.json	untrusted_grave	καραδινου	καρὰδινέω
AG	ag_lookup.json	untrusted_grave	καραδινουμαι	καρὰδινέω
AG	ag_lookup.json	untrusted_grave	καραδινουμεθα	καρὰδινέω
AG	ag_lookup.json	untrusted_grave	καραδινουμεν	καρὰδινέω
AG	ag_lookup.json	untrusted_grave	καραδινουμενη	καρὰδινέω
AG	ag_lookup.json	untrusted_grave	καραδινουμενον	καρὰδινέω
AG	ag_lookup.json	untrusted_grave	καραδινουμενος	καρὰδινέω
AG	ag_lookup.json	untrusted_grave	καραδινουν	καρὰδινέω
AG	ag_lookup.json	untrusted_grave	καραδινουνται	καρὰδινέω
AG	ag_lookup.json	untrusted_grave	καραδινουντων	καρὰδινέω
AG	ag_lookup.json	untrusted_grave	καραδινουσα	καρὰδινέω
AG	ag_lookup.json	untrusted_grave	καραδινουσι	καρὰδινέω
AG	ag_lookup.json	untrusted_grave	καραδινουσιν	καρὰδινέω
AG	ag_lookup.json	untrusted_grave	καραδινω	καρὰδινέω
AG	ag_lookup.json	untrusted_grave	καραδινωμαι	καρὰδινέω
AG	ag_lookup.json	untrusted_grave	καραδινωμεθα	καρὰδινέω
AG	ag_lookup.json	untrusted_grave	καραδινωμεν	καρὰδινέω
AG	ag_lookup.json	untrusted_grave	καραδινων	καρὰδινέω
AG	ag_lookup.json	untrusted_grave	καραδινωνται	καρὰδινέω
AG	ag_lookup.json	untrusted_grave	καραδινωσι	καρὰδινέω
AG	ag_lookup.json	untrusted_grave	καραδινωσιν	καρὰδινέω
AG	ag_lookup.json	untrusted_grave	κατακεέ	κατακεὲ
AG	ag_lookup.json	untrusted_grave	καταμή	καταμὴ
AG	ag_lookup.json	untrusted_grave	καταντικρὺς	καταντικρὺς
AG	ag_lookup.json	untrusted_grave	κατοξὺ	κατοξὺ
AG	ag_lookup.json	untrusted_grave	καὶι	καὶι
AG	ag_lookup.json	untrusted_grave	κλιδόν	κλιδὸν
AG	ag_lookup.json	untrusted_grave	κλιδὸν	κλιδὸν
AG	ag_lookup.json	untrusted_grave	κλύ	κλὺ
AG	ag_lookup.json	untrusted_grave	κλῃδών	κλῃδὼν
AG	ag_lookup.json	untrusted_grave	κορσοειδης λιθε	κορσοειδὴς λίθος
AG	ag_lookup.json	untrusted_grave	κορσοειδης λιθοι	κορσοειδὴς λίθος
AG	ag_lookup.json	untrusted_grave	κορσοειδης λιθοιν	κορσοειδὴς λίθος
AG	ag_lookup.json	untrusted_grave	κορσοειδης λιθοις	κορσοειδὴς λίθος
AG	ag_lookup.json	untrusted_grave	κορσοειδης λιθον	κορσοειδὴς λίθος
AG	ag_lookup.json	untrusted_grave	κορσοειδης λιθος	κορσοειδὴς λίθος
AG	ag_lookup.json	untrusted_grave	κορσοειδης λιθου	κορσοειδὴς λίθος
AG	ag_lookup.json	untrusted_grave	κορσοειδης λιθους	κορσοειδὴς λίθος
AG	ag_lookup.json	untrusted_grave	κορσοειδης λιθω	κορσοειδὴς λίθος
AG	ag_lookup.json	untrusted_grave	κορσοειδης λιθων	κορσοειδὴς λίθος
AG	ag_lookup.json	untrusted_grave	κρινό	κρινὸ
AG	ag_lookup.json	untrusted_grave	κράξ	κρὰξ
AG	ag_lookup.json	untrusted_grave	κυνο-κεφαλοειδης πιθηκε	κυνο-κεφαλοειδὴς πίθηκος
AG	ag_lookup.json	untrusted_grave	κυνο-κεφαλοειδης πιθηκοι	κυνο-κεφαλοειδὴς πίθηκος
AG	ag_lookup.json	untrusted_grave	κυνο-κεφαλοειδης πιθηκοιν	κυνο-κεφαλοειδὴς πίθηκος
AG	ag_lookup.json	untrusted_grave	κυνο-κεφαλοειδης πιθηκοις	κυνο-κεφαλοειδὴς πίθηκος
AG	ag_lookup.json	untrusted_grave	κυνο-κεφαλοειδης πιθηκον	κυνο-κεφαλοειδὴς πίθηκος
AG	ag_lookup.json	untrusted_grave	κυνο-κεφαλοειδης πιθηκος	κυνο-κεφαλοειδὴς πίθηκος
AG	ag_lookup.json	untrusted_grave	κυνο-κεφαλοειδης πιθηκου	κυνο-κεφαλοειδὴς πίθηκος
AG	ag_lookup.json	untrusted_grave	κυνο-κεφαλοειδης πιθηκους	κυνο-κεφαλοειδὴς πίθηκος
AG	ag_lookup.json	untrusted_grave	κυνο-κεφαλοειδης πιθηκω	κυνο-κεφαλοειδὴς πίθηκος
AG	ag_lookup.json	untrusted_grave	κυνο-κεφαλοειδης πιθηκων	κυνο-κεφαλοειδὴς πίθηκος
AG	ag_lookup.json	untrusted_grave	κυνοκεφαλοειδης πιθηκε	κυνοκεφαλοειδὴς πίθηκος
AG	ag_lookup.json	untrusted_grave	κυνοκεφαλοειδης πιθηκοι	κυνοκεφαλοειδὴς πίθηκος
AG	ag_lookup.json	untrusted_grave	κυνοκεφαλοειδης πιθηκοιν	κυνοκεφαλοειδὴς πίθηκος
AG	ag_lookup.json	untrusted_grave	κυνοκεφαλοειδης πιθηκοις	κυνοκεφαλοειδὴς πίθηκος
AG	ag_lookup.json	untrusted_grave	κυνοκεφαλοειδης πιθηκον	κυνοκεφαλοειδὴς πίθηκος
AG	ag_lookup.json	untrusted_grave	κυνοκεφαλοειδης πιθηκος	κυνοκεφαλοειδὴς πίθηκος
AG	ag_lookup.json	untrusted_grave	κυνοκεφαλοειδης πιθηκου	κυνοκεφαλοειδὴς πίθηκος
AG	ag_lookup.json	untrusted_grave	κυνοκεφαλοειδης πιθηκους	κυνοκεφαλοειδὴς πίθηκος
AG	ag_lookup.json	untrusted_grave	κυνοκεφαλοειδης πιθηκω	κυνοκεφαλοειδὴς πίθηκος
AG	ag_lookup.json	untrusted_grave	κυνοκεφαλοειδης πιθηκων	κυνοκεφαλοειδὴς πίθηκος
AG	ag_lookup.json	untrusted_grave	κυφαγωγ-ος ιππε	κυφαγωγ-ὸς ἵππος
AG	ag_lookup.json	untrusted_grave	κυφαγωγ-ος ιπποι	κυφαγωγ-ὸς ἵππος
AG	ag_lookup.json	untrusted_grave	κυφαγωγ-ος ιπποιν	κυφαγωγ-ὸς ἵππος
AG	ag_lookup.json	untrusted_grave	κυφαγωγ-ος ιπποις	κυφαγωγ-ὸς ἵππος
AG	ag_lookup.json	untrusted_grave	κυφαγωγ-ος ιππον	κυφαγωγ-ὸς ἵππος
AG	ag_lookup.json	untrusted_grave	κυφαγωγ-ος ιππος	κυφαγωγ-ὸς ἵππος
AG	ag_lookup.json	untrusted_grave	κυφαγωγ-ος ιππου	κυφαγωγ-ὸς ἵππος
AG	ag_lookup.json	untrusted_grave	κυφαγωγ-ος ιππους	κυφαγωγ-ὸς ἵππος
AG	ag_lookup.json	untrusted_grave	κυφαγωγ-ος ιππω	κυφαγωγ-ὸς ἵππος
AG	ag_lookup.json	untrusted_grave	κυφαγωγ-ος ιππων	κυφαγωγ-ὸς ἵππος
AG	ag_lookup.json	untrusted_grave	κυφαγωγος ιππε	κυφαγωγὸς ἵππος
AG	ag_lookup.json	untrusted_grave	κυφαγωγος ιπποι	κυφαγωγὸς ἵππος
AG	ag_lookup.json	untrusted_grave	κυφαγωγος ιπποιν	κυφαγωγὸς ἵππος
AG	ag_lookup.json	untrusted_grave	κυφαγωγος ιπποις	κυφαγωγὸς ἵππος
AG	ag_lookup.json	untrusted_grave	κυφαγωγος ιππον	κυφαγωγὸς ἵππος
AG	ag_lookup.json	untrusted_grave	κυφαγωγος ιππος	κυφαγωγὸς ἵππος
AG	ag_lookup.json	untrusted_grave	κυφαγωγος ιππου	κυφαγωγὸς ἵππος
AG	ag_lookup.json	untrusted_grave	κυφαγωγος ιππους	κυφαγωγὸς ἵππος
AG	ag_lookup.json	untrusted_grave	κυφαγωγος ιππω	κυφαγωγὸς ἵππος
AG	ag_lookup.json	untrusted_grave	κυφαγωγος ιππων	κυφαγωγὸς ἵππος
AG	ag_lookup.json	untrusted_grave	κάὶ	κὰι
AG	ag_lookup.json	untrusted_grave	κό	κὸ
AG	ag_lookup.json	untrusted_grave	κᾀπὸ	κᾀπὸ
AG	ag_lookup.json	untrusted_grave	λιχανοειδης τοπε	λιχανοειδὴς τόπος
AG	ag_lookup.json	untrusted_grave	λιχανοειδης τοποι	λιχανοειδὴς τόπος
AG	ag_lookup.json	untrusted_grave	λιχανοειδης τοποιν	λιχανοειδὴς τόπος
AG	ag_lookup.json	untrusted_grave	λιχανοειδης τοποις	λιχανοειδὴς τόπος
AG	ag_lookup.json	untrusted_grave	λιχανοειδης τοπον	λιχανοειδὴς τόπος
AG	ag_lookup.json	untrusted_grave	λιχανοειδης τοπος	λιχανοειδὴς τόπος
AG	ag_lookup.json	untrusted_grave	λιχανοειδης τοπου	λιχανοειδὴς τόπος
AG	ag_lookup.json	untrusted_grave	λιχανοειδης τοπους	λιχανοειδὴς τόπος
AG	ag_lookup.json	untrusted_grave	λιχανοειδης τοπω	λιχανοειδὴς τόπος
AG	ag_lookup.json	untrusted_grave	λιχανοειδης τοπων	λιχανοειδὴς τόπος
AG	ag_lookup.json	untrusted_grave	λὰς	λὰς
AG	ag_lookup.json	untrusted_grave	μελαν-αθηρ σιτε	μελαν-αθὴρ σῖτος
AG	ag_lookup.json	untrusted_grave	μελαν-αθηρ σιτοι	μελαν-αθὴρ σῖτος
AG	ag_lookup.json	untrusted_grave	μελαν-αθηρ σιτοιν	μελαν-αθὴρ σῖτος
AG	ag_lookup.json	untrusted_grave	μελαν-αθηρ σιτοις	μελαν-αθὴρ σῖτος
AG	ag_lookup.json	untrusted_grave	μελαν-αθηρ σιτον	μελαν-αθὴρ σῖτος
AG	ag_lookup.json	untrusted_grave	μελαν-αθηρ σιτος	μελαν-αθὴρ σῖτος
AG	ag_lookup.json	untrusted_grave	μελαν-αθηρ σιτου	μελαν-αθὴρ σῖτος
AG	ag_lookup.json	untrusted_grave	μελαν-αθηρ σιτους	μελαν-αθὴρ σῖτος
AG	ag_lookup.json	untrusted_grave	μελαν-αθηρ σιτω	μελαν-αθὴρ σῖτος
AG	ag_lookup.json	untrusted_grave	μελαν-αθηρ σιτων	μελαν-αθὴρ σῖτος
AG	ag_lookup.json	untrusted_grave	μελαναθηρ σιτε	μελαναθὴρ σῖτος
AG	ag_lookup.json	untrusted_grave	μελαναθηρ σιτοι	μελαναθὴρ σῖτος
AG	ag_lookup.json	untrusted_grave	μελαναθηρ σιτοιν	μελαναθὴρ σῖτος
AG	ag_lookup.json	untrusted_grave	μελαναθηρ σιτοις	μελαναθὴρ σῖτος
AG	ag_lookup.json	untrusted_grave	μελαναθηρ σιτον	μελαναθὴρ σῖτος
AG	ag_lookup.json	untrusted_grave	μελαναθηρ σιτος	μελαναθὴρ σῖτος
AG	ag_lookup.json	untrusted_grave	μελαναθηρ σιτου	μελαναθὴρ σῖτος
AG	ag_lookup.json	untrusted_grave	μελαναθηρ σιτους	μελαναθὴρ σῖτος
AG	ag_lookup.json	untrusted_grave	μελαναθηρ σιτω	μελαναθὴρ σῖτος
AG	ag_lookup.json	untrusted_grave	μελαναθηρ σιτων	μελαναθὴρ σῖτος
AG	ag_lookup.json	untrusted_grave	μεσφὶ	μεσφὶ
AG	ag_lookup.json	untrusted_grave	μεταπολὺ	μεταπολὺ
AG	ag_lookup.json	untrusted_grave	μονονοὺχ	μονονοὺχ
AG	ag_lookup.json	untrusted_grave	μπταξὺ	μπταξὺ
AG	ag_lookup.json	untrusted_grave	νβοέ	νβοὲ
AG	ag_lookup.json	untrusted_grave	ξὺγ	ξὺγ
AG	ag_lookup.json	untrusted_grave	ουδὲ	ουδὲ
AG	ag_lookup.json	untrusted_grave	οὃς	οὃς
AG	ag_lookup.json	untrusted_grave	οὐδεγὸς	οὐδεγὸς
AG	ag_lookup.json	untrusted_grave	οὐσὲ	οὐσὲ
AG	ag_lookup.json	untrusted_grave	οὔν	οὒν
AG	ag_lookup.json	untrusted_grave	παραπουλὺ	παραπουλὺ
AG	ag_lookup.json	untrusted_grave	πηχυαλες ιματια	πηχυαλὲς ἱμάτιον
AG	ag_lookup.json	untrusted_grave	πηχυαλες ιματιοιν	πηχυαλὲς ἱμάτιον
AG	ag_lookup.json	untrusted_grave	πηχυαλες ιματιοις	πηχυαλὲς ἱμάτιον
AG	ag_lookup.json	untrusted_grave	πηχυαλες ιματιον	πηχυαλὲς ἱμάτιον
AG	ag_lookup.json	untrusted_grave	πηχυαλες ιματιου	πηχυαλὲς ἱμάτιον
AG	ag_lookup.json	untrusted_grave	πηχυαλες ιματιω	πηχυαλὲς ἱμάτιον
AG	ag_lookup.json	untrusted_grave	πηχυαλες ιματιων	πηχυαλὲς ἱμάτιον
AG	ag_lookup.json	untrusted_grave	πλευρ’ὸν	πλευρ’ὸν
AG	ag_lookup.json	untrusted_grave	πολλαχοὺ	πολλαχοὺ
AG	ag_lookup.json	untrusted_grave	ποχὺ	ποχὺ
AG	ag_lookup.json	untrusted_grave	προεκόψ	προεκὸψ
AG	ag_lookup.json	untrusted_grave	προκατάρ	προκατὰρ
AG	ag_lookup.json	untrusted_grave	προσιό	προσιὸ
AG	ag_lookup.json	untrusted_grave	πρωτο-ποιητικος αιτιε	πρωτο-ποιητικὸς αἴτιος
AG	ag_lookup.json	untrusted_grave	πρωτο-ποιητικος αιτιοι	πρωτο-ποιητικὸς αἴτιος
AG	ag_lookup.json	untrusted_grave	πρωτο-ποιητικος αιτιοιν	πρωτο-ποιητικὸς αἴτιος
AG	ag_lookup.json	untrusted_grave	πρωτο-ποιητικος αιτιοις	πρωτο-ποιητικὸς αἴτιος
AG	ag_lookup.json	untrusted_grave	πρωτο-ποιητικος αιτιον	πρωτο-ποιητικὸς αἴτιος
AG	ag_lookup.json	untrusted_grave	πρωτο-ποιητικος αιτιος	πρωτο-ποιητικὸς αἴτιος
AG	ag_lookup.json	untrusted_grave	πρωτο-ποιητικος αιτιου	πρωτο-ποιητικὸς αἴτιος
AG	ag_lookup.json	untrusted_grave	πρωτο-ποιητικος αιτιους	πρωτο-ποιητικὸς αἴτιος
AG	ag_lookup.json	untrusted_grave	πρωτο-ποιητικος αιτιω	πρωτο-ποιητικὸς αἴτιος
AG	ag_lookup.json	untrusted_grave	πρωτο-ποιητικος αιτιων	πρωτο-ποιητικὸς αἴτιος
AG	ag_lookup.json	untrusted_grave	πρωτοποιητικος αιτιε	πρωτοποιητικὸς αἴτιος
AG	ag_lookup.json	untrusted_grave	πρωτοποιητικος αιτιοι	πρωτοποιητικὸς αἴτιος
AG	ag_lookup.json	untrusted_grave	πρωτοποιητικος αιτιοιν	πρωτοποιητικὸς αἴτιος
AG	ag_lookup.json	untrusted_grave	πρωτοποιητικος αιτιοις	πρωτοποιητικὸς αἴτιος
AG	ag_lookup.json	untrusted_grave	πρωτοποιητικος αιτιον	πρωτοποιητικὸς αἴτιος
AG	ag_lookup.json	untrusted_grave	πρωτοποιητικος αιτιος	πρωτοποιητικὸς αἴτιος
AG	ag_lookup.json	untrusted_grave	πρωτοποιητικος αιτιου	πρωτοποιητικὸς αἴτιος
AG	ag_lookup.json	untrusted_grave	πρωτοποιητικος αιτιους	πρωτοποιητικὸς αἴτιος
AG	ag_lookup.json	untrusted_grave	πρωτοποιητικος αιτιω	πρωτοποιητικὸς αἴτιος
AG	ag_lookup.json	untrusted_grave	πρωτοποιητικος αιτιων	πρωτοποιητικὸς αἴτιος
AG	ag_lookup.json	untrusted_grave	πρωτερικη συκα	πρῳτερικὴ συκῆ
AG	ag_lookup.json	untrusted_grave	πρωτερικη συκαι	πρῳτερικὴ συκῆ
AG	ag_lookup.json	untrusted_grave	πρωτερικη συκαιν	πρῳτερικὴ συκῆ
AG	ag_lookup.json	untrusted_grave	πρωτερικη συκαις	πρῳτερικὴ συκῆ
AG	ag_lookup.json	untrusted_grave	πρωτερικη συκας	πρῳτερικὴ συκῆ
AG	ag_lookup.json	untrusted_grave	πρωτερικη συκη	πρῳτερικὴ συκῆ
AG	ag_lookup.json	untrusted_grave	πρωτερικη συκην	πρῳτερικὴ συκῆ
AG	ag_lookup.json	untrusted_grave	πρωτερικη συκης	πρῳτερικὴ συκῆ
AG	ag_lookup.json	untrusted_grave	πρωτερικη συκων	πρῳτερικὴ συκῆ
AG	ag_lookup.json	untrusted_grave	ροὰς	ροὰς
AG	ag_lookup.json	untrusted_grave	ρυπαρὰ	ρυπαρὰ
AG	ag_lookup.json	untrusted_grave	σαμφαριτικη ναρδε	σαμφαριτικὴ νάρδος
AG	ag_lookup.json	untrusted_grave	σαμφαριτικη ναρδοι	σαμφαριτικὴ νάρδος
AG	ag_lookup.json	untrusted_grave	σαμφαριτικη ναρδοιν	σαμφαριτικὴ νάρδος
AG	ag_lookup.json	untrusted_grave	σαμφαριτικη ναρδοις	σαμφαριτικὴ νάρδος
AG	ag_lookup.json	untrusted_grave	σαμφαριτικη ναρδον	σαμφαριτικὴ νάρδος
AG	ag_lookup.json	untrusted_grave	σαμφαριτικη ναρδος	σαμφαριτικὴ νάρδος
AG	ag_lookup.json	untrusted_grave	σαμφαριτικη ναρδου	σαμφαριτικὴ νάρδος
AG	ag_lookup.json	untrusted_grave	σαμφαριτικη ναρδους	σαμφαριτικὴ νάρδος
AG	ag_lookup.json	untrusted_grave	σαμφαριτικη ναρδω	σαμφαριτικὴ νάρδος
AG	ag_lookup.json	untrusted_grave	σαμφαριτικη ναρδων	σαμφαριτικὴ νάρδος
AG	ag_lookup.json	untrusted_grave	σκευο-πλαστικος τροχε	σκευο-πλαστικὸς τροχός
AG	ag_lookup.json	untrusted_grave	σκευο-πλαστικος τροχοι	σκευο-πλαστικὸς τροχός
AG	ag_lookup.json	untrusted_grave	σκευο-πλαστικος τροχοιν	σκευο-πλαστικὸς τροχός
AG	ag_lookup.json	untrusted_grave	σκευο-πλαστικος τροχοις	σκευο-πλαστικὸς τροχός
AG	ag_lookup.json	untrusted_grave	σκευο-πλαστικος τροχον	σκευο-πλαστικὸς τροχός
AG	ag_lookup.json	untrusted_grave	σκευο-πλαστικος τροχος	σκευο-πλαστικὸς τροχός
AG	ag_lookup.json	untrusted_grave	σκευο-πλαστικος τροχου	σκευο-πλαστικὸς τροχός
AG	ag_lookup.json	untrusted_grave	σκευο-πλαστικος τροχους	σκευο-πλαστικὸς τροχός
AG	ag_lookup.json	untrusted_grave	σκευο-πλαστικος τροχω	σκευο-πλαστικὸς τροχός
AG	ag_lookup.json	untrusted_grave	σκευο-πλαστικος τροχων	σκευο-πλαστικὸς τροχός
AG	ag_lookup.json	untrusted_grave	σκευοπλαστικος τροχε	σκευοπλαστικὸς τροχός
AG	ag_lookup.json	untrusted_grave	σκευοπλαστικος τροχοι	σκευοπλαστικὸς τροχός
AG	ag_lookup.json	untrusted_grave	σκευοπλαστικος τροχοιν	σκευοπλαστικὸς τροχός
AG	ag_lookup.json	untrusted_grave	σκευοπλαστικος τροχοις	σκευοπλαστικὸς τροχός
AG	ag_lookup.json	untrusted_grave	σκευοπλαστικος τροχον	σκευοπλαστικὸς τροχός
AG	ag_lookup.json	untrusted_grave	σκευοπλαστικος τροχος	σκευοπλαστικὸς τροχός
AG	ag_lookup.json	untrusted_grave	σκευοπλαστικος τροχου	σκευοπλαστικὸς τροχός
AG	ag_lookup.json	untrusted_grave	σκευοπλαστικος τροχους	σκευοπλαστικὸς τροχός
AG	ag_lookup.json	untrusted_grave	σκευοπλαστικος τροχω	σκευοπλαστικὸς τροχός
AG	ag_lookup.json	untrusted_grave	σκευοπλαστικος τροχων	σκευοπλαστικὸς τροχός
AG	ag_lookup.json	untrusted_grave	σκολοπ-ηις μοιρα	σκολοπ-ηῒς μοῖρα
AG	ag_lookup.json	untrusted_grave	σκολοπ-ηις μοιραι	σκολοπ-ηῒς μοῖρα
AG	ag_lookup.json	untrusted_grave	σκολοπ-ηις μοιραιν	σκολοπ-ηῒς μοῖρα
AG	ag_lookup.json	untrusted_grave	σκολοπ-ηις μοιραις	σκολοπ-ηῒς μοῖρα
AG	ag_lookup.json	untrusted_grave	σκολοπ-ηις μοιραν	σκολοπ-ηῒς μοῖρα
AG	ag_lookup.json	untrusted_grave	σκολοπ-ηις μοιρας	σκολοπ-ηῒς μοῖρα
AG	ag_lookup.json	untrusted_grave	σκολοπ-ηις μοιρων	σκολοπ-ηῒς μοῖρα
AG	ag_lookup.json	untrusted_grave	σκολοπηις μοιρα	σκολοπηῒς μοῖρα
AG	ag_lookup.json	untrusted_grave	σκολοπηις μοιραι	σκολοπηῒς μοῖρα
AG	ag_lookup.json	untrusted_grave	σκολοπηις μοιραιν	σκολοπηῒς μοῖρα
AG	ag_lookup.json	untrusted_grave	σκολοπηις μοιραις	σκολοπηῒς μοῖρα
AG	ag_lookup.json	untrusted_grave	σκολοπηις μοιραν	σκολοπηῒς μοῖρα
AG	ag_lookup.json	untrusted_grave	σκολοπηις μοιρας	σκολοπηῒς μοῖρα
AG	ag_lookup.json	untrusted_grave	σκολοπηις μοιρων	σκολοπηῒς μοῖρα
AG	ag_lookup.json	untrusted_grave	συνεκκρινό	συνεκκρινὸ
AG	ag_lookup.json	untrusted_grave	συντονολυδιστι αρμονια	συντονολυδιστὶ ἁρμονία
AG	ag_lookup.json	untrusted_grave	συντονολυδιστι αρμονιαι	συντονολυδιστὶ ἁρμονία
AG	ag_lookup.json	untrusted_grave	συντονολυδιστι αρμονιαιν	συντονολυδιστὶ ἁρμονία
AG	ag_lookup.json	untrusted_grave	συντονολυδιστι αρμονιαις	συντονολυδιστὶ ἁρμονία
AG	ag_lookup.json	untrusted_grave	συντονολυδιστι αρμονιαν	συντονολυδιστὶ ἁρμονία
AG	ag_lookup.json	untrusted_grave	συντονολυδιστι αρμονιας	συντονολυδιστὶ ἁρμονία
AG	ag_lookup.json	untrusted_grave	συντονολυδιστι αρμονιων	συντονολυδιστὶ ἁρμονία
AG	ag_lookup.json	untrusted_grave	σχιδακιδὸν	σχιδακιδὸν
AG	ag_lookup.json	untrusted_grave	σύγ	σὺγ
AG	ag_lookup.json	untrusted_grave	ταύτ	ταὺτ
AG	ag_lookup.json	untrusted_grave	τεσσαρακοντὸν	τεσσαρακοντὸν
AG	ag_lookup.json	untrusted_grave	τησδὶ	τησδὶ
AG	ag_lookup.json	untrusted_grave	τοσαύ	τοσαὺ
AG	ag_lookup.json	untrusted_grave	τοσησδί	τοσησδὶ
AG	ag_lookup.json	untrusted_grave	τοσουδί	τοσουδὶ
AG	ag_lookup.json	untrusted_grave	τρακτ-ος κηρε	τρακτ-ὸς κηρός
AG	ag_lookup.json	untrusted_grave	τρακτ-ος κηροι	τρακτ-ὸς κηρός
AG	ag_lookup.json	untrusted_grave	τρακτ-ος κηροιν	τρακτ-ὸς κηρός
AG	ag_lookup.json	untrusted_grave	τρακτ-ος κηροις	τρακτ-ὸς κηρός
AG	ag_lookup.json	untrusted_grave	τρακτ-ος κηρον	τρακτ-ὸς κηρός
AG	ag_lookup.json	untrusted_grave	τρακτ-ος κηρος	τρακτ-ὸς κηρός
AG	ag_lookup.json	untrusted_grave	τρακτ-ος κηρου	τρακτ-ὸς κηρός
AG	ag_lookup.json	untrusted_grave	τρακτ-ος κηρους	τρακτ-ὸς κηρός
AG	ag_lookup.json	untrusted_grave	τρακτ-ος κηρω	τρακτ-ὸς κηρός
AG	ag_lookup.json	untrusted_grave	τρακτ-ος κηρων	τρακτ-ὸς κηρός
AG	ag_lookup.json	untrusted_grave	τρακτος κηρε	τρακτὸς κηρός
AG	ag_lookup.json	untrusted_grave	τρακτος κηροι	τρακτὸς κηρός
AG	ag_lookup.json	untrusted_grave	τρακτος κηροιν	τρακτὸς κηρός
AG	ag_lookup.json	untrusted_grave	τρακτος κηροις	τρακτὸς κηρός
AG	ag_lookup.json	untrusted_grave	τρακτος κηρον	τρακτὸς κηρός
AG	ag_lookup.json	untrusted_grave	τρακτος κηρος	τρακτὸς κηρός
AG	ag_lookup.json	untrusted_grave	τρακτος κηρου	τρακτὸς κηρός
AG	ag_lookup.json	untrusted_grave	τρακτος κηρους	τρακτὸς κηρός
AG	ag_lookup.json	untrusted_grave	τρακτος κηρω	τρακτὸς κηρός
AG	ag_lookup.json	untrusted_grave	τρακτος κηρων	τρακτὸς κηρός
AG	ag_lookup.json	untrusted_grave	τριακονταὲν	τριακονταὲν
AG	ag_lookup.json	untrusted_grave	τέξ	τὲξ
AG	ag_lookup.json	untrusted_grave	υπεκπρὸ	υπεκπρὸ
AG	ag_lookup.json	untrusted_grave	υπὸ	υπὸ
AG	ag_lookup.json	untrusted_grave	χὂν	χὂν
AG	ag_lookup.json	untrusted_grave	χὑμές	χὑμὲς
AG	ag_lookup.json	untrusted_grave	Ϛʹποὺς	Ϛʹποὺς
AG	ag_lookup.json	untrusted_grave	ἀμφαριστερὸν	ἀμφαριστερὸν
AG	ag_lookup.json	untrusted_grave	ἀναθρέψ	ἀναθρὲψ
AG	ag_lookup.json	untrusted_grave	ἀπαμπί	ἀπαμπὶ
AG	ag_lookup.json	untrusted_grave	ἀπεναντὶ	ἀπεναντὶ
AG	ag_lookup.json	untrusted_grave	αποκεφαλ-ιστα	ἀποκεφαλ-ιστὴς
AG	ag_lookup.json	untrusted_grave	αποκεφαλ-ισται	ἀποκεφαλ-ιστὴς
AG	ag_lookup.json	untrusted_grave	αποκεφαλ-ισταιν	ἀποκεφαλ-ιστὴς
AG	ag_lookup.json	untrusted_grave	αποκεφαλ-ισταις	ἀποκεφαλ-ιστὴς
AG	ag_lookup.json	untrusted_grave	αποκεφαλ-ιστας	ἀποκεφαλ-ιστὴς
AG	ag_lookup.json	untrusted_grave	αποκεφαλ-ιστη	ἀποκεφαλ-ιστὴς
AG	ag_lookup.json	untrusted_grave	αποκεφαλ-ιστην	ἀποκεφαλ-ιστὴς
AG	ag_lookup.json	untrusted_grave	αποκεφαλ-ιστης	ἀποκεφαλ-ιστὴς
AG	ag_lookup.json	untrusted_grave	αποκεφαλ-ιστου	ἀποκεφαλ-ιστὴς
AG	ag_lookup.json	untrusted_grave	αποκεφαλ-ιστων	ἀποκεφαλ-ιστὴς
AG	ag_lookup.json	untrusted_grave	ἀποκεφαλ-ιστά	ἀποκεφαλ-ιστὴς
AG	ag_lookup.json	untrusted_grave	ἀποκεφαλ-ιστάς	ἀποκεφαλ-ιστὴς
AG	ag_lookup.json	untrusted_grave	ἀποκεφαλ-ιστήν	ἀποκεφαλ-ιστὴς
AG	ag_lookup.json	untrusted_grave	ἀποκεφαλ-ιστής	ἀποκεφαλ-ιστὴς
AG	ag_lookup.json	untrusted_grave	ἀποκεφαλ-ισταί	ἀποκεφαλ-ιστὴς
AG	ag_lookup.json	untrusted_grave	ἀποκεφαλ-ισταίν	ἀποκεφαλ-ιστὴς
AG	ag_lookup.json	untrusted_grave	ἀποκεφαλ-ισταίς	ἀποκεφαλ-ιστὴς
AG	ag_lookup.json	untrusted_grave	ἀποκεφαλ-ιστού	ἀποκεφαλ-ιστὴς
AG	ag_lookup.json	untrusted_grave	ἀποκεφαλ-ιστῄ	ἀποκεφαλ-ιστὴς
AG	ag_lookup.json	untrusted_grave	ἀποκεφαλ-ιστῶν	ἀποκεφαλ-ιστὴς
AG	ag_lookup.json	untrusted_grave	ἀπονή	ἀπονὴ
AG	ag_lookup.json	untrusted_grave	ἀπτύ	ἀπτὺ
AG	ag_lookup.json	untrusted_grave	ἀπήλ	ἀπὴλ
AG	ag_lookup.json	untrusted_grave	ἀσθέ	ἀσθὲ
AG	ag_lookup.json	untrusted_grave	Αείλ	Ἀεὶλ
AG	ag_lookup.json	untrusted_grave	αείλ	Ἀεὶλ
AG	ag_lookup.json	untrusted_grave	αειλ	Ἀεὶλ
AG	ag_lookup.json	untrusted_grave	ἀεὶλ	Ἀεὶλ
AG	ag_lookup.json	untrusted_grave	Ἀεὶλ	Ἀεὶλ
AG	ag_lookup.json	untrusted_grave	Αείλαβινας	Ἀεὶλαβινας
AG	ag_lookup.json	untrusted_grave	αείλαβινας	Ἀεὶλαβινας
AG	ag_lookup.json	untrusted_grave	αειλαβινας	Ἀεὶλαβινας
AG	ag_lookup.json	untrusted_grave	ἀεὶλαβινας	Ἀεὶλαβινας
AG	ag_lookup.json	untrusted_grave	Ἀεὶλαβινας	Ἀεὶλαβινας
AG	ag_lookup.json	untrusted_grave	Ακούλ	Ἀκοὺλ
AG	ag_lookup.json	untrusted_grave	ακουλ	Ἀκοὺλ
AG	ag_lookup.json	untrusted_grave	ακούλ	Ἀκοὺλ
AG	ag_lookup.json	untrusted_grave	ἀκοὺλ	Ἀκοὺλ
AG	ag_lookup.json	untrusted_grave	Ἀκοὺλ	Ἀκοὺλ
AG	ag_lookup.json	untrusted_grave	Αλμεσιανός	Ἀλμεσιανὸς
AG	ag_lookup.json	untrusted_grave	αλμεσιανος	Ἀλμεσιανὸς
AG	ag_lookup.json	untrusted_grave	αλμεσιανός	Ἀλμεσιανὸς
AG	ag_lookup.json	untrusted_grave	ἀλμεσιανὸς	Ἀλμεσιανὸς
AG	ag_lookup.json	untrusted_grave	Ἀλμεσιανὸς	Ἀλμεσιανὸς
AG	ag_lookup.json	untrusted_grave	Αλμισιανός	Ἀλμισιανὸς
AG	ag_lookup.json	untrusted_grave	αλμισιανος	Ἀλμισιανὸς
AG	ag_lookup.json	untrusted_grave	αλμισιανός	Ἀλμισιανὸς
AG	ag_lookup.json	untrusted_grave	ἀλμισιανὸς	Ἀλμισιανὸς
AG	ag_lookup.json	untrusted_grave	Ἀλμισιανὸς	Ἀλμισιανὸς
AG	ag_lookup.json	untrusted_grave	Αμαρανθός	Ἀμαρανθὸς
AG	ag_lookup.json	untrusted_grave	αμαρανθός	Ἀμαρανθὸς
AG	ag_lookup.json	untrusted_grave	ἀμαρανθὸς	Ἀμαρανθὸς
AG	ag_lookup.json	untrusted_grave	Ἀμαρανθὸς	Ἀμαρανθὸς
AG	ag_lookup.json	untrusted_grave	Αμμονιανός	Ἀμμονιανὸς
AG	ag_lookup.json	untrusted_grave	αμμονιανος	Ἀμμονιανὸς
AG	ag_lookup.json	untrusted_grave	αμμονιανός	Ἀμμονιανὸς
AG	ag_lookup.json	untrusted_grave	ἀμμονιανὸς	Ἀμμονιανὸς
AG	ag_lookup.json	untrusted_grave	Ἀμμονιανὸς	Ἀμμονιανὸς
AG	ag_lookup.json	untrusted_grave	Αμμουνιανός	Ἀμμουνιανὸς
AG	ag_lookup.json	untrusted_grave	αμμουνιανος	Ἀμμουνιανὸς
AG	ag_lookup.json	untrusted_grave	αμμουνιανός	Ἀμμουνιανὸς
AG	ag_lookup.json	untrusted_grave	ἀμμουνιανὸς	Ἀμμουνιανὸς
AG	ag_lookup.json	untrusted_grave	Ἀμμουνιανὸς	Ἀμμουνιανὸς
AG	ag_lookup.json	untrusted_grave	ἀντωνιανὸς	Ἀντωνιανὸς
AG	ag_lookup.json	untrusted_grave	Ἀντωνιανὸς	Ἀντωνιανὸς
AG	ag_lookup.json	untrusted_grave	Αραθός	Ἀραθὸς
AG	ag_lookup.json	untrusted_grave	αραθος	Ἀραθὸς
AG	ag_lookup.json	untrusted_grave	αραθός	Ἀραθὸς
AG	ag_lookup.json	untrusted_grave	ἀραθὸς	Ἀραθὸς
AG	ag_lookup.json	untrusted_grave	Ἀραθὸς	Ἀραθὸς
AG	ag_lookup.json	untrusted_grave	Αριστερός	Ἀριστερὸς
AG	ag_lookup.json	untrusted_grave	ἀριστερὸς	Ἀριστερὸς
AG	ag_lookup.json	untrusted_grave	Ἀριστερὸς	Ἀριστερὸς
AG	ag_lookup.json	untrusted_grave	ἀριστολαῒς	Ἀριστολαῒς
AG	ag_lookup.json	untrusted_grave	Ἀριστολαῒς	Ἀριστολαῒς
AG	ag_lookup.json	untrusted_grave	Αρουντιανός	Ἀρουντιανὸς
AG	ag_lookup.json	untrusted_grave	αρουντιανος	Ἀρουντιανὸς
AG	ag_lookup.json	untrusted_grave	αρουντιανός	Ἀρουντιανὸς
AG	ag_lookup.json	untrusted_grave	ἀρουντιανὸς	Ἀρουντιανὸς
AG	ag_lookup.json	untrusted_grave	Ἀρουντιανὸς	Ἀρουντιανὸς
AG	ag_lookup.json	untrusted_grave	ἀρτεμωνὶς	Ἀρτεμωνὶς
AG	ag_lookup.json	untrusted_grave	Ἀρτεμωνὶς	Ἀρτεμωνὶς
AG	ag_lookup.json	untrusted_grave	Αρχωνιανός	Ἀρχωνιανὸς
AG	ag_lookup.json	untrusted_grave	αρχωνιανος	Ἀρχωνιανὸς
AG	ag_lookup.json	untrusted_grave	αρχωνιανός	Ἀρχωνιανὸς
AG	ag_lookup.json	untrusted_grave	ἀρχωνιανὸς	Ἀρχωνιανὸς
AG	ag_lookup.json	untrusted_grave	Ἀρχωνιανὸς	Ἀρχωνιανὸς
AG	ag_lookup.json	untrusted_grave	Ασκληπιώς	Ἀσκληπιὼς
AG	ag_lookup.json	untrusted_grave	ασκληπιως	Ἀσκληπιὼς
AG	ag_lookup.json	untrusted_grave	ασκληπιώς	Ἀσκληπιὼς
AG	ag_lookup.json	untrusted_grave	ἀσκληπιὼς	Ἀσκληπιὼς
AG	ag_lookup.json	untrusted_grave	Ἀσκληπιὼς	Ἀσκληπιὼς
AG	ag_lookup.json	untrusted_grave	κᾀπειδὴ	ἐͅπειδὴ
AG	ag_lookup.json	untrusted_grave	ἐλέ	ἐλὲ
AG	ag_lookup.json	untrusted_grave	ἐμβιβά	ἐμβιβὰ
AG	ag_lookup.json	untrusted_grave	ἐνανκατὰ	ἐνανκατὰ
AG	ag_lookup.json	untrusted_grave	ἐνέρ	ἐνὲρ
AG	ag_lookup.json	untrusted_grave	ἐνὼχ	ἐνὼχ
AG	ag_lookup.json	untrusted_grave	ἐνῳδὸν	ἐνῳδὸν
AG	ag_lookup.json	untrusted_grave	ἐξελέ	ἐξελὲ
AG	ag_lookup.json	untrusted_grave	ἐπειδἂν	ἐπειδἂν
AG	ag_lookup.json	untrusted_grave	ἐπιεδὴ	ἐπιεδὴ
AG	ag_lookup.json	untrusted_grave	ἐπιπουλὺ	ἐπιπουλὺ
AG	ag_lookup.json	untrusted_grave	ἐπισκέ	ἐπισκὲ
AG	ag_lookup.json	untrusted_grave	ἐπιτοπουλύ	ἐπιτοπουλὺ
AG	ag_lookup.json	untrusted_grave	ἐχρό	ἐχρὸ
AG	ag_lookup.json	untrusted_grave	ἑλκό	ἑλκὸ
AG	ag_lookup.json	untrusted_grave	ἑπομέ	ἑπομὲ
AG	ag_lookup.json	untrusted_grave	ἑπό	ἑπὸ
AG	ag_lookup.json	untrusted_grave	ἐλπὶς	Ἐλπὶς
AG	ag_lookup.json	untrusted_grave	Ἐλπὶς	Ἐλπὶς
AG	ag_lookup.json	untrusted_grave	Ερεύς	Ἐρεὺς
AG	ag_lookup.json	untrusted_grave	ερευς	Ἐρεὺς
AG	ag_lookup.json	untrusted_grave	ερεύς	Ἐρεὺς
AG	ag_lookup.json	untrusted_grave	ἐρεὺς	Ἐρεὺς
AG	ag_lookup.json	untrusted_grave	Ἐρεὺς	Ἐρεὺς
AG	ag_lookup.json	untrusted_grave	ἑρεννιανὸς	Ἑρεννιανὸς
AG	ag_lookup.json	untrusted_grave	Ἑρεννιανὸς	Ἑρεννιανὸς
AG	ag_lookup.json	untrusted_grave	ἑρμαὶς	Ἑρμαὶς
AG	ag_lookup.json	untrusted_grave	Ἑρμαὶς	Ἑρμαὶς
AG	ag_lookup.json	untrusted_grave	Έκαος	Ἓκαος
AG	ag_lookup.json	untrusted_grave	έκαος	Ἓκαος
AG	ag_lookup.json	untrusted_grave	εκαος	Ἓκαος
AG	ag_lookup.json	untrusted_grave	ἓκαος	Ἓκαος
AG	ag_lookup.json	untrusted_grave	Ἓκαος	Ἓκαος
AG	ag_lookup.json	untrusted_grave	Έκτικος	Ἓκτικος
AG	ag_lookup.json	untrusted_grave	έκτικος	Ἓκτικος
AG	ag_lookup.json	untrusted_grave	ἓκτικος	Ἓκτικος
AG	ag_lookup.json	untrusted_grave	Ἓκτικος	Ἓκτικος
AG	ag_lookup.json	untrusted_grave	Έλανδρος	Ἓλανδρος
AG	ag_lookup.json	untrusted_grave	έλανδρος	Ἓλανδρος
AG	ag_lookup.json	untrusted_grave	ελανδρος	Ἓλανδρος
AG	ag_lookup.json	untrusted_grave	ἓλανδρος	Ἓλανδρος
AG	ag_lookup.json	untrusted_grave	Ἓλανδρος	Ἓλανδρος
AG	ag_lookup.json	untrusted_grave	Έλλανδρος	Ἓλλανδρος
AG	ag_lookup.json	untrusted_grave	έλλανδρος	Ἓλλανδρος
AG	ag_lookup.json	untrusted_grave	ελλανδρος	Ἓλλανδρος
AG	ag_lookup.json	untrusted_grave	ἓλλανδρος	Ἓλλανδρος
AG	ag_lookup.json	untrusted_grave	Ἓλλανδρος	Ἓλλανδρος
AG	ag_lookup.json	untrusted_grave	Έλουϊος	Ἓλουϊος
AG	ag_lookup.json	untrusted_grave	έλουϊος	Ἓλουϊος
AG	ag_lookup.json	untrusted_grave	ελουιος	Ἓλουϊος
AG	ag_lookup.json	untrusted_grave	ἓλουϊος	Ἓλουϊος
AG	ag_lookup.json	untrusted_grave	Ἓλουϊος	Ἓλουϊος
AG	ag_lookup.json	untrusted_grave	Έορτος	Ἓορτος
AG	ag_lookup.json	untrusted_grave	έορτος	Ἓορτος
AG	ag_lookup.json	untrusted_grave	εορτος	Ἓορτος
AG	ag_lookup.json	untrusted_grave	ἓορτος	Ἓορτος
AG	ag_lookup.json	untrusted_grave	Ἓορτος	Ἓορτος
AG	ag_lookup.json	untrusted_grave	Έρκειος	Ἓρκειος
AG	ag_lookup.json	untrusted_grave	έρκειος	Ἓρκειος
AG	ag_lookup.json	untrusted_grave	ερκειος	Ἓρκειος
AG	ag_lookup.json	untrusted_grave	ἓρκειος	Ἓρκειος
AG	ag_lookup.json	untrusted_grave	Ἓρκειος	Ἓρκειος
AG	ag_lookup.json	untrusted_grave	Έρμακος	Ἓρμακος
AG	ag_lookup.json	untrusted_grave	ἓρμακος	Ἓρμακος
AG	ag_lookup.json	untrusted_grave	Ἓρμακος	Ἓρμακος
AG	ag_lookup.json	untrusted_grave	Έρμανδρος	Ἓρμανδρος
AG	ag_lookup.json	untrusted_grave	έρμανδρος	Ἓρμανδρος
AG	ag_lookup.json	untrusted_grave	ερμανδρος	Ἓρμανδρος
AG	ag_lookup.json	untrusted_grave	ἓρμανδρος	Ἓρμανδρος
AG	ag_lookup.json	untrusted_grave	Ἓρμανδρος	Ἓρμανδρος
AG	ag_lookup.json	untrusted_grave	Έρμανθος	Ἓρμανθος
AG	ag_lookup.json	untrusted_grave	έρμανθος	Ἓρμανθος
AG	ag_lookup.json	untrusted_grave	ερμανθος	Ἓρμανθος
AG	ag_lookup.json	untrusted_grave	ἓρμανθος	Ἓρμανθος
AG	ag_lookup.json	untrusted_grave	Ἓρμανθος	Ἓρμανθος
AG	ag_lookup.json	untrusted_grave	Έρμαος	Ἓρμαος
AG	ag_lookup.json	untrusted_grave	έρμαος	Ἓρμαος
AG	ag_lookup.json	untrusted_grave	ερμαος	Ἓρμαος
AG	ag_lookup.json	untrusted_grave	ἓρμαος	Ἓρμαος
AG	ag_lookup.json	untrusted_grave	Ἓρμαος	Ἓρμαος
AG	ag_lookup.json	untrusted_grave	Έρμας	Ἓρμας
AG	ag_lookup.json	untrusted_grave	έρμας	Ἓρμας
AG	ag_lookup.json	untrusted_grave	ἓρμας	Ἓρμας
AG	ag_lookup.json	untrusted_grave	Ἓρμας	Ἓρμας
AG	ag_lookup.json	untrusted_grave	Έρμησις	Ἓρμησις
AG	ag_lookup.json	untrusted_grave	έρμησις	Ἓρμησις
AG	ag_lookup.json	untrusted_grave	ἓρμησις	Ἓρμησις
AG	ag_lookup.json	untrusted_grave	Ἓρμησις	Ἓρμησις
AG	ag_lookup.json	untrusted_grave	Έρμιον	Ἓρμιον
AG	ag_lookup.json	untrusted_grave	έρμιον	Ἓρμιον
AG	ag_lookup.json	untrusted_grave	ερμιον	Ἓρμιον
AG	ag_lookup.json	untrusted_grave	ἓρμιον	Ἓρμιον
AG	ag_lookup.json	untrusted_grave	Ἓρμιον	Ἓρμιον
AG	ag_lookup.json	untrusted_grave	Έρμις	Ἓρμις
AG	ag_lookup.json	untrusted_grave	έρμις	Ἓρμις
AG	ag_lookup.json	untrusted_grave	ἓρμις	Ἓρμις
AG	ag_lookup.json	untrusted_grave	Ἓρμις	Ἓρμις
AG	ag_lookup.json	untrusted_grave	Έρμοννος	Ἓρμοννος
AG	ag_lookup.json	untrusted_grave	έρμοννος	Ἓρμοννος
AG	ag_lookup.json	untrusted_grave	ερμοννος	Ἓρμοννος
AG	ag_lookup.json	untrusted_grave	ἓρμοννος	Ἓρμοννος
AG	ag_lookup.json	untrusted_grave	Ἓρμοννος	Ἓρμοννος
AG	ag_lookup.json	untrusted_grave	Έρμουν	Ἓρμουν
AG	ag_lookup.json	untrusted_grave	έρμουν	Ἓρμουν
AG	ag_lookup.json	untrusted_grave	ερμουν	Ἓρμουν
AG	ag_lookup.json	untrusted_grave	ἓρμουν	Ἓρμουν
AG	ag_lookup.json	untrusted_grave	Ἓρμουν	Ἓρμουν
AG	ag_lookup.json	untrusted_grave	Έρπυλλος	Ἓρπυλλος
AG	ag_lookup.json	untrusted_grave	ἓρπυλλος	Ἓρπυλλος
AG	ag_lookup.json	untrusted_grave	Ἓρπυλλος	Ἓρπυλλος
AG	ag_lookup.json	untrusted_grave	Έσμος	Ἓσμος
AG	ag_lookup.json	untrusted_grave	έσμος	Ἓσμος
AG	ag_lookup.json	untrusted_grave	ἓσμος	Ἓσμος
AG	ag_lookup.json	untrusted_grave	Ἓσμος	Ἓσμος
AG	ag_lookup.json	untrusted_grave	ἓσπερος	Ἓσπερος
AG	ag_lookup.json	untrusted_grave	Ἓσπερος	Ἓσπερος
AG	ag_lookup.json	untrusted_grave	Έστειος	Ἓστειος
AG	ag_lookup.json	untrusted_grave	έστειος	Ἓστειος
AG	ag_lookup.json	untrusted_grave	εστειος	Ἓστειος
AG	ag_lookup.json	untrusted_grave	ἓστειος	Ἓστειος
AG	ag_lookup.json	untrusted_grave	Ἓστειος	Ἓστειος
AG	ag_lookup.json	untrusted_grave	Έχενος	Ἓχενος
AG	ag_lookup.json	untrusted_grave	έχενος	Ἓχενος
AG	ag_lookup.json	untrusted_grave	εχενος	Ἓχενος
AG	ag_lookup.json	untrusted_grave	ἓχενος	Ἓχενος
AG	ag_lookup.json	untrusted_grave	Ἓχενος	Ἓχενος
AG	ag_lookup.json	untrusted_grave	ἠπά	ἠπὰ
AG	ag_lookup.json	untrusted_grave	ἢκ	ἢκ
AG	ag_lookup.json	untrusted_grave	Ηρακλανιανός	Ἡρακλανιανὸς
AG	ag_lookup.json	untrusted_grave	ηρακλανιανος	Ἡρακλανιανὸς
AG	ag_lookup.json	untrusted_grave	ηρακλανιανός	Ἡρακλανιανὸς
AG	ag_lookup.json	untrusted_grave	ἡρακλανιανὸς	Ἡρακλανιανὸς
AG	ag_lookup.json	untrusted_grave	Ἡρακλανιανὸς	Ἡρακλανιανὸς
AG	ag_lookup.json	untrusted_grave	ἡρκλανὸς	Ἡρκλανὸς
AG	ag_lookup.json	untrusted_grave	Ἡρκλανὸς	Ἡρκλανὸς
AG	ag_lookup.json	untrusted_grave	Ηρκουληειανός	Ἡρκουληειανὸς
AG	ag_lookup.json	untrusted_grave	ηρκουληειανος	Ἡρκουληειανὸς
AG	ag_lookup.json	untrusted_grave	ηρκουληειανός	Ἡρκουληειανὸς
AG	ag_lookup.json	untrusted_grave	ἡρκουληειανὸς	Ἡρκουληειανὸς
AG	ag_lookup.json	untrusted_grave	Ἡρκουληειανὸς	Ἡρκουληειανὸς
AG	ag_lookup.json	untrusted_grave	Ηρμαίς	Ἡρμαὶς
AG	ag_lookup.json	untrusted_grave	ηρμαίς	Ἡρμαὶς
AG	ag_lookup.json	untrusted_grave	ηρμαις	Ἡρμαὶς
AG	ag_lookup.json	untrusted_grave	ἡρμαὶς	Ἡρμαὶς
AG	ag_lookup.json	untrusted_grave	Ἡρμαὶς	Ἡρμαὶς
AG	ag_lookup.json	untrusted_grave	ἡροὶς	Ἡροὶς
AG	ag_lookup.json	untrusted_grave	Ἡροὶς	Ἡροὶς
AG	ag_lookup.json	untrusted_grave	ἡρωνιανὸς	Ἡρωνιανὸς
AG	ag_lookup.json	untrusted_grave	Ἡρωνιανὸς	Ἡρωνιανὸς
AG	ag_lookup.json	untrusted_grave	Ήπις	Ἢπις
AG	ag_lookup.json	untrusted_grave	ήπις	Ἢπις
AG	ag_lookup.json	untrusted_grave	ηπις	Ἢπις
AG	ag_lookup.json	untrusted_grave	ἢπις	Ἢπις
AG	ag_lookup.json	untrusted_grave	Ἢπις	Ἢπις
AG	ag_lookup.json	untrusted_grave	Ιλλερίχ	Ἰλλερὶχ
AG	ag_lookup.json	untrusted_grave	ιλλερίχ	Ἰλλερὶχ
AG	ag_lookup.json	untrusted_grave	ιλλεριχ	Ἰλλερὶχ
AG	ag_lookup.json	untrusted_grave	ἰλλερὶχ	Ἰλλερὶχ
AG	ag_lookup.json	untrusted_grave	Ἰλλερὶχ	Ἰλλερὶχ
AG	ag_lookup.json	untrusted_grave	Ιουλιλιανός	Ἰουλιλιανὸς
AG	ag_lookup.json	untrusted_grave	ιουλιλιανος	Ἰουλιλιανὸς
AG	ag_lookup.json	untrusted_grave	ιουλιλιανός	Ἰουλιλιανὸς
AG	ag_lookup.json	untrusted_grave	ἰουλιλιανὸς	Ἰουλιλιανὸς
AG	ag_lookup.json	untrusted_grave	Ἰουλιλιανὸς	Ἰουλιλιανὸς
AG	ag_lookup.json	untrusted_grave	Ιεροβοός	Ἱεροβοὸς
AG	ag_lookup.json	untrusted_grave	ιεροβοος	Ἱεροβοὸς
AG	ag_lookup.json	untrusted_grave	ιεροβοός	Ἱεροβοὸς
AG	ag_lookup.json	untrusted_grave	ἱεροβοὸς	Ἱεροβοὸς
AG	ag_lookup.json	untrusted_grave	Ἱεροβοὸς	Ἱεροβοὸς
AG	ag_lookup.json	untrusted_grave	ἳρις	Ἳρις
AG	ag_lookup.json	untrusted_grave	Ἳρις	Ἳρις
AG	ag_lookup.json	untrusted_grave	οξυ-λιπης αρτε	ὀξυ-λιπὴς ἄρτος
AG	ag_lookup.json	untrusted_grave	οξυ-λιπης αρτοι	ὀξυ-λιπὴς ἄρτος
AG	ag_lookup.json	untrusted_grave	οξυ-λιπης αρτοιν	ὀξυ-λιπὴς ἄρτος
AG	ag_lookup.json	untrusted_grave	οξυ-λιπης αρτοις	ὀξυ-λιπὴς ἄρτος
AG	ag_lookup.json	untrusted_grave	οξυ-λιπης αρτον	ὀξυ-λιπὴς ἄρτος
AG	ag_lookup.json	untrusted_grave	οξυ-λιπης αρτος	ὀξυ-λιπὴς ἄρτος
AG	ag_lookup.json	untrusted_grave	οξυ-λιπης αρτου	ὀξυ-λιπὴς ἄρτος
AG	ag_lookup.json	untrusted_grave	οξυ-λιπης αρτους	ὀξυ-λιπὴς ἄρτος
AG	ag_lookup.json	untrusted_grave	οξυ-λιπης αρτω	ὀξυ-λιπὴς ἄρτος
AG	ag_lookup.json	untrusted_grave	οξυ-λιπης αρτων	ὀξυ-λιπὴς ἄρτος
AG	ag_lookup.json	untrusted_grave	οξυλιπης αρτε	ὀξυλιπὴς ἄρτος
AG	ag_lookup.json	untrusted_grave	οξυλιπης αρτοι	ὀξυλιπὴς ἄρτος
AG	ag_lookup.json	untrusted_grave	οξυλιπης αρτοιν	ὀξυλιπὴς ἄρτος
AG	ag_lookup.json	untrusted_grave	οξυλιπης αρτοις	ὀξυλιπὴς ἄρτος
AG	ag_lookup.json	untrusted_grave	οξυλιπης αρτον	ὀξυλιπὴς ἄρτος
AG	ag_lookup.json	untrusted_grave	οξυλιπης αρτος	ὀξυλιπὴς ἄρτος
AG	ag_lookup.json	untrusted_grave	οξυλιπης αρτου	ὀξυλιπὴς ἄρτος
AG	ag_lookup.json	untrusted_grave	οξυλιπης αρτους	ὀξυλιπὴς ἄρτος
AG	ag_lookup.json	untrusted_grave	οξυλιπης αρτω	ὀξυλιπὴς ἄρτος
AG	ag_lookup.json	untrusted_grave	οξυλιπης αρτων	ὀξυλιπὴς ἄρτος
AG	ag_lookup.json	untrusted_grave	οψιανος λιθε	ὀψιανὸς λίθος
AG	ag_lookup.json	untrusted_grave	οψιανος λιθοι	ὀψιανὸς λίθος
AG	ag_lookup.json	untrusted_grave	οψιανος λιθοιν	ὀψιανὸς λίθος
AG	ag_lookup.json	untrusted_grave	οψιανος λιθοις	ὀψιανὸς λίθος
AG	ag_lookup.json	untrusted_grave	οψιανος λιθον	ὀψιανὸς λίθος
AG	ag_lookup.json	untrusted_grave	οψιανος λιθος	ὀψιανὸς λίθος
AG	ag_lookup.json	untrusted_grave	οψιανος λιθου	ὀψιανὸς λίθος
AG	ag_lookup.json	untrusted_grave	οψιανος λιθους	ὀψιανὸς λίθος
AG	ag_lookup.json	untrusted_grave	οψιανος λιθω	ὀψιανὸς λίθος
AG	ag_lookup.json	untrusted_grave	οψιανος λιθων	ὀψιανὸς λίθος
AG	ag_lookup.json	untrusted_grave	ὁντιναδὴ	ὁντιναδὴ
AG	ag_lookup.json	untrusted_grave	οπλ-ιστα	ὁπλ-ιστὴς
AG	ag_lookup.json	untrusted_grave	οπλ-ισται	ὁπλ-ιστὴς
AG	ag_lookup.json	untrusted_grave	οπλ-ισταιν	ὁπλ-ιστὴς
AG	ag_lookup.json	untrusted_grave	οπλ-ισταις	ὁπλ-ιστὴς
AG	ag_lookup.json	untrusted_grave	οπλ-ιστας	ὁπλ-ιστὴς
AG	ag_lookup.json	untrusted_grave	οπλ-ιστη	ὁπλ-ιστὴς
AG	ag_lookup.json	untrusted_grave	οπλ-ιστην	ὁπλ-ιστὴς
AG	ag_lookup.json	untrusted_grave	οπλ-ιστης	ὁπλ-ιστὴς
AG	ag_lookup.json	untrusted_grave	οπλ-ιστου	ὁπλ-ιστὴς
AG	ag_lookup.json	untrusted_grave	οπλ-ιστων	ὁπλ-ιστὴς
AG	ag_lookup.json	untrusted_grave	ὁποθενδὴ	ὁποθενδὴ
AG	ag_lookup.json	untrusted_grave	ὁπό	ὁπὸ
AG	ag_lookup.json	untrusted_grave	ὁτῳδή	ὁτῳδὴ
AG	ag_lookup.json	untrusted_grave	Οδεσσός	Ὀδεσσὸς
AG	ag_lookup.json	untrusted_grave	οδεσσος	Ὀδεσσὸς
AG	ag_lookup.json	untrusted_grave	οδεσσός	Ὀδεσσὸς
AG	ag_lookup.json	untrusted_grave	ὀδεσσὸς	Ὀδεσσὸς
AG	ag_lookup.json	untrusted_grave	Ὀδεσσὸς	Ὀδεσσὸς
AG	ag_lookup.json	untrusted_grave	Οηστεινειανός	Ὀηστεινειανὸς
AG	ag_lookup.json	untrusted_grave	οηστεινειανος	Ὀηστεινειανὸς
AG	ag_lookup.json	untrusted_grave	οηστεινειανός	Ὀηστεινειανὸς
AG	ag_lookup.json	untrusted_grave	ὀηστεινειανὸς	Ὀηστεινειανὸς
AG	ag_lookup.json	untrusted_grave	Ὀηστεινειανὸς	Ὀηστεινειανὸς
AG	ag_lookup.json	untrusted_grave	Οφελιανός	Ὀφελιανὸς
AG	ag_lookup.json	untrusted_grave	οφελιανος	Ὀφελιανὸς
AG	ag_lookup.json	untrusted_grave	οφελιανός	Ὀφελιανὸς
AG	ag_lookup.json	untrusted_grave	ὀφελιανὸς	Ὀφελιανὸς
AG	ag_lookup.json	untrusted_grave	Ὀφελιανὸς	Ὀφελιανὸς
AG	ag_lookup.json	untrusted_grave	Ονορατιανός	Ὁνορατιανὸς
AG	ag_lookup.json	untrusted_grave	ονορατιανος	Ὁνορατιανὸς
AG	ag_lookup.json	untrusted_grave	ονορατιανός	Ὁνορατιανὸς
AG	ag_lookup.json	untrusted_grave	ὁνορατιανὸς	Ὁνορατιανὸς
AG	ag_lookup.json	untrusted_grave	Ὁνορατιανὸς	Ὁνορατιανὸς
AG	ag_lookup.json	untrusted_grave	ὑγρηδὸν	ὑγρηδὸν
AG	ag_lookup.json	untrusted_grave	ὑδατός	ὑδατὸς
AG	ag_lookup.json	untrusted_grave	ὑποζύ	ὑποζὺ
AG	ag_lookup.json	untrusted_grave	ὑποτάτ	ὑποτὰτ
AG	ag_lookup.json	untrusted_grave	ὑστέ	ὑστὲ
AG	ag_lookup.json	untrusted_grave	ὓκ	ὓκ
AG	ag_lookup.json	untrusted_grave	ὡσαύ	ὡσαὺ
AG	ag_lookup.json	untrusted_grave	Ωριγενίς	Ὠριγενὶς
AG	ag_lookup.json	untrusted_grave	ωριγενίς	Ὠριγενὶς
AG	ag_lookup.json	untrusted_grave	ωριγενις	Ὠριγενὶς
AG	ag_lookup.json	untrusted_grave	ὠριγενὶς	Ὠριγενὶς
AG	ag_lookup.json	untrusted_grave	Ὠριγενὶς	Ὠριγενὶς
AG	ag_lookup.json	untrusted_grave	άτ	ὰτ
AG	ag_lookup.json	untrusted_grave	ὲς	ὲς
AG	ag_lookup.json	untrusted_grave	ᾐδὲ	ᾐδὲ
AG	ag_lookup.json	untrusted_grave	ῥυζηδὸν	ῥυζηδὸν
AG	ag_lookup.json	untrusted_grave	Ρηγινειανός	Ῥηγινειανὸς
AG	ag_lookup.json	untrusted_grave	ρηγινειανος	Ῥηγινειανὸς
AG	ag_lookup.json	untrusted_grave	ρηγινειανός	Ῥηγινειανὸς
AG	ag_lookup.json	untrusted_grave	ῥηγινειανὸς	Ῥηγινειανὸς
AG	ag_lookup.json	untrusted_grave	Ῥηγινειανὸς	Ῥηγινειανὸς
AG	ag_lookup.json	untrusted_grave	Ροδιηνός	Ῥοδιηνὸς
AG	ag_lookup.json	untrusted_grave	ροδιηνος	Ῥοδιηνὸς
AG	ag_lookup.json	untrusted_grave	ροδιηνός	Ῥοδιηνὸς
AG	ag_lookup.json	untrusted_grave	ῥοδιηνὸς	Ῥοδιηνὸς
AG	ag_lookup.json	untrusted_grave	Ῥοδιηνὸς	Ῥοδιηνὸς
AG	ag_lookup.json	untrusted_grave	ῥοδοπιανὸς	Ῥοδοπιανὸς
AG	ag_lookup.json	untrusted_grave	Ῥοδοπιανὸς	Ῥοδοπιανὸς
AG	ag_lookup.json	untrusted_grave	Ροδωνίς	Ῥοδωνὶς
AG	ag_lookup.json	untrusted_grave	ροδωνίς	Ῥοδωνὶς
AG	ag_lookup.json	untrusted_grave	ροδωνις	Ῥοδωνὶς
AG	ag_lookup.json	untrusted_grave	ῥοδωνὶς	Ῥοδωνὶς
AG	ag_lookup.json	untrusted_grave	Ῥοδωνὶς	Ῥοδωνὶς
AG	ag_lookup.json	untrusted_grave	ῥουστικὸς	Ῥουστικὸς
AG	ag_lookup.json	untrusted_grave	Ῥουστικὸς	Ῥουστικὸς
AG	ag_lookup.json	untrusted_grave	Ρουφεινιανός	Ῥουφεινιανὸς
AG	ag_lookup.json	untrusted_grave	ρουφεινιανος	Ῥουφεινιανὸς
AG	ag_lookup.json	untrusted_grave	ρουφεινιανός	Ῥουφεινιανὸς
AG	ag_lookup.json	untrusted_grave	ῥουφεινιανὸς	Ῥουφεινιανὸς
AG	ag_lookup.json	untrusted_grave	Ῥουφεινιανὸς	Ῥουφεινιανὸς
AG	ag_lookup.json	untrusted_grave	’γ’ὼ	’γ’ὼ
AG	ag_lookup.json	untrusted_grave	’πλὴν	’πλὴν
EL	glaux_pairs.json	duplicate_tonal_marks	αὺτοῦ	αυτοῦ́
EL	glaux_pairs.json	duplicate_tonal_marks	δέῖ	δεί́ω
EL	glaux_pairs.json	duplicate_tonal_marks	θέλῆ	θογιλῆ́σκω
EL	glaux_pairs.json	duplicate_tonal_marks	πασὶ	πασιέ͂ς
EL	glaux_pairs.json	duplicate_tonal_marks	τὸῦ	τό́ς
EL	glaux_pairs.json	duplicate_tonal_marks	μέτῆκται	τῆ́γνυμι
EL	glaux_pairs.json	duplicate_tonal_marks	ὅποῖόν	ὅ́ποιος
AG	glaux_pairs.json	editorial_siglum	)Νηλήιον	)Νηλήϊος
AG	glaux_pairs.json	editorial_siglum	)γʹ	)γʹ
AG	glaux_pairs.json	editorial_siglum	)δύσις	)δύσις
AG	glaux_pairs.json	editorial_siglum	)θ	)θʹ
AG	glaux_pairs.json	editorial_siglum	)κ	)κ̅
AG	glaux_pairs.json	editorial_siglum	)λπίζουσι	)λπίζω
AG	glaux_pairs.json	editorial_siglum	)πεὶ	)πεί
AG	glaux_pairs.json	editorial_siglum	)πό	)πὸ
AG	glaux_pairs.json	editorial_siglum	)συνθετώτερα	)σύνθετος
AG	glaux_pairs.json	editorial_siglum	)τούτου	)τοῦτον
AG	glaux_pairs.json	editorial_siglum	)ϡ	)ϡ
EL	glaux_pairs.json	editorial_siglum	)Νηλήιον	)Νηλήϊος
EL	glaux_pairs.json	editorial_siglum	)γʹ	)γʹ
EL	glaux_pairs.json	editorial_siglum	)δύσις	)δύσις
EL	glaux_pairs.json	editorial_siglum	)θ	)θʹ
EL	glaux_pairs.json	editorial_siglum	)κ	)κ̅
EL	glaux_pairs.json	editorial_siglum	)λπίζουσι	)λπίζω
EL	glaux_pairs.json	editorial_siglum	)πεὶ	)πεί
EL	glaux_pairs.json	editorial_siglum	)πό	)πὸ
EL	glaux_pairs.json	editorial_siglum	)συνθετώτερα	)σύνθετος
EL	glaux_pairs.json	editorial_siglum	)τούτου	)τοῦτον
EL	glaux_pairs.json	editorial_siglum	)ϡ	)ϡ
AG	glaux_pairs.json	final_elision_mark	Καφαραθ’	Καφαραθ’
AG	glaux_pairs.json	final_elision_mark	δ’’	δ’’
AG	glaux_pairs.json	final_elision_mark	τοιᾳδί	οιᾳδ᾽
AG	glaux_pairs.json	final_elision_mark	ου’	ου’
AG	glaux_pairs.json	final_elision_mark	υεθ’	υεθ’
EL	glaux_pairs.json	final_elision_mark	·ἐπ’	·ἐπ’
EL	glaux_pairs.json	final_elision_mark	Διονύσῳ’	Διονύσῳ’
EL	glaux_pairs.json	final_elision_mark	Δἰ	Δ᾽
EL	glaux_pairs.json	final_elision_mark	Καφαραθ’	Καφαραθ’
EL	glaux_pairs.json	final_elision_mark	Ξάνθῳ’	Ξάνθῳ’
EL	glaux_pairs.json	final_elision_mark	Σύντριβ’	Σύντριβ’
EL	glaux_pairs.json	final_elision_mark	δήπου’	δήπου’
EL	glaux_pairs.json	final_elision_mark	δ’’	δ’’
EL	glaux_pairs.json	final_elision_mark	εἶ’	εἶ’
EL	glaux_pairs.json	final_elision_mark	θάνατοσ’	θάνατοσ’
EL	glaux_pairs.json	final_elision_mark	λύχνοιδ’	λύχνοιδ’
EL	glaux_pairs.json	final_elision_mark	μεγάλῃ’	μέγῃ’
EL	glaux_pairs.json	final_elision_mark	τοιᾳδί	οιᾳδ᾽
EL	glaux_pairs.json	final_elision_mark	τοιᾳδὶ	οιᾳδ᾽
EL	glaux_pairs.json	final_elision_mark	ου’	ου’
EL	glaux_pairs.json	final_elision_mark	παῖδα’	παῖ’
EL	glaux_pairs.json	final_elision_mark	πορφύρεοσ’	πορφύρεοσ’
EL	glaux_pairs.json	final_elision_mark	ποώποτ’	ποώποτ’
EL	glaux_pairs.json	final_elision_mark	τοῖνδ’	τόνδ’
EL	glaux_pairs.json	final_elision_mark	υεθ’	υεθ’
EL	glaux_pairs.json	final_elision_mark	ἀλλαιχ’	ἀλλαιχ’
EL	glaux_pairs.json	final_elision_mark	ἀμελεῖν’	ἀμελεῖν’
EL	glaux_pairs.json	final_elision_mark	ἀπῶσαι’	ἀπῶσαι’
EL	glaux_pairs.json	final_elision_mark	ὦμαθέστατ’	ἐμάθεστατ’
EL	glaux_pairs.json	final_elision_mark	ἐνγεταῦθ’	ἐνγεταῦθ’
EL	glaux_pairs.json	final_elision_mark	ὦταῖρ’	ἐτάῖρ’
EL	glaux_pairs.json	final_elision_mark	ἐἴτ’	ἐἴτ’
EL	glaux_pairs.json	final_elision_mark	ἑφ’	ἑφ’
EL	glaux_pairs.json	final_elision_mark	Ἵπταμ’	Ἵπταμ’
EL	glaux_pairs.json	final_elision_mark	ὥ’	ὣ’
EL	glaux_pairs.json	final_elision_mark	τῷῦ	ῷ᾽
AG	glaux_pairs.json	final_keraia_or_prime	ʹα	ʹαʹ
AG	glaux_pairs.json	final_keraia_or_prime	͵ας	͵αςʹ
AG	glaux_pairs.json	final_keraia_or_prime	͵ασʹ	͵αςʹ
AG	glaux_pairs.json	final_keraia_or_prime	͵ασϟʹ	͵ας̣?ʹ
AG	glaux_pairs.json	final_keraia_or_prime	͵ηχϟʹ	͵ηχ̣?ʹ
AG	glaux_pairs.json	final_keraia_or_prime	͵οβʹ	͵οβʹ
AG	glaux_pairs.json	final_keraia_or_prime	͵οζʹ	͵οζʹ
AG	glaux_pairs.json	final_keraia_or_prime	͵σακε	͵σακεʹ
AG	glaux_pairs.json	final_keraia_or_prime	͵ϛχναʹ	͵ϛχνοʹ
AG	glaux_pairs.json	final_keraia_or_prime	ΑΕΗΒʹ	ΑΕΗΒʹ
AG	glaux_pairs.json	final_keraia_or_prime	Αμην	Αμηνʹ
AG	glaux_pairs.json	final_keraia_or_prime	Ιʹ𝈶ʹ	Ιʹ𝈶ʹ
AG	glaux_pairs.json	final_keraia_or_prime	Μθοζ	Μθοζʹ
AG	glaux_pairs.json	final_keraia_or_prime	Μθψιβ	Μθψιβʹ
AG	glaux_pairs.json	final_keraia_or_prime	Μρκε	Μρκεʹ
AG	glaux_pairs.json	final_keraia_or_prime	αʹαʹ	αʹαʹ
AG	glaux_pairs.json	final_keraia_or_prime	αʹγʹʹ	αʹγʹʹ
AG	glaux_pairs.json	final_keraia_or_prime	αʹϚ	αʹϚʹ
AG	glaux_pairs.json	final_keraia_or_prime	ααʹ	ααʹ
AG	glaux_pairs.json	final_keraia_or_prime	ααα	αααʹ
AG	glaux_pairs.json	final_keraia_or_prime	αααα	ααααʹ
AG	glaux_pairs.json	final_keraia_or_prime	ααααα	αααααʹ
AG	glaux_pairs.json	final_keraia_or_prime	αβʹ	αβʹ
AG	glaux_pairs.json	final_keraia_or_prime	αβγ	αβγʹ
AG	glaux_pairs.json	final_keraia_or_prime	αβγδεζη	αβγδεζηʹ
AG	glaux_pairs.json	final_keraia_or_prime	αγʹ	αγʹ
AG	glaux_pairs.json	final_keraia_or_prime	αδ	αδʹ
AG	glaux_pairs.json	final_keraia_or_prime	αδʹ	αδʹ
AG	glaux_pairs.json	final_keraia_or_prime	αεʹ	αεʹ
AG	glaux_pairs.json	final_keraia_or_prime	αζ	αζʹ
AG	glaux_pairs.json	final_keraia_or_prime	αζʹ	αζʹ
AG	glaux_pairs.json	final_keraia_or_prime	αηʹ	αηʹ
AG	glaux_pairs.json	final_keraia_or_prime	αθ	αθʹ
AG	glaux_pairs.json	final_keraia_or_prime	αθʹ	αθʹ
AG	glaux_pairs.json	final_keraia_or_prime	αθξτψασχσνη	αθξτψασχσνηʹ
AG	glaux_pairs.json	final_keraia_or_prime	αθϚγʹ	αθϚγʹ
AG	glaux_pairs.json	final_keraia_or_prime	ακδ	ακδʹ
AG	glaux_pairs.json	final_keraia_or_prime	ακδʹ	ακδʹ
AG	glaux_pairs.json	final_keraia_or_prime	αλϚʹ	αλϚʹ
AG	glaux_pairs.json	final_keraia_or_prime	αμγ	αμγʹ
AG	glaux_pairs.json	final_keraia_or_prime	ανδ	ανδʹ
AG	glaux_pairs.json	final_keraia_or_prime	αξ	αξʹ
AG	glaux_pairs.json	final_keraia_or_prime	αοπρ	αοπρʹ
AG	glaux_pairs.json	final_keraia_or_prime	απτ	απτʹ
AG	glaux_pairs.json	final_keraia_or_prime	αρκ	αρκʹ
AG	glaux_pairs.json	final_keraia_or_prime	αρκʹ	αρκʹ
AG	glaux_pairs.json	final_keraia_or_prime	αρν	αρνʹ
AG	glaux_pairs.json	final_keraia_or_prime	αρνβ	αρνβʹ
AG	glaux_pairs.json	final_keraia_or_prime	αρξβ	αρξβʹ
AG	glaux_pairs.json	final_keraia_or_prime	αροʹ	αροʹ
AG	glaux_pairs.json	final_keraia_or_prime	αροβ	αροβʹ
AG	glaux_pairs.json	final_keraia_or_prime	αρϚ	αρϚʹ
AG	glaux_pairs.json	final_keraia_or_prime	ασʹ	αςʹ
AG	glaux_pairs.json	final_keraia_or_prime	ασελ	ασελʹ
AG	glaux_pairs.json	final_keraia_or_prime	ασκεʹ	ασκεʹ
AG	glaux_pairs.json	final_keraia_or_prime	ασλ	ασλʹ
AG	glaux_pairs.json	final_keraia_or_prime	ασξ	ασξʹ
AG	glaux_pairs.json	final_keraia_or_prime	ασπβ	ασπβʹ
AG	glaux_pairs.json	final_keraia_or_prime	ασπε	ασπεʹ
AG	glaux_pairs.json	final_keraia_or_prime	ασϚϛ	ασϚϛʹ
AG	glaux_pairs.json	final_keraia_or_prime	ατκʹ	ατκʹ
AG	glaux_pairs.json	final_keraia_or_prime	ατκη	ατκηʹ
AG	glaux_pairs.json	final_keraia_or_prime	αυκε	αυκεʹ
AG	glaux_pairs.json	final_keraia_or_prime	αυμ	αυμʹ
AG	glaux_pairs.json	final_keraia_or_prime	αυμʹ	αυμʹ
AG	glaux_pairs.json	final_keraia_or_prime	αυνβ	αυνβʹ
AG	glaux_pairs.json	final_keraia_or_prime	αυοϚʹ	αυοϚʹ
AG	glaux_pairs.json	final_keraia_or_prime	αφξ	αφξʹ
AG	glaux_pairs.json	final_keraia_or_prime	αφξʹ	αφξʹ
AG	glaux_pairs.json	final_keraia_or_prime	αφοε	αφοεʹ
AG	glaux_pairs.json	final_keraia_or_prime	αφχψ	αφχψʹ
AG	glaux_pairs.json	final_keraia_or_prime	αχ	αχʹ
AG	glaux_pairs.json	final_keraia_or_prime	αχʹ	αχʹ
AG	glaux_pairs.json	final_keraia_or_prime	αχπ	αχπʹ
AG	glaux_pairs.json	final_keraia_or_prime	αψʹ	αψʹ
AG	glaux_pairs.json	final_keraia_or_prime	αψκη	αψκηʹ
AG	glaux_pairs.json	final_keraia_or_prime	αψκηʹ	αψκηʹ
AG	glaux_pairs.json	final_keraia_or_prime	αψμδ	αψμδʹ
AG	glaux_pairs.json	final_keraia_or_prime	αωʹ	αωʹ
AG	glaux_pairs.json	final_keraia_or_prime	αωκγ	αωκγʹ
AG	glaux_pairs.json	final_keraia_or_prime	αωλη	αωληʹ
AG	glaux_pairs.json	final_keraia_or_prime	αωοε	αωοεʹ
AG	glaux_pairs.json	final_keraia_or_prime	αωπ	αωπʹ
AG	glaux_pairs.json	final_keraia_or_prime	αωπδπωα	αωπδπωαʹ
AG	glaux_pairs.json	final_keraia_or_prime	αϚ	αϚʹ
AG	glaux_pairs.json	final_keraia_or_prime	αϚδʹ	αϚδʹ
AG	glaux_pairs.json	final_keraia_or_prime	αϛʹ	αϛʹ
AG	glaux_pairs.json	final_keraia_or_prime	βεʹ	βεʹ
AG	glaux_pairs.json	final_keraia_or_prime	βηʹ	βηʹ
AG	glaux_pairs.json	final_keraia_or_prime	βις	βιςʹ
AG	glaux_pairs.json	final_keraia_or_prime	βκε	βκεʹ
AG	glaux_pairs.json	final_keraia_or_prime	βμη	βμηʹ
AG	glaux_pairs.json	final_keraia_or_prime	βομβτλιοʹ	βομβτλιοʹ
AG	glaux_pairs.json	final_keraia_or_prime	βρκη	βρκηʹ
AG	glaux_pairs.json	final_keraia_or_prime	βση	βσηʹ
AG	glaux_pairs.json	final_keraia_or_prime	βσνα	βσναʹ
AG	glaux_pairs.json	final_keraia_or_prime	βτιη	βτιηʹ
AG	glaux_pairs.json	final_keraia_or_prime	βτνα	βτναʹ
AG	glaux_pairs.json	final_keraia_or_prime	βτοʹ	βτοʹ
AG	glaux_pairs.json	final_keraia_or_prime	βυʹ	βυʹ
AG	glaux_pairs.json	final_keraia_or_prime	βυιγ	βυιγʹ
AG	glaux_pairs.json	final_keraia_or_prime	βφπε	βφπεʹ
AG	glaux_pairs.json	final_keraia_or_prime	βχπη	βχπηʹ
AG	glaux_pairs.json	final_keraia_or_prime	βψξηʹ	βψξηʹ
AG	glaux_pairs.json	final_keraia_or_prime	βωκη	βωκηʹ
AG	glaux_pairs.json	final_keraia_or_prime	βϠλαʹ	βϠλαʹ
AG	glaux_pairs.json	final_keraia_or_prime	βϡια	βϡιαʹ
AG	glaux_pairs.json	final_keraia_or_prime	γεʹ	γεʹ
AG	glaux_pairs.json	final_keraia_or_prime	γηʹ	γηʹ
AG	glaux_pairs.json	final_keraia_or_prime	γιγ	γιγʹ
AG	glaux_pairs.json	final_keraia_or_prime	γοεʹ	γοεʹ
AG	glaux_pairs.json	final_keraia_or_prime	γπη	γπηʹ
AG	glaux_pairs.json	final_keraia_or_prime	γριβʹ	γριβʹ
AG	glaux_pairs.json	final_keraia_or_prime	γρϞεʹ	γρϞεʹ
AG	glaux_pairs.json	final_keraia_or_prime	γσοηʹ	γσοηʹ
AG	glaux_pairs.json	final_keraia_or_prime	γτογ	γτογʹ
AG	glaux_pairs.json	final_keraia_or_prime	γυθ	γυθʹ
AG	glaux_pairs.json	final_keraia_or_prime	γυνϛ	γυνϛʹ
AG	glaux_pairs.json	final_keraia_or_prime	γυοεʹ	γυοεʹ
AG	glaux_pairs.json	final_keraia_or_prime	γφιγʹ	γφιγʹ
AG	glaux_pairs.json	final_keraia_or_prime	γψογ	γψογʹ
AG	glaux_pairs.json	final_keraia_or_prime	γωδ	γωδʹ
AG	glaux_pairs.json	final_keraia_or_prime	γωκδʹ	γωκδʹ
AG	glaux_pairs.json	final_keraia_or_prime	γωμ	γωμʹ
AG	glaux_pairs.json	final_keraia_or_prime	γωμʹ	γωμʹ
AG	glaux_pairs.json	final_keraia_or_prime	γϠληʹ	γϠληʹ
AG	glaux_pairs.json	final_keraia_or_prime	δʹηʹ	δʹηʹ
AG	glaux_pairs.json	final_keraia_or_prime	δεʹ	δεʹ
AG	glaux_pairs.json	final_keraia_or_prime	δηʹ	δηʹ
AG	glaux_pairs.json	final_keraia_or_prime	δσπη	δσπηʹ
AG	glaux_pairs.json	final_keraia_or_prime	δχπη	δχπηʹ
AG	glaux_pairs.json	final_keraia_or_prime	δωʹ	δωʹ
AG	glaux_pairs.json	final_keraia_or_prime	δωδε	δωδεʹ
AG	glaux_pairs.json	final_keraia_or_prime	δύος	δύοςʹ
AG	glaux_pairs.json	final_keraia_or_prime	εʹβʹγʹηʹαʹ	εʹβʹγʹηʹαʹ
AG	glaux_pairs.json	final_keraia_or_prime	εγʹ	εγʹ
AG	glaux_pairs.json	final_keraia_or_prime	εεʹ	εεʹ
AG	glaux_pairs.json	final_keraia_or_prime	εζ	εζʹ
AG	glaux_pairs.json	final_keraia_or_prime	εζʹ	εζʹ
AG	glaux_pairs.json	final_keraia_or_prime	εζηκ	εζηκʹ
AG	glaux_pairs.json	final_keraia_or_prime	εζκ	εζκʹ
AG	glaux_pairs.json	final_keraia_or_prime	εζνη	εζνηʹ
AG	glaux_pairs.json	final_keraia_or_prime	εζπη	εζπηʹ
AG	glaux_pairs.json	final_keraia_or_prime	εηʹ	εηʹ
AG	glaux_pairs.json	final_keraia_or_prime	εηπζ	εηπζʹ
AG	glaux_pairs.json	final_keraia_or_prime	εθ	εθʹ
AG	glaux_pairs.json	final_keraia_or_prime	εθʹ	εθʹ
AG	glaux_pairs.json	final_keraia_or_prime	εκηζ	εκηζʹ
AG	glaux_pairs.json	final_keraia_or_prime	ερπδ	ερπδʹ
AG	glaux_pairs.json	final_keraia_or_prime	ερστ	ερστʹ
AG	glaux_pairs.json	final_keraia_or_prime	εσξ	εσξʹ
AG	glaux_pairs.json	final_keraia_or_prime	ευʹ	ευʹ
AG	glaux_pairs.json	final_keraia_or_prime	ευλγ	ευλγʹ
AG	glaux_pairs.json	final_keraia_or_prime	εφνβ	εφνβʹ
AG	glaux_pairs.json	final_keraia_or_prime	εχϚη	εχϚηʹ
AG	glaux_pairs.json	final_keraia_or_prime	εχϞεʹ	εχϞεʹ
AG	glaux_pairs.json	final_keraia_or_prime	εψξ	εψξʹ
AG	glaux_pairs.json	final_keraia_or_prime	εωβ	εωβʹ
AG	glaux_pairs.json	final_keraia_or_prime	εωλβ	εωλβʹ
AG	glaux_pairs.json	final_keraia_or_prime	εωλβʹ	εωλβʹ
AG	glaux_pairs.json	final_keraia_or_prime	εωοε	εωοεʹ
AG	glaux_pairs.json	final_keraia_or_prime	εϚ	εϚʹ
AG	glaux_pairs.json	final_keraia_or_prime	Εϛ	εϛʹ
AG	glaux_pairs.json	final_keraia_or_prime	εϛʹ	εϛʹ
AG	glaux_pairs.json	final_keraia_or_prime	εϡκδ	εϡκδʹ
AG	glaux_pairs.json	final_keraia_or_prime	ζʹεʹʹ	ζʹεʹʹ
AG	glaux_pairs.json	final_keraia_or_prime	ζεκ	ζεκʹ
AG	glaux_pairs.json	final_keraia_or_prime	ζηʹ	ζηʹ
AG	glaux_pairs.json	final_keraia_or_prime	ζηθικ	ζηθικʹ
AG	glaux_pairs.json	final_keraia_or_prime	ζσμη	ζσμηʹ
AG	glaux_pairs.json	final_keraia_or_prime	ζυλϛ	ζυλϛʹ
AG	glaux_pairs.json	final_keraia_or_prime	ζωπη	ζωπηʹ
AG	glaux_pairs.json	final_keraia_or_prime	ηʹαʹγʹαʹζʹβʹγʹεʹ	ηʹαʹγʹαʹζʹβʹγʹεʹ
AG	glaux_pairs.json	final_keraia_or_prime	ηʹιαʹ	ηʹιαʹ
AG	glaux_pairs.json	final_keraia_or_prime	ηʹιϛʹ	ηʹιϛʹ
AG	glaux_pairs.json	final_keraia_or_prime	ηʹμδʹ	ηʹμδʹ
AG	glaux_pairs.json	final_keraia_or_prime	ηʹογʹ	ηʹογʹ
AG	glaux_pairs.json	final_keraia_or_prime	ηηʹ	ηηʹ
AG	glaux_pairs.json	final_keraia_or_prime	Ηθ	ηθʹ
AG	glaux_pairs.json	final_keraia_or_prime	ηθ	ηθʹ
AG	glaux_pairs.json	final_keraia_or_prime	ηθʹ	ηθʹ
AG	glaux_pairs.json	final_keraia_or_prime	ηπ	ηπʹ
AG	glaux_pairs.json	final_keraia_or_prime	ηρʹ	ηρʹ
AG	glaux_pairs.json	final_keraia_or_prime	ηρκσʹ	ηρκςʹ
AG	glaux_pairs.json	final_keraia_or_prime	ηυʹ	ηυʹ
AG	glaux_pairs.json	final_keraia_or_prime	ηφξʹ	ηφξʹ
AG	glaux_pairs.json	final_keraia_or_prime	ηψιϛ	ηψιϛʹ
AG	glaux_pairs.json	final_keraia_or_prime	ηωʹ	ηωʹ
AG	glaux_pairs.json	final_keraia_or_prime	ηωλʹ	ηωλʹ
AG	glaux_pairs.json	final_keraia_or_prime	ηϚ	ηϚʹ
AG	glaux_pairs.json	final_keraia_or_prime	ηϚʹ	ηϚʹ
AG	glaux_pairs.json	final_keraia_or_prime	ηϚδʹ	ηϚδʹ
AG	glaux_pairs.json	final_keraia_or_prime	η𐅵ʹʹ	η𐅵ʹʹ
AG	glaux_pairs.json	final_keraia_or_prime	θηʹ	θηʹ
AG	glaux_pairs.json	final_keraia_or_prime	θικλμν	θικλμνʹ
AG	glaux_pairs.json	final_keraia_or_prime	θμεα	θμεαʹ
AG	glaux_pairs.json	final_keraia_or_prime	θρμεʹ	θρμεʹ
AG	glaux_pairs.json	final_keraia_or_prime	θωνϛ	θωνϛʹ
AG	glaux_pairs.json	final_keraia_or_prime	ιαϚ	ιαϚʹ
AG	glaux_pairs.json	final_keraia_or_prime	ιβον	ιβονʹ
AG	glaux_pairs.json	final_keraia_or_prime	ιβϚ	ιβϚʹ
AG	glaux_pairs.json	final_keraia_or_prime	ιδμαβψμʹ	ιδμαβψμʹ
AG	glaux_pairs.json	final_keraia_or_prime	ιεσθα	ιεσθαʹ
AG	glaux_pairs.json	final_keraia_or_prime	ιζϚ	ιζϚʹ
AG	glaux_pairs.json	final_keraia_or_prime	ιμ	ιμʹ
AG	glaux_pairs.json	final_keraia_or_prime	ιρʹ	ιρʹ
AG	glaux_pairs.json	final_keraia_or_prime	ιστʹ	ιστʹ
AG	glaux_pairs.json	final_keraia_or_prime	ιτ	ιτʹ
AG	glaux_pairs.json	final_keraia_or_prime	ιϚϚ	ιϚϚʹ
AG	glaux_pairs.json	final_keraia_or_prime	κηζ	κηζʹ
AG	glaux_pairs.json	final_keraia_or_prime	λαϚ	λαϚʹ
AG	glaux_pairs.json	final_keraia_or_prime	λγον	λγονʹ
AG	glaux_pairs.json	final_keraia_or_prime	λγου	λγουʹ
AG	glaux_pairs.json	final_keraia_or_prime	λδηʹ	λδηʹ
AG	glaux_pairs.json	final_keraia_or_prime	λεβ	λεβʹ
AG	glaux_pairs.json	final_keraia_or_prime	ληϚʹ	ληϚʹ
AG	glaux_pairs.json	final_keraia_or_prime	λθϚηʹ	λθϚηʹ
AG	glaux_pairs.json	final_keraia_or_prime	λιʹ	λιʹ
AG	glaux_pairs.json	final_keraia_or_prime	μ͵βψιεʹ	μ͵βψιεʹ
AG	glaux_pairs.json	final_keraia_or_prime	μ͵θροηʹ	μ͵θροηʹ
AG	glaux_pairs.json	final_keraia_or_prime	μεʹδʹʹ	μεʹδʹʹ
AG	glaux_pairs.json	final_keraia_or_prime	μεφʹ	μεφʹ
AG	glaux_pairs.json	final_keraia_or_prime	μκεʹ͵β	μκεʹ͵βʹ
AG	glaux_pairs.json	final_keraia_or_prime	μμ͵γυιθʹ	μμ͵γυιθʹ
AG	glaux_pairs.json	final_keraia_or_prime	μμ͵ηραʹ	μμ͵ηραʹ
AG	glaux_pairs.json	final_keraia_or_prime	μμμφιεʹ	μμμφιεʹ
AG	glaux_pairs.json	final_keraia_or_prime	μυʹ	μυʹ
AG	glaux_pairs.json	final_keraia_or_prime	ναλ	ναλʹ
AG	glaux_pairs.json	final_keraia_or_prime	νειμ	νειμʹ
AG	glaux_pairs.json	final_keraia_or_prime	νηϚ	νηϚʹ
AG	glaux_pairs.json	final_keraia_or_prime	ξιγκπλεμς	ξιγκπλεμςʹ
AG	glaux_pairs.json	final_keraia_or_prime	ξσμη	ξσμηʹ
AG	glaux_pairs.json	final_keraia_or_prime	ογϚ	ογϚʹ
AG	glaux_pairs.json	final_keraia_or_prime	οηϚιδʹ	οηϚιδʹ
AG	glaux_pairs.json	final_keraia_or_prime	ολ	ολʹ
AG	glaux_pairs.json	final_keraia_or_prime	ομν	ομνʹ
AG	glaux_pairs.json	final_keraia_or_prime	ονʹ	ονʹ
AG	glaux_pairs.json	final_keraia_or_prime	οψʹ	οψʹ
AG	glaux_pairs.json	final_keraia_or_prime	οϚϚ	οϚϚʹ
AG	glaux_pairs.json	final_keraia_or_prime	παλ	παλʹ
AG	glaux_pairs.json	final_keraia_or_prime	πεδ	πεδʹ
AG	glaux_pairs.json	final_keraia_or_prime	πεντηκονταοκτώ	πεντηκονταοκτώʹ
AG	glaux_pairs.json	final_keraia_or_prime	πχυψ	πχυψʹ
AG	glaux_pairs.json	final_keraia_or_prime	πωʹ	πωʹ
AG	glaux_pairs.json	final_keraia_or_prime	ραη	ραηʹ
AG	glaux_pairs.json	final_keraia_or_prime	ριβϟ	ριβϟʹ
AG	glaux_pairs.json	final_keraia_or_prime	ρισʹ	ριςʹ
AG	glaux_pairs.json	final_keraia_or_prime	ρξηϚδʹ	ρξηϚδʹ
AG	glaux_pairs.json	final_keraia_or_prime	ροσʹ	ροςʹ
AG	glaux_pairs.json	final_keraia_or_prime	ρϚε	ρϚεʹ
AG	glaux_pairs.json	final_keraia_or_prime	ρϚη	ρϚηʹ
AG	glaux_pairs.json	final_keraia_or_prime	σιμ	σιμʹ
AG	glaux_pairs.json	final_keraia_or_prime	σιστʹ	σιστʹ
AG	glaux_pairs.json	final_keraia_or_prime	σληϚʹ	σληϚʹ
AG	glaux_pairs.json	final_keraia_or_prime	σμϚηʹ	σμϚηʹ
AG	glaux_pairs.json	final_keraia_or_prime	στιγμαʹ	στιγμαʹ
AG	glaux_pairs.json	final_keraia_or_prime	στκη	στκηʹ
AG	glaux_pairs.json	final_keraia_or_prime	σψηʹ	σψηʹ
AG	glaux_pairs.json	final_keraia_or_prime	σϚε	σϚεʹ
AG	glaux_pairs.json	final_keraia_or_prime	σϠϞαʹ	σϠϞαʹ
AG	glaux_pairs.json	final_keraia_or_prime	τεοʹ	τεοʹ
AG	glaux_pairs.json	final_keraia_or_prime	τεσσαρακονταοκτώ	τεσσαρακονταοκτώʹ
AG	glaux_pairs.json	final_keraia_or_prime	τεσσαρασκαίδεκα	τεσσαρασκαίδεκαʹ
AG	glaux_pairs.json	final_keraia_or_prime	τετρακαίδεκα	τετρακαίδεκαʹ
AG	glaux_pairs.json	final_keraia_or_prime	τιιτ	τιιτʹ
AG	glaux_pairs.json	final_keraia_or_prime	τξον	τξονʹ
AG	glaux_pairs.json	final_keraia_or_prime	τριακονταοκτώ	τριακονταοκτώʹ
AG	glaux_pairs.json	final_keraia_or_prime	τρισχι	τρισχιʹ
AG	glaux_pairs.json	final_keraia_or_prime	τριτ	τριτʹ
AG	glaux_pairs.json	final_keraia_or_prime	τριταιο	τριταιοʹ
AG	glaux_pairs.json	final_keraia_or_prime	τσηʹ	τσηʹ
AG	glaux_pairs.json	final_keraia_or_prime	υκκυ	υκκυʹ
AG	glaux_pairs.json	final_keraia_or_prime	υρφ	υρφʹ
AG	glaux_pairs.json	final_keraia_or_prime	υωβ	υωβʹ
AG	glaux_pairs.json	final_keraia_or_prime	υϚθ	υϚθʹ
AG	glaux_pairs.json	final_keraia_or_prime	υϚς	υϚςʹ
AG	glaux_pairs.json	final_keraia_or_prime	υϟς	υϟςʹ
AG	glaux_pairs.json	final_keraia_or_prime	φολ	φολʹ
AG	glaux_pairs.json	final_keraia_or_prime	φχψω	φχψωʹ
AG	glaux_pairs.json	final_keraia_or_prime	φϚα	φϚαʹ
AG	glaux_pairs.json	final_keraia_or_prime	ψυπφς	ψυπφςʹ
AG	glaux_pairs.json	final_keraia_or_prime	ωϚα	ωϚαʹ
AG	glaux_pairs.json	final_keraia_or_prime	Ϛʹηʹ	Ϛʹηʹ
AG	glaux_pairs.json	final_keraia_or_prime	Ϛʹιδʹ	Ϛʹιδʹ
AG	glaux_pairs.json	final_keraia_or_prime	Ϛʹιϛʹ	Ϛʹιϛʹ
AG	glaux_pairs.json	final_keraia_or_prime	ϚΗ	ϚΗʹ
AG	glaux_pairs.json	final_keraia_or_prime	Ϛα	Ϛαʹ
AG	glaux_pairs.json	final_keraia_or_prime	Ϛαρε	Ϛαρεʹ
AG	glaux_pairs.json	final_keraia_or_prime	ϚϚεʹιʹ	ϚϚεʹιʹ
AG	glaux_pairs.json	final_keraia_or_prime	Ϛη	ϛηʹ
AG	glaux_pairs.json	final_keraia_or_prime	ϛηʹ	ϛηʹ
AG	glaux_pairs.json	final_keraia_or_prime	ϛυ	ϛυʹ
AG	glaux_pairs.json	final_keraia_or_prime	ϛωνθ	ϛωνθʹ
AG	glaux_pairs.json	final_keraia_or_prime	ϠϚΑ	ϠϚΑʹ
AG	glaux_pairs.json	final_keraia_or_prime	ὀγδοηκονταοκτώ	ὀγδοηκονταοκτώʹ
AG	glaux_pairs.json	final_keraia_or_prime	𐅻αʹ	𐅻αʹ
AG	glaux_pairs.json	final_keraia_or_prime	𐅻ιβʹ	𐅻ιβʹ
AG	glaux_pairs.json	final_keraia_or_prime	𐅻κεʹ	𐅻κεʹ
AG	glaux_pairs.json	final_keraia_or_prime	𐅻μηʹ	𐅻μηʹ
EL	glaux_pairs.json	final_keraia_or_prime	ʹα	ʹαʹ
EL	glaux_pairs.json	final_keraia_or_prime	͵ας	͵αςʹ
EL	glaux_pairs.json	final_keraia_or_prime	͵ασʹ	͵αςʹ
EL	glaux_pairs.json	final_keraia_or_prime	͵ασϟʹ	͵ας̣?ʹ
EL	glaux_pairs.json	final_keraia_or_prime	͵ηχϟʹ	͵ηχ̣?ʹ
EL	glaux_pairs.json	final_keraia_or_prime	͵οβʹ	͵οβʹ
EL	glaux_pairs.json	final_keraia_or_prime	͵οζʹ	͵οζʹ
EL	glaux_pairs.json	final_keraia_or_prime	͵σακε	͵σακεʹ
EL	glaux_pairs.json	final_keraia_or_prime	͵ϛχναʹ	͵ϛχνοʹ
EL	glaux_pairs.json	final_keraia_or_prime	ΑΕΗΒʹ	ΑΕΗΒʹ
EL	glaux_pairs.json	final_keraia_or_prime	Αμην	Αμηνʹ
EL	glaux_pairs.json	final_keraia_or_prime	Ιʹ𝈶ʹ	Ιʹ𝈶ʹ
EL	glaux_pairs.json	final_keraia_or_prime	Μθοζ	Μθοζʹ
EL	glaux_pairs.json	final_keraia_or_prime	Μθψιβ	Μθψιβʹ
EL	glaux_pairs.json	final_keraia_or_prime	Μρκε	Μρκεʹ
EL	glaux_pairs.json	final_keraia_or_prime	αʹαʹ	αʹαʹ
EL	glaux_pairs.json	final_keraia_or_prime	αʹγʹʹ	αʹγʹʹ
EL	glaux_pairs.json	final_keraia_or_prime	αʹϚ	αʹϚʹ
EL	glaux_pairs.json	final_keraia_or_prime	ααʹ	ααʹ
EL	glaux_pairs.json	final_keraia_or_prime	αααα	ααααʹ
EL	glaux_pairs.json	final_keraia_or_prime	ααααα	αααααʹ
EL	glaux_pairs.json	final_keraia_or_prime	αβʹ	αβʹ
EL	glaux_pairs.json	final_keraia_or_prime	αβγ	αβγʹ
EL	glaux_pairs.json	final_keraia_or_prime	αβγδεζη	αβγδεζηʹ
EL	glaux_pairs.json	final_keraia_or_prime	αγʹ	αγʹ
EL	glaux_pairs.json	final_keraia_or_prime	αδʹ	αδʹ
EL	glaux_pairs.json	final_keraia_or_prime	αεʹ	αεʹ
EL	glaux_pairs.json	final_keraia_or_prime	αζ	αζʹ
EL	glaux_pairs.json	final_keraia_or_prime	αζʹ	αζʹ
EL	glaux_pairs.json	final_keraia_or_prime	αηʹ	αηʹ
EL	glaux_pairs.json	final_keraia_or_prime	αθ	αθʹ
EL	glaux_pairs.json	final_keraia_or_prime	αθʹ	αθʹ
EL	glaux_pairs.json	final_keraia_or_prime	αθξτψασχσνη	αθξτψασχσνηʹ
EL	glaux_pairs.json	final_keraia_or_prime	αθϚγʹ	αθϚγʹ
EL	glaux_pairs.json	final_keraia_or_prime	ακδ	ακδʹ
EL	glaux_pairs.json	final_keraia_or_prime	ακδʹ	ακδʹ
EL	glaux_pairs.json	final_keraia_or_prime	αλϚʹ	αλϚʹ
EL	glaux_pairs.json	final_keraia_or_prime	αμγ	αμγʹ
EL	glaux_pairs.json	final_keraia_or_prime	ανδ	ανδʹ
EL	glaux_pairs.json	final_keraia_or_prime	αξ	αξʹ
EL	glaux_pairs.json	final_keraia_or_prime	αοπρ	αοπρʹ
EL	glaux_pairs.json	final_keraia_or_prime	αρκ	αρκʹ
EL	glaux_pairs.json	final_keraia_or_prime	αρκʹ	αρκʹ
EL	glaux_pairs.json	final_keraia_or_prime	αρνβ	αρνβʹ
EL	glaux_pairs.json	final_keraia_or_prime	αρξβ	αρξβʹ
EL	glaux_pairs.json	final_keraia_or_prime	αροʹ	αροʹ
EL	glaux_pairs.json	final_keraia_or_prime	αροβ	αροβʹ
EL	glaux_pairs.json	final_keraia_or_prime	αρϚ	αρϚʹ
EL	glaux_pairs.json	final_keraia_or_prime	ασʹ	αςʹ
EL	glaux_pairs.json	final_keraia_or_prime	ασελ	ασελʹ
EL	glaux_pairs.json	final_keraia_or_prime	ασκεʹ	ασκεʹ
EL	glaux_pairs.json	final_keraia_or_prime	ασλ	ασλʹ
EL	glaux_pairs.json	final_keraia_or_prime	ασξ	ασξʹ
EL	glaux_pairs.json	final_keraia_or_prime	ασπβ	ασπβʹ
EL	glaux_pairs.json	final_keraia_or_prime	ασϚϛ	ασϚϛʹ
EL	glaux_pairs.json	final_keraia_or_prime	ατκʹ	ατκʹ
EL	glaux_pairs.json	final_keraia_or_prime	ατκη	ατκηʹ
EL	glaux_pairs.json	final_keraia_or_prime	αυκε	αυκεʹ
EL	glaux_pairs.json	final_keraia_or_prime	αυμ	αυμʹ
EL	glaux_pairs.json	final_keraia_or_prime	αυμʹ	αυμʹ
EL	glaux_pairs.json	final_keraia_or_prime	αυνβ	αυνβʹ
EL	glaux_pairs.json	final_keraia_or_prime	αυοϚʹ	αυοϚʹ
EL	glaux_pairs.json	final_keraia_or_prime	αφξ	αφξʹ
EL	glaux_pairs.json	final_keraia_or_prime	αφξʹ	αφξʹ
EL	glaux_pairs.json	final_keraia_or_prime	αφοε	αφοεʹ
EL	glaux_pairs.json	final_keraia_or_prime	αφχψ	αφχψʹ
EL	glaux_pairs.json	final_keraia_or_prime	αχʹ	αχʹ
EL	glaux_pairs.json	final_keraia_or_prime	αχπ	αχπʹ
EL	glaux_pairs.json	final_keraia_or_prime	αψʹ	αψʹ
EL	glaux_pairs.json	final_keraia_or_prime	αψκη	αψκηʹ
EL	glaux_pairs.json	final_keraia_or_prime	αψκηʹ	αψκηʹ
EL	glaux_pairs.json	final_keraia_or_prime	αψμδ	αψμδʹ
EL	glaux_pairs.json	final_keraia_or_prime	αωʹ	αωʹ
EL	glaux_pairs.json	final_keraia_or_prime	αωκγ	αωκγʹ
EL	glaux_pairs.json	final_keraia_or_prime	αωλη	αωληʹ
EL	glaux_pairs.json	final_keraia_or_prime	αωοε	αωοεʹ
EL	glaux_pairs.json	final_keraia_or_prime	αωπ	αωπʹ
EL	glaux_pairs.json	final_keraia_or_prime	αωπδπωα	αωπδπωαʹ
EL	glaux_pairs.json	final_keraia_or_prime	αϚ	αϚʹ
EL	glaux_pairs.json	final_keraia_or_prime	αϚδʹ	αϚδʹ
EL	glaux_pairs.json	final_keraia_or_prime	αϛʹ	αϛʹ
EL	glaux_pairs.json	final_keraia_or_prime	βᾱ	βαʹ
EL	glaux_pairs.json	final_keraia_or_prime	βεʹ	βεʹ
EL	glaux_pairs.json	final_keraia_or_prime	βηʹ	βηʹ
EL	glaux_pairs.json	final_keraia_or_prime	βις	βιςʹ
EL	glaux_pairs.json	final_keraia_or_prime	βκε	βκεʹ
EL	glaux_pairs.json	final_keraia_or_prime	βμη	βμηʹ
EL	glaux_pairs.json	final_keraia_or_prime	βομβτλιοʹ	βομβτλιοʹ
EL	glaux_pairs.json	final_keraia_or_prime	βραχυπότ	βραχυπότʹ
EL	glaux_pairs.json	final_keraia_or_prime	βρκη	βρκηʹ
EL	glaux_pairs.json	final_keraia_or_prime	βση	βσηʹ
EL	glaux_pairs.json	final_keraia_or_prime	βσνα	βσναʹ
EL	glaux_pairs.json	final_keraia_or_prime	βτιη	βτιηʹ
EL	glaux_pairs.json	final_keraia_or_prime	βτνα	βτναʹ
EL	glaux_pairs.json	final_keraia_or_prime	βτοʹ	βτοʹ
EL	glaux_pairs.json	final_keraia_or_prime	βυʹ	βυʹ
EL	glaux_pairs.json	final_keraia_or_prime	βυιγ	βυιγʹ
EL	glaux_pairs.json	final_keraia_or_prime	βφπε	βφπεʹ
EL	glaux_pairs.json	final_keraia_or_prime	βχπη	βχπηʹ
EL	glaux_pairs.json	final_keraia_or_prime	βψξηʹ	βψξηʹ
EL	glaux_pairs.json	final_keraia_or_prime	βωκη	βωκηʹ
EL	glaux_pairs.json	final_keraia_or_prime	βϠλαʹ	βϠλαʹ
EL	glaux_pairs.json	final_keraia_or_prime	βϡια	βϡιαʹ
EL	glaux_pairs.json	final_keraia_or_prime	γέατ	γέατʹ
EL	glaux_pairs.json	final_keraia_or_prime	γεʹ	γεʹ
EL	glaux_pairs.json	final_keraia_or_prime	γηʹ	γηʹ
EL	glaux_pairs.json	final_keraia_or_prime	γιγ	γιγʹ
EL	glaux_pairs.json	final_keraia_or_prime	γοεʹ	γοεʹ
EL	glaux_pairs.json	final_keraia_or_prime	γπη	γπηʹ
EL	glaux_pairs.json	final_keraia_or_prime	γριβʹ	γριβʹ
EL	glaux_pairs.json	final_keraia_or_prime	γρϞεʹ	γρϞεʹ
EL	glaux_pairs.json	final_keraia_or_prime	γσοηʹ	γσοηʹ
EL	glaux_pairs.json	final_keraia_or_prime	γτογ	γτογʹ
EL	glaux_pairs.json	final_keraia_or_prime	γυθ	γυθʹ
EL	glaux_pairs.json	final_keraia_or_prime	γυνϛ	γυνϛʹ
EL	glaux_pairs.json	final_keraia_or_prime	γυοεʹ	γυοεʹ
EL	glaux_pairs.json	final_keraia_or_prime	γφιγʹ	γφιγʹ
EL	glaux_pairs.json	final_keraia_or_prime	γψογ	γψογʹ
EL	glaux_pairs.json	final_keraia_or_prime	γωδ	γωδʹ
EL	glaux_pairs.json	final_keraia_or_prime	γωκδʹ	γωκδʹ
EL	glaux_pairs.json	final_keraia_or_prime	γωμ	γωμʹ
EL	glaux_pairs.json	final_keraia_or_prime	γωμʹ	γωμʹ
EL	glaux_pairs.json	final_keraia_or_prime	γϠληʹ	γϠληʹ
EL	glaux_pairs.json	final_keraia_or_prime	γῳ	γῳʹ
EL	glaux_pairs.json	final_keraia_or_prime	δʹηʹ	δʹηʹ
EL	glaux_pairs.json	final_keraia_or_prime	δὲκζʹ	δέκζʹ
EL	glaux_pairs.json	final_keraia_or_prime	δεʹ	δεʹ
EL	glaux_pairs.json	final_keraia_or_prime	δηʹ	δηʹ
EL	glaux_pairs.json	final_keraia_or_prime	διὰμ	διάμʹ
EL	glaux_pairs.json	final_keraia_or_prime	διαφώ	διαφώʹ
EL	glaux_pairs.json	final_keraia_or_prime	δισεπιτρίτοις	δισεπιτρίτοιςʹ
EL	glaux_pairs.json	final_keraia_or_prime	δσπη	δσπηʹ
EL	glaux_pairs.json	final_keraia_or_prime	δχπη	δχπηʹ
EL	glaux_pairs.json	final_keraia_or_prime	δωʹ	δωʹ
EL	glaux_pairs.json	final_keraia_or_prime	εʹβʹγʹηʹαʹ	εʹβʹγʹηʹαʹ
EL	glaux_pairs.json	final_keraia_or_prime	εγʹ	εγʹ
EL	glaux_pairs.json	final_keraia_or_prime	εεʹ	εεʹ
EL	glaux_pairs.json	final_keraia_or_prime	εζ	εζʹ
EL	glaux_pairs.json	final_keraia_or_prime	εζʹ	εζʹ
EL	glaux_pairs.json	final_keraia_or_prime	εζηκ	εζηκʹ
EL	glaux_pairs.json	final_keraia_or_prime	εζκ	εζκʹ
EL	glaux_pairs.json	final_keraia_or_prime	εζνη	εζνηʹ
EL	glaux_pairs.json	final_keraia_or_prime	εζπη	εζπηʹ
EL	glaux_pairs.json	final_keraia_or_prime	εηʹ	εηʹ
EL	glaux_pairs.json	final_keraia_or_prime	εηπζ	εηπζʹ
EL	glaux_pairs.json	final_keraia_or_prime	εθ	εθʹ
EL	glaux_pairs.json	final_keraia_or_prime	εθʹ	εθʹ
EL	glaux_pairs.json	final_keraia_or_prime	ερπδ	ερπδʹ
EL	glaux_pairs.json	final_keraia_or_prime	ερστ	ερστʹ
EL	glaux_pairs.json	final_keraia_or_prime	εσξ	εσξʹ
EL	glaux_pairs.json	final_keraia_or_prime	ευʹ	ευʹ
EL	glaux_pairs.json	final_keraia_or_prime	ευλγ	ευλγʹ
EL	glaux_pairs.json	final_keraia_or_prime	εφνβ	εφνβʹ
EL	glaux_pairs.json	final_keraia_or_prime	εχϚη	εχϚηʹ
EL	glaux_pairs.json	final_keraia_or_prime	εχϞεʹ	εχϞεʹ
EL	glaux_pairs.json	final_keraia_or_prime	εψξ	εψξʹ
EL	glaux_pairs.json	final_keraia_or_prime	εωβ	εωβʹ
EL	glaux_pairs.json	final_keraia_or_prime	εωλβ	εωλβʹ
EL	glaux_pairs.json	final_keraia_or_prime	εωλβʹ	εωλβʹ
EL	glaux_pairs.json	final_keraia_or_prime	εωοε	εωοεʹ
EL	glaux_pairs.json	final_keraia_or_prime	εϚ	εϚʹ
EL	glaux_pairs.json	final_keraia_or_prime	Εϛ	εϛʹ
EL	glaux_pairs.json	final_keraia_or_prime	εϛʹ	εϛʹ
EL	glaux_pairs.json	final_keraia_or_prime	εϡκδ	εϡκδʹ
EL	glaux_pairs.json	final_keraia_or_prime	ζʹεʹʹ	ζʹεʹʹ
EL	glaux_pairs.json	final_keraia_or_prime	ζεκ	ζεκʹ
EL	glaux_pairs.json	final_keraia_or_prime	ζηʹ	ζηʹ
EL	glaux_pairs.json	final_keraia_or_prime	ζηθικ	ζηθικʹ
EL	glaux_pairs.json	final_keraia_or_prime	ζσμη	ζσμηʹ
EL	glaux_pairs.json	final_keraia_or_prime	ζυλϛ	ζυλϛʹ
EL	glaux_pairs.json	final_keraia_or_prime	ζωπη	ζωπηʹ
EL	glaux_pairs.json	final_keraia_or_prime	ηʹαʹγʹαʹζʹβʹγʹεʹ	ηʹαʹγʹαʹζʹβʹγʹεʹ
EL	glaux_pairs.json	final_keraia_or_prime	ηʹιαʹ	ηʹιαʹ
EL	glaux_pairs.json	final_keraia_or_prime	ηʹιϛʹ	ηʹιϛʹ
EL	glaux_pairs.json	final_keraia_or_prime	ηʹμδʹ	ηʹμδʹ
EL	glaux_pairs.json	final_keraia_or_prime	ηʹογʹ	ηʹογʹ
EL	glaux_pairs.json	final_keraia_or_prime	ηηʹ	ηηʹ
EL	glaux_pairs.json	final_keraia_or_prime	Ηθ	ηθʹ
EL	glaux_pairs.json	final_keraia_or_prime	ηθ	ηθʹ
EL	glaux_pairs.json	final_keraia_or_prime	ηθʹ	ηθʹ
EL	glaux_pairs.json	final_keraia_or_prime	ηπ	ηπʹ
EL	glaux_pairs.json	final_keraia_or_prime	ηρʹ	ηρʹ
EL	glaux_pairs.json	final_keraia_or_prime	ηρκσʹ	ηρκςʹ
EL	glaux_pairs.json	final_keraia_or_prime	ηυʹ	ηυʹ
EL	glaux_pairs.json	final_keraia_or_prime	ηφξʹ	ηφξʹ
EL	glaux_pairs.json	final_keraia_or_prime	ηψῑᾱ	ηψιαʹ
EL	glaux_pairs.json	final_keraia_or_prime	ηψιϛ	ηψιϛʹ
EL	glaux_pairs.json	final_keraia_or_prime	ηωʹ	ηωʹ
EL	glaux_pairs.json	final_keraia_or_prime	ηωλʹ	ηωλʹ
EL	glaux_pairs.json	final_keraia_or_prime	ηϚ	ηϚʹ
EL	glaux_pairs.json	final_keraia_or_prime	ηϚʹ	ηϚʹ
EL	glaux_pairs.json	final_keraia_or_prime	ηϚδʹ	ηϚδʹ
EL	glaux_pairs.json	final_keraia_or_prime	ηῳ	ηῳʹ
EL	glaux_pairs.json	final_keraia_or_prime	η𐅵ʹʹ	η𐅵ʹʹ
EL	glaux_pairs.json	final_keraia_or_prime	θηʹ	θηʹ
EL	glaux_pairs.json	final_keraia_or_prime	θικλμν	θικλμνʹ
EL	glaux_pairs.json	final_keraia_or_prime	θμεα	θμεαʹ
EL	glaux_pairs.json	final_keraia_or_prime	θρμεʹ	θρμεʹ
EL	glaux_pairs.json	final_keraia_or_prime	θωνϛ	θωνϛʹ
EL	glaux_pairs.json	final_keraia_or_prime	ιαϚ	ιαϚʹ
EL	glaux_pairs.json	final_keraia_or_prime	ιβον	ιβονʹ
EL	glaux_pairs.json	final_keraia_or_prime	ιβϚ	ιβϚʹ
EL	glaux_pairs.json	final_keraia_or_prime	ιδμαβψμʹ	ιδμαβψμʹ
EL	glaux_pairs.json	final_keraia_or_prime	ιεσθα	ιεσθαʹ
EL	glaux_pairs.json	final_keraia_or_prime	ιζϚ	ιζϚʹ
EL	glaux_pairs.json	final_keraia_or_prime	ιρʹ	ιρʹ
EL	glaux_pairs.json	final_keraia_or_prime	ιστʹ	ιστʹ
EL	glaux_pairs.json	final_keraia_or_prime	ιτ	ιτʹ
EL	glaux_pairs.json	final_keraia_or_prime	ῑῡ	ιυʹ
EL	glaux_pairs.json	final_keraia_or_prime	ιϚϚ	ιϚϚʹ
EL	glaux_pairs.json	final_keraia_or_prime	κδέ	κδέʹ
EL	glaux_pairs.json	final_keraia_or_prime	κηζ	κηζʹ
EL	glaux_pairs.json	final_keraia_or_prime	λαϚ	λαϚʹ
EL	glaux_pairs.json	final_keraia_or_prime	λγον	λγονʹ
EL	glaux_pairs.json	final_keraia_or_prime	λγου	λγουʹ
EL	glaux_pairs.json	final_keraia_or_prime	λδηʹ	λδηʹ
EL	glaux_pairs.json	final_keraia_or_prime	ληϚʹ	ληϚʹ
EL	glaux_pairs.json	final_keraia_or_prime	λθϚηʹ	λθϚηʹ
EL	glaux_pairs.json	final_keraia_or_prime	λιʹ	λιʹ
EL	glaux_pairs.json	final_keraia_or_prime	μ͵βψιεʹ	μ͵βψιεʹ
EL	glaux_pairs.json	final_keraia_or_prime	μ͵θροηʹ	μ͵θροηʹ
EL	glaux_pairs.json	final_keraia_or_prime	μέλανοσʹ	μέλανοςʹ
EL	glaux_pairs.json	final_keraia_or_prime	μεʹδʹʹ	μεʹδʹʹ
EL	glaux_pairs.json	final_keraia_or_prime	μεφʹ	μεφʹ
EL	glaux_pairs.json	final_keraia_or_prime	μκεʹ͵β	μκεʹ͵βʹ
EL	glaux_pairs.json	final_keraia_or_prime	μμ͵γυιθʹ	μμ͵γυιθʹ
EL	glaux_pairs.json	final_keraia_or_prime	μμ͵ηραʹ	μμ͵ηραʹ
EL	glaux_pairs.json	final_keraia_or_prime	μμμφιεʹ	μμμφιεʹ
EL	glaux_pairs.json	final_keraia_or_prime	μυʹ	μυʹ
EL	glaux_pairs.json	final_keraia_or_prime	μῃʹ	μῃʹ
EL	glaux_pairs.json	final_keraia_or_prime	ναλ	ναλʹ
EL	glaux_pairs.json	final_keraia_or_prime	νειμ	νειμʹ
EL	glaux_pairs.json	final_keraia_or_prime	νηϚ	νηϚʹ
EL	glaux_pairs.json	final_keraia_or_prime	ξιγκπλεμς	ξιγκπλεμςʹ
EL	glaux_pairs.json	final_keraia_or_prime	ξσμη	ξσμηʹ
EL	glaux_pairs.json	final_keraia_or_prime	ογϚ	ογϚʹ
EL	glaux_pairs.json	final_keraia_or_prime	οηϚιδʹ	οηϚιδʹ
EL	glaux_pairs.json	final_keraia_or_prime	ολ	ολʹ
EL	glaux_pairs.json	final_keraia_or_prime	ομν	ομνʹ
EL	glaux_pairs.json	final_keraia_or_prime	ονʹ	ονʹ
EL	glaux_pairs.json	final_keraia_or_prime	οψʹ	οψʹ
EL	glaux_pairs.json	final_keraia_or_prime	οϚϚ	οϚϚʹ
EL	glaux_pairs.json	final_keraia_or_prime	πεδ	πεδʹ
EL	glaux_pairs.json	final_keraia_or_prime	πεντακαίδεκα	πεντακαίδεκαʹ
EL	glaux_pairs.json	final_keraia_or_prime	πεντεκαιπεντήκοντα	πεντεκαιπεντήκονταʹ
EL	glaux_pairs.json	final_keraia_or_prime	πεντεκαιτριήκοντα	πεντεκαιτριήκονταʹ
EL	glaux_pairs.json	final_keraia_or_prime	πεντηκονταοκτώ	πεντηκονταοκτώʹ
EL	glaux_pairs.json	final_keraia_or_prime	πχυψ	πχυψʹ
EL	glaux_pairs.json	final_keraia_or_prime	πωʹ	πωʹ
EL	glaux_pairs.json	final_keraia_or_prime	ριβϟ	ριβϟʹ
EL	glaux_pairs.json	final_keraia_or_prime	ρισʹ	ριςʹ
EL	glaux_pairs.json	final_keraia_or_prime	ρξηϚδʹ	ρξηϚδʹ
EL	glaux_pairs.json	final_keraia_or_prime	ροσʹ	ροςʹ
EL	glaux_pairs.json	final_keraia_or_prime	ροῦς	ροῦςʹ
EL	glaux_pairs.json	final_keraia_or_prime	ρϚε	ρϚεʹ
EL	glaux_pairs.json	final_keraia_or_prime	ρϚη	ρϚηʹ
EL	glaux_pairs.json	final_keraia_or_prime	σιστʹ	σιστʹ
EL	glaux_pairs.json	final_keraia_or_prime	σληϚʹ	σληϚʹ
EL	glaux_pairs.json	final_keraia_or_prime	σμϚηʹ	σμϚηʹ
EL	glaux_pairs.json	final_keraia_or_prime	στιγμαʹ	στιγμαʹ
EL	glaux_pairs.json	final_keraia_or_prime	στκη	στκηʹ
EL	glaux_pairs.json	final_keraia_or_prime	σψηʹ	σψηʹ
EL	glaux_pairs.json	final_keraia_or_prime	σϚε	σϚεʹ
EL	glaux_pairs.json	final_keraia_or_prime	σϠϞαʹ	σϠϞαʹ
EL	glaux_pairs.json	final_keraia_or_prime	τέσσαράκονθ’	τέσσαρακονθʹ
EL	glaux_pairs.json	final_keraia_or_prime	τέσσαρος	τέσσαροςʹ
EL	glaux_pairs.json	final_keraia_or_prime	τέσσαρσυ	τέσσαρσυʹ
EL	glaux_pairs.json	final_keraia_or_prime	τὴμ	τήμʹ
EL	glaux_pairs.json	final_keraia_or_prime	ταραχῶδ	ταραχῶδʹ
EL	glaux_pairs.json	final_keraia_or_prime	τεοʹ	τεοʹ
EL	glaux_pairs.json	final_keraia_or_prime	τεσαράκοντα	τεσαράκονταʹ
EL	glaux_pairs.json	final_keraia_or_prime	τεσσαράκ	τεσσαράκʹ
EL	glaux_pairs.json	final_keraia_or_prime	τεσσαρακονταοκτώ	τεσσαρακονταοκτώʹ
EL	glaux_pairs.json	final_keraia_or_prime	τεσσαρακοντούτεες	τεσσαρακοντούτεεςʹ
EL	glaux_pairs.json	final_keraia_or_prime	τεσσαρασκαίδεκα	τεσσαρασκαίδεκαʹ
EL	glaux_pairs.json	final_keraia_or_prime	τεσσαρεσκαίδσκα	τεσσαρεσκαίδσκαʹ
EL	glaux_pairs.json	final_keraia_or_prime	τεσσαρεσκαιδεκά	τεσσαρεσκαιδεκάʹ
EL	glaux_pairs.json	final_keraia_or_prime	τεσσράκοντα	τεσσράκονταʹ
EL	glaux_pairs.json	final_keraia_or_prime	τετρακαίδεκα	τετρακαίδεκαʹ
EL	glaux_pairs.json	final_keraia_or_prime	τιιτ	τιιτʹ
EL	glaux_pairs.json	final_keraia_or_prime	τξον	τξονʹ
EL	glaux_pairs.json	final_keraia_or_prime	τργώνοις	τργώνοιςʹ
EL	glaux_pairs.json	final_keraia_or_prime	τριακονταὲξ	τριακονταέξʹ
EL	glaux_pairs.json	final_keraia_or_prime	τριακονταοκτώ	τριακονταοκτώʹ
EL	glaux_pairs.json	final_keraia_or_prime	τριακονταοκτὼ	τριακονταοκτώʹ
EL	glaux_pairs.json	final_keraia_or_prime	τριηκοσταίοις	τριηκοσταίοιςʹ
EL	glaux_pairs.json	final_keraia_or_prime	τρισχι	τρισχιʹ
EL	glaux_pairs.json	final_keraia_or_prime	τριτ	τριτʹ
EL	glaux_pairs.json	final_keraia_or_prime	τσηʹ	τσηʹ
EL	glaux_pairs.json	final_keraia_or_prime	τῇσ͵ʹ	τῇσ͵ʹ
EL	glaux_pairs.json	final_keraia_or_prime	υκκυ	υκκυʹ
EL	glaux_pairs.json	final_keraia_or_prime	υρφ	υρφʹ
EL	glaux_pairs.json	final_keraia_or_prime	υωβ	υωβʹ
EL	glaux_pairs.json	final_keraia_or_prime	υϚθ	υϚθʹ
EL	glaux_pairs.json	final_keraia_or_prime	υϚς	υϚςʹ
EL	glaux_pairs.json	final_keraia_or_prime	υϟς	υϟςʹ
EL	glaux_pairs.json	final_keraia_or_prime	φχψω	φχψωʹ
EL	glaux_pairs.json	final_keraia_or_prime	φϚα	φϚαʹ
EL	glaux_pairs.json	final_keraia_or_prime	ψυπφς	ψυπφςʹ
EL	glaux_pairs.json	final_keraia_or_prime	ωϚα	ωϚαʹ
EL	glaux_pairs.json	final_keraia_or_prime	ωϚᾱ	ωϚαʹ
EL	glaux_pairs.json	final_keraia_or_prime	ϋ	ϋʹ
EL	glaux_pairs.json	final_keraia_or_prime	ϋκ	ϋκʹ
EL	glaux_pairs.json	final_keraia_or_prime	Ϛʹηʹ	Ϛʹηʹ
EL	glaux_pairs.json	final_keraia_or_prime	Ϛʹιδʹ	Ϛʹιδʹ
EL	glaux_pairs.json	final_keraia_or_prime	Ϛʹιϛʹ	Ϛʹιϛʹ
EL	glaux_pairs.json	final_keraia_or_prime	Ϛʹκύκλου	Ϛʹκύκλουʹ
EL	glaux_pairs.json	final_keraia_or_prime	ϚΗ	ϚΗʹ
EL	glaux_pairs.json	final_keraia_or_prime	Ϛα	Ϛαʹ
EL	glaux_pairs.json	final_keraia_or_prime	Ϛᾱ	Ϛαʹ
EL	glaux_pairs.json	final_keraia_or_prime	Ϛαρε	Ϛαρεʹ
EL	glaux_pairs.json	final_keraia_or_prime	ϚϚέί	ϚϚέιʹ
EL	glaux_pairs.json	final_keraia_or_prime	ϚϚεʹιʹ	ϚϚεʹιʹ
EL	glaux_pairs.json	final_keraia_or_prime	Ϛη	ϛηʹ
EL	glaux_pairs.json	final_keraia_or_prime	ϛηʹ	ϛηʹ
EL	glaux_pairs.json	final_keraia_or_prime	ϛυ	ϛυʹ
EL	glaux_pairs.json	final_keraia_or_prime	ϛωνθ	ϛωνθʹ
EL	glaux_pairs.json	final_keraia_or_prime	ϠϚΑ	ϠϚΑʹ
EL	glaux_pairs.json	final_keraia_or_prime	ἁλικακκ	ἁλικακκʹ
EL	glaux_pairs.json	final_keraia_or_prime	εἰʹ	ἐʹ
EL	glaux_pairs.json	final_keraia_or_prime	ἐὰβ	ἐάβʹ
EL	glaux_pairs.json	final_keraia_or_prime	ἐνενηκονταοκτώ	ἐνενηκονταοκτώʹ
EL	glaux_pairs.json	final_keraia_or_prime	ἐξηκονταὲξ	ἐξηκονταέξʹ
EL	glaux_pairs.json	final_keraia_or_prime	ἐπʹ	ἐπʹ
EL	glaux_pairs.json	final_keraia_or_prime	ἑβδο	ἑβδοʹ
EL	glaux_pairs.json	final_keraia_or_prime	ἑβδομήκονταδύο	ἑβδομήκονταδυοʹ
EL	glaux_pairs.json	final_keraia_or_prime	ἑβδομηκοντατρεῖς	ἑβδομηκοντατρεῖςʹ
EL	glaux_pairs.json	final_keraia_or_prime	ἑκκαιδέκα	ἑκκαιδέκαʹ
EL	glaux_pairs.json	final_keraia_or_prime	ἑνοσκαίδεκα	ἑνοσκαίδεκαʹ
EL	glaux_pairs.json	final_keraia_or_prime	ἑξηκονταὲξ	ἑξηκονταέξʹ
EL	glaux_pairs.json	final_keraia_or_prime	ἑξηκονταοκτὼ	ἑξηκονταοκτώʹ
EL	glaux_pairs.json	final_keraia_or_prime	ἑπτακαιδεκαέτη	ἑπτακαιδεκαέτηʹ
EL	glaux_pairs.json	final_keraia_or_prime	ὀγδοηκονταοκτώ	ὀγδοηκονταοκτώʹ
EL	glaux_pairs.json	final_keraia_or_prime	ὀγδοηκονταοκτὼ	ὀγδοηκονταοκτώʹ
EL	glaux_pairs.json	final_keraia_or_prime	ὀκτωʹ	ὀκτωʹ
EL	glaux_pairs.json	final_keraia_or_prime	ὁδῖν	ὁδῖνʹ
EL	glaux_pairs.json	final_keraia_or_prime	ὁλκὴνδύο	ὁλκήνδυοʹ
EL	glaux_pairs.json	final_keraia_or_prime	ὁλκῆσ͵	ὁλκῆσ͵ʹ
EL	glaux_pairs.json	final_keraia_or_prime	ὑιοσο	ὑιοσοʹ
EL	glaux_pairs.json	final_keraia_or_prime	ὑπʹ	ὑπʹ
EL	glaux_pairs.json	final_keraia_or_prime	ὑποκενώσανταʹ	ὑποκενώσανταʹ
EL	glaux_pairs.json	final_keraia_or_prime	ὧβ	ὧβʹ
EL	glaux_pairs.json	final_keraia_or_prime	ᾱρν	ᾱρνʹ
EL	glaux_pairs.json	final_keraia_or_prime	ᾱρνβ	ᾱρνβʹ
EL	glaux_pairs.json	final_keraia_or_prime	ᾱτϚᾱ	ᾱτϚαʹ
EL	glaux_pairs.json	final_keraia_or_prime	ᾱψᾱ	ᾱψαʹ
EL	glaux_pairs.json	final_keraia_or_prime	ᾱω	ᾱωʹ
EL	glaux_pairs.json	final_keraia_or_prime	ῃωʹ	ῃωʹ
EL	glaux_pairs.json	final_keraia_or_prime	ῡκᾱ	ῡκαʹ
EL	glaux_pairs.json	final_keraia_or_prime	ῡνϛ	ῡνϛʹ
EL	glaux_pairs.json	final_keraia_or_prime	ῡξη	ῡξηʹ
EL	glaux_pairs.json	final_keraia_or_prime	𐅻αʹ	𐅻αʹ
EL	glaux_pairs.json	final_keraia_or_prime	𐅻ιβʹ	𐅻ιβʹ
EL	glaux_pairs.json	final_keraia_or_prime	𐅻κεʹ	𐅻κεʹ
EL	glaux_pairs.json	final_keraia_or_prime	𐅻μηʹ	𐅻μηʹ
EL	glaux_pairs.json	leading_combining	ἔπλευν	́πολω
EL	glaux_pairs.json	leading_combining	ἔρδης	́ρδω
EL	glaux_pairs.json	leading_combining	ἔρρευν	́ρορω
AG	glaux_pairs.json	nonlexical_consonant-cluster	ϡμʹ	?μʹ
AG	glaux_pairs.json	nonlexical_consonant-cluster	ϡμγʹ	?μγʹ
AG	glaux_pairs.json	nonlexical_consonant-cluster	ϡνʹ	?νʹ
AG	glaux_pairs.json	nonlexical_consonant-cluster	͵βρϚζ	͵βρϚζʹ
AG	glaux_pairs.json	nonlexical_consonant-cluster	͵βσʹ	͵βςʹ
AG	glaux_pairs.json	nonlexical_consonant-cluster	͵γπϟʹ	͵γπ̣?ʹ
AG	glaux_pairs.json	nonlexical_consonant-cluster	͵δς	͵δςʹ
AG	glaux_pairs.json	nonlexical_consonant-cluster	͵ζϡλβʹ	͵ζ?λβʹ
AG	glaux_pairs.json	nonlexical_consonant-cluster	͵ζσϟʹ	͵ζς̣?ʹ
AG	glaux_pairs.json	nonlexical_consonant-cluster	͵θς	͵θςʹ
AG	glaux_pairs.json	nonlexical_consonant-cluster	ΒΚϠ	ΒΚϠʹ
AG	glaux_pairs.json	nonlexical_consonant-cluster	ΓΡϛ	ΓΡϛʹ
AG	glaux_pairs.json	nonlexical_consonant-cluster	Μʹ𝈳ʹ	Μʹ𝈳ʹ
AG	glaux_pairs.json	nonlexical_consonant-cluster	Μ͵ϛ	Μ͵ϛʹ
AG	glaux_pairs.json	nonlexical_consonant-cluster	Μθφζ	Μθφζʹ
AG	glaux_pairs.json	nonlexical_consonant-cluster	Μθφς	Μθφςʹ
AG	glaux_pairs.json	nonlexical_consonant-cluster	Βʹϛ	βʹϛʹ
AG	glaux_pairs.json	nonlexical_consonant-cluster	βʹϛ	βʹϛʹ
AG	glaux_pairs.json	nonlexical_consonant-cluster	ββ	ββʹ
AG	glaux_pairs.json	nonlexical_consonant-cluster	ββʹ	ββʹ
AG	glaux_pairs.json	nonlexical_consonant-cluster	βγ	βγʹ
AG	glaux_pairs.json	nonlexical_consonant-cluster	βγʹ	βγʹ
AG	glaux_pairs.json	nonlexical_consonant-cluster	βγδ	βγδʹ
AG	glaux_pairs.json	nonlexical_consonant-cluster	βδ	βδʹ
AG	glaux_pairs.json	nonlexical_consonant-cluster	βδʹ	βδʹ
AG	glaux_pairs.json	nonlexical_consonant-cluster	βζʹ	βζʹ
AG	glaux_pairs.json	nonlexical_consonant-cluster	βθʹ	βθʹ
AG	glaux_pairs.json	nonlexical_consonant-cluster	βθκλ	βθκλʹ
AG	glaux_pairs.json	nonlexical_consonant-cluster	βμνξ	βμνξʹ
AG	glaux_pairs.json	nonlexical_consonant-cluster	βμψλϛʹ	βμψλϛʹ
AG	glaux_pairs.json	nonlexical_consonant-cluster	βνγ	βνγʹ
AG	glaux_pairs.json	nonlexical_consonant-cluster	βρνϛ	βρνϛʹ
AG	glaux_pairs.json	nonlexical_consonant-cluster	βρπζ	βρπζʹ
AG	glaux_pairs.json	nonlexical_consonant-cluster	βρϚζ	βρϚζʹ
AG	glaux_pairs.json	nonlexical_consonant-cluster	βσθ	βσθʹ
AG	glaux_pairs.json	nonlexical_consonant-cluster	βσμβʹ	βσμβʹ
AG	glaux_pairs.json	nonlexical_consonant-cluster	βσνʹ	βσνʹ
AG	glaux_pairs.json	nonlexical_consonant-cluster	βτʹ	βτʹ
AG	glaux_pairs.json	nonlexical_consonant-cluster	βτλδ	βτλδʹ
AG	glaux_pairs.json	nonlexical_consonant-cluster	βτλθ	βτλθʹ
AG	glaux_pairs.json	nonlexical_consonant-cluster	βφ	βφʹ
AG	glaux_pairs.json	nonlexical_consonant-cluster	βφʹ	βφʹ
AG	glaux_pairs.json	nonlexical_consonant-cluster	βφπβ	βφπβʹ
AG	glaux_pairs.json	nonlexical_consonant-cluster	βχμβʹ	βχμβʹ
AG	glaux_pairs.json	nonlexical_consonant-cluster	βψζ	βψζʹ
AG	glaux_pairs.json	nonlexical_consonant-cluster	βψμδ	βψμδʹ
AG	glaux_pairs.json	nonlexical_consonant-cluster	βϛʹ	βϛʹ
AG	glaux_pairs.json	nonlexical_consonant-cluster	βϠκβ	βϠκβʹ
AG	glaux_pairs.json	nonlexical_consonant-cluster	βϠκγ	βϠκγʹ
AG	glaux_pairs.json	nonlexical_consonant-cluster	γʹγʹʹ	γʹγʹʹ
AG	glaux_pairs.json	nonlexical_consonant-cluster	γʹϛ	γʹϛʹ
AG	glaux_pairs.json	nonlexical_consonant-cluster	γγ	γγʹ
AG	glaux_pairs.json	nonlexical_consonant-cluster	γγʹ	γγʹ
AG	glaux_pairs.json	nonlexical_consonant-cluster	γδ	γδʹ
AG	glaux_pairs.json	nonlexical_consonant-cluster	γδʹ	γδʹ
AG	glaux_pairs.json	nonlexical_consonant-cluster	γζ	γζʹ
AG	glaux_pairs.json	nonlexical_consonant-cluster	γζʹ	γζʹ
AG	glaux_pairs.json	nonlexical_consonant-cluster	γθʹ	γθʹ
AG	glaux_pairs.json	nonlexical_consonant-cluster	γς	γςʹ
AG	glaux_pairs.json	nonlexical_consonant-cluster	γσʹ	γςʹ
AG	glaux_pairs.json	nonlexical_consonant-cluster	γσμ	γσμʹ
AG	glaux_pairs.json	nonlexical_consonant-cluster	γσξδ	γσξδʹ
AG	glaux_pairs.json	nonlexical_consonant-cluster	γτξ	γτξʹ
AG	glaux_pairs.json	nonlexical_consonant-cluster	γτξʹ	γτξʹ
AG	glaux_pairs.json	nonlexical_consonant-cluster	γϚ	γϚʹ
AG	glaux_pairs.json	nonlexical_consonant-cluster	γϛʹ	γϛʹ
AG	glaux_pairs.json	nonlexical_consonant-cluster	γϠξʹ	γϠξʹ
AG	glaux_pairs.json	nonlexical_consonant-cluster	γ𐅵ʹʹ	γ𐅵ʹʹ
AG	glaux_pairs.json	nonlexical_consonant-cluster	δʹϛ	δʹϛʹ
AG	glaux_pairs.json	nonlexical_consonant-cluster	δγ	δγʹ
AG	glaux_pairs.json	nonlexical_consonant-cluster	δγʹ	δγʹ
AG	glaux_pairs.json	nonlexical_consonant-cluster	δδʹ	δδʹ
AG	glaux_pairs.json	nonlexical_consonant-cluster	δζ	δζʹ
AG	glaux_pairs.json	nonlexical_consonant-cluster	δζʹ	δζʹ
AG	glaux_pairs.json	nonlexical_consonant-cluster	δθʹ	δθʹ
AG	glaux_pairs.json	nonlexical_consonant-cluster	δρξζ	δρξζʹ
AG	glaux_pairs.json	nonlexical_consonant-cluster	δτκ	δτκʹ
AG	glaux_pairs.json	nonlexical_consonant-cluster	δτνϛ	δτνϛʹ
AG	glaux_pairs.json	nonlexical_consonant-cluster	δφʹ	δφʹ
AG	glaux_pairs.json	nonlexical_consonant-cluster	δψνβ	δψνβʹ
AG	glaux_pairs.json	nonlexical_consonant-cluster	δϛʹ	δϛʹ
AG	glaux_pairs.json	nonlexical_consonant-cluster	δϟϚʹ	δϟϚʹ
AG	glaux_pairs.json	nonlexical_consonant-cluster	δϠνδʹ	δϠνδʹ
AG	glaux_pairs.json	nonlexical_consonant-cluster	δ𐅵ʹ	δ𐅵ʹ
AG	glaux_pairs.json	nonlexical_consonant-cluster	ζʹʹζʹʹ	ζʹʹζʹʹ
AG	glaux_pairs.json	nonlexical_consonant-cluster	ζζʹ	ζζʹ
AG	glaux_pairs.json	nonlexical_consonant-cluster	ζθʹ	ζθʹ
AG	glaux_pairs.json	nonlexical_consonant-cluster	ζμ	ζμʹ
AG	glaux_pairs.json	nonlexical_consonant-cluster	ζμʹ	ζμʹ
AG	glaux_pairs.json	nonlexical_consonant-cluster	ζνϛ	ζνϛʹ
AG	glaux_pairs.json	nonlexical_consonant-cluster	ζπζ	ζπζʹ
AG	glaux_pairs.json	nonlexical_consonant-cluster	ζτξʹ	ζτξʹ
AG	glaux_pairs.json	nonlexical_consonant-cluster	ζτϚβ	ζτϚβʹ
AG	glaux_pairs.json	nonlexical_consonant-cluster	ζχνʹ	ζχνʹ
AG	glaux_pairs.json	nonlexical_consonant-cluster	ζχπ	ζχπʹ
AG	glaux_pairs.json	nonlexical_consonant-cluster	ζχπʹ	ζχπʹ
AG	glaux_pairs.json	nonlexical_consonant-cluster	ζψνθ	ζψνθʹ
AG	glaux_pairs.json	nonlexical_consonant-cluster	ζϚ	ζϚʹ
AG	glaux_pairs.json	nonlexical_consonant-cluster	ζϚʹ	ζϚʹ
AG	glaux_pairs.json	nonlexical_consonant-cluster	ζϚδʹ	ζϚδʹ
AG	glaux_pairs.json	nonlexical_consonant-cluster	ζϟ	ζϟʹ
AG	glaux_pairs.json	nonlexical_consonant-cluster	ζϡκ	ζϡκʹ
AG	glaux_pairs.json	nonlexical_consonant-cluster	θζκ	θζκʹ
AG	glaux_pairs.json	nonlexical_consonant-cluster	θζν	θζνʹ
AG	glaux_pairs.json	nonlexical_consonant-cluster	θθʹ	θθʹ
AG	glaux_pairs.json	nonlexical_consonant-cluster	θμτ	θμτʹ
AG	glaux_pairs.json	nonlexical_consonant-cluster	θνλ	θνλʹ
AG	glaux_pairs.json	nonlexical_consonant-cluster	θρμϛ	θρμϛʹ
AG	glaux_pairs.json	nonlexical_consonant-cluster	θρπδ	θρπδʹ
AG	glaux_pairs.json	nonlexical_consonant-cluster	θσʹ	θςʹ
AG	glaux_pairs.json	nonlexical_consonant-cluster	θτ	θτʹ
AG	glaux_pairs.json	nonlexical_consonant-cluster	θχʹ	θχʹ
AG	glaux_pairs.json	nonlexical_consonant-cluster	θχπʹ	θχπʹ
AG	glaux_pairs.json	nonlexical_consonant-cluster	θχπδʹ	θχπδʹ
AG	glaux_pairs.json	nonlexical_consonant-cluster	θψνς	θψνςʹ
AG	glaux_pairs.json	nonlexical_consonant-cluster	θϚγʹ	θϚγʹ
AG	glaux_pairs.json	nonlexical_consonant-cluster	θϚδʹ	θϚδʹ
AG	glaux_pairs.json	nonlexical_consonant-cluster	θϠνς	θϠνςʹ
AG	glaux_pairs.json	nonlexical_consonant-cluster	θϠνϛ	θϠνϛʹ
AG	glaux_pairs.json	nonlexical_consonant-cluster	θ𐅵ʹʹ	θ𐅵ʹʹ
AG	glaux_pairs.json	nonlexical_consonant-cluster	θ𐅵δʹ	θ𐅵δʹ
AG	glaux_pairs.json	nonlexical_consonant-cluster	κμγʹ	κμγʹ
AG	glaux_pairs.json	nonlexical_consonant-cluster	κστʹ	κστʹ
AG	glaux_pairs.json	nonlexical_consonant-cluster	κϚϚγʹ	κϚϚγʹ
AG	glaux_pairs.json	nonlexical_consonant-cluster	λδ’δ’’	λδ’δ’ʹ
AG	glaux_pairs.json	nonlexical_consonant-cluster	λζϚʹ	λζϚʹ
AG	glaux_pairs.json	nonlexical_consonant-cluster	λκʹ	λκʹ
AG	glaux_pairs.json	nonlexical_consonant-cluster	λπτ	λπτʹ
AG	glaux_pairs.json	nonlexical_consonant-cluster	λς	λςʹ
AG	glaux_pairs.json	nonlexical_consonant-cluster	λσʹ	λςʹ
AG	glaux_pairs.json	nonlexical_consonant-cluster	λστʹ	λστʹ
AG	glaux_pairs.json	nonlexical_consonant-cluster	λτ	λτʹ
AG	glaux_pairs.json	nonlexical_consonant-cluster	λτʹ	λτʹ
AG	glaux_pairs.json	nonlexical_consonant-cluster	λϞγʹ	λϞγʹ
AG	glaux_pairs.json	nonlexical_consonant-cluster	μ͵δσκζʹ	μ͵δσκζʹ
AG	glaux_pairs.json	nonlexical_consonant-cluster	μκβδσλθʹ	μκβδσλθʹ
AG	glaux_pairs.json	nonlexical_consonant-cluster	μμμλϛʹ	μμμλϛʹ
AG	glaux_pairs.json	nonlexical_consonant-cluster	μμξδʹ	μμξδʹ
AG	glaux_pairs.json	nonlexical_consonant-cluster	μρνβ	μρνβʹ
AG	glaux_pairs.json	nonlexical_consonant-cluster	μσʹ	μςʹ
AG	glaux_pairs.json	nonlexical_consonant-cluster	μστʹ	μστʹ
AG	glaux_pairs.json	nonlexical_consonant-cluster	μτθ	μτθʹ
AG	glaux_pairs.json	nonlexical_consonant-cluster	νβϚ	νβϚʹ
AG	glaux_pairs.json	nonlexical_consonant-cluster	νστʹ	νστʹ
AG	glaux_pairs.json	nonlexical_consonant-cluster	νφʹ	νφʹ
AG	glaux_pairs.json	nonlexical_consonant-cluster	ξβξ	ξβξʹ
AG	glaux_pairs.json	nonlexical_consonant-cluster	ξστʹ	ξστʹ
AG	glaux_pairs.json	nonlexical_consonant-cluster	ξχʹ	ξχʹ
AG	glaux_pairs.json	nonlexical_consonant-cluster	πφ	πφʹ
AG	glaux_pairs.json	nonlexical_consonant-cluster	ρκϚϚδʹ	ρκϚϚδʹ
AG	glaux_pairs.json	nonlexical_consonant-cluster	ρμν	ρμνʹ
AG	glaux_pairs.json	nonlexical_consonant-cluster	ρμϚϚ	ρμϚϚʹ
AG	glaux_pairs.json	nonlexical_consonant-cluster	ρς	ρςʹ
AG	glaux_pairs.json	nonlexical_consonant-cluster	ρσʹ	ρςʹ
AG	glaux_pairs.json	nonlexical_consonant-cluster	ρϚβ	ρϚβʹ
AG	glaux_pairs.json	nonlexical_consonant-cluster	ρϚϛ	ρϚϛʹ
AG	glaux_pairs.json	nonlexical_consonant-cluster	σβγ	σβγʹ
AG	glaux_pairs.json	nonlexical_consonant-cluster	σζς	σζςʹ
AG	glaux_pairs.json	nonlexical_consonant-cluster	σθβʹ	σθβʹ
AG	glaux_pairs.json	nonlexical_consonant-cluster	σνς	σνςʹ
AG	glaux_pairs.json	nonlexical_consonant-cluster	σς	σςʹ
AG	glaux_pairs.json	nonlexical_consonant-cluster	σσϟϚ	σσϟϚʹ
AG	glaux_pairs.json	nonlexical_consonant-cluster	στʹ	στʹ
AG	glaux_pairs.json	nonlexical_consonant-cluster	στλς	στλςʹ
AG	glaux_pairs.json	nonlexical_consonant-cluster	σφξʹ	σφξʹ
AG	glaux_pairs.json	nonlexical_consonant-cluster	σχ	σχʹ
AG	glaux_pairs.json	nonlexical_consonant-cluster	σϚβ	σϚβʹ
AG	glaux_pairs.json	nonlexical_consonant-cluster	σϚδ	σϚδʹ
AG	glaux_pairs.json	nonlexical_consonant-cluster	σϚθ	σϚθʹ
AG	glaux_pairs.json	nonlexical_consonant-cluster	σϚϚ	σϚϚʹ
AG	glaux_pairs.json	nonlexical_consonant-cluster	σϠμ	σϠμʹ
AG	glaux_pairs.json	nonlexical_consonant-cluster	τς	τςʹ
AG	glaux_pairs.json	nonlexical_consonant-cluster	ττ	ττʹ
AG	glaux_pairs.json	nonlexical_consonant-cluster	τϚβ	τϚβʹ
AG	glaux_pairs.json	nonlexical_consonant-cluster	φλλφ	φλλφʹ
AG	glaux_pairs.json	nonlexical_consonant-cluster	φρμζν	φρμζνʹ
AG	glaux_pairs.json	nonlexical_consonant-cluster	φσʹ	φςʹ
AG	glaux_pairs.json	nonlexical_consonant-cluster	φϚγ	φϚγʹ
AG	glaux_pairs.json	nonlexical_consonant-cluster	χλζϚ	χλζϚʹ
AG	glaux_pairs.json	nonlexical_consonant-cluster	χμμχ	χμμχʹ
AG	glaux_pairs.json	nonlexical_consonant-cluster	χνσʹ	χνςʹ
AG	glaux_pairs.json	nonlexical_consonant-cluster	χτχρ	χτχρʹ
AG	glaux_pairs.json	nonlexical_consonant-cluster	χψς	χψςʹ
AG	glaux_pairs.json	nonlexical_consonant-cluster	χϚδ	χϚδʹ
AG	glaux_pairs.json	nonlexical_consonant-cluster	ψχϚ	ψχϚʹ
AG	glaux_pairs.json	nonlexical_consonant-cluster	ψϚδ	ψϚδʹ
AG	glaux_pairs.json	nonlexical_consonant-cluster	Ϛʹγʹ	Ϛʹγʹ
AG	glaux_pairs.json	nonlexical_consonant-cluster	Ϛʹδʹ	Ϛʹδʹ
AG	glaux_pairs.json	nonlexical_consonant-cluster	Ϛʹζʹ	Ϛʹζʹ
AG	glaux_pairs.json	nonlexical_consonant-cluster	Ϛʹθʹ	Ϛʹθʹ
AG	glaux_pairs.json	nonlexical_consonant-cluster	Ϛʹκβʹ	Ϛʹκβʹ
AG	glaux_pairs.json	nonlexical_consonant-cluster	Ϛʹμβʹ	Ϛʹμβʹ
AG	glaux_pairs.json	nonlexical_consonant-cluster	Ϛγ	Ϛγʹ
AG	glaux_pairs.json	nonlexical_consonant-cluster	Ϛδ	Ϛδʹ
AG	glaux_pairs.json	nonlexical_consonant-cluster	Ϛϛ	Ϛϛʹ
AG	glaux_pairs.json	nonlexical_consonant-cluster	ϛΒ͵	ϛΒ͵ʹ
AG	glaux_pairs.json	nonlexical_consonant-cluster	ϛζʹ	ϛζʹ
AG	glaux_pairs.json	nonlexical_consonant-cluster	Ϛθ	ϛθʹ
AG	glaux_pairs.json	nonlexical_consonant-cluster	ϛθʹ	ϛθʹ
AG	glaux_pairs.json	nonlexical_consonant-cluster	ϛχ	ϛχʹ
AG	glaux_pairs.json	nonlexical_consonant-cluster	ϛψκ	ϛψκʹ
AG	glaux_pairs.json	nonlexical_consonant-cluster	ϛψν	ϛψνʹ
AG	glaux_pairs.json	nonlexical_consonant-cluster	ϚϚ	ϛϚʹ
AG	glaux_pairs.json	nonlexical_consonant-cluster	ϛϚʹ	ϛϚʹ
AG	glaux_pairs.json	nonlexical_consonant-cluster	𐅻βʹ	𐅻βʹ
AG	glaux_pairs.json	nonlexical_consonant-cluster	𐅻ζʹ	𐅻ζʹ
AG	glaux_pairs.json	nonlexical_consonant-cluster	𐅻λʹ	𐅻λʹ
AG	glaux_pairs.json	nonlexical_consonant-cluster	𐅻λστʹ	𐅻λστʹ
AG	glaux_pairs.json	nonlexical_consonant-cluster	𐅻μʹ	𐅻μʹ
AG	glaux_pairs.json	nonlexical_consonant-cluster	𐅻νʹ	𐅻νʹ
AG	glaux_pairs.json	nonlexical_consonant-cluster	𐅻ρʹ	𐅻ρʹ
AG	glaux_pairs.json	nonlexical_consonant-cluster	𐅻τʹ	𐅻τʹ
EL	glaux_pairs.json	nonlexical_consonant-cluster	ϡμʹ	?μʹ
EL	glaux_pairs.json	nonlexical_consonant-cluster	ϡμγʹ	?μγʹ
EL	glaux_pairs.json	nonlexical_consonant-cluster	ϡνʹ	?νʹ
EL	glaux_pairs.json	nonlexical_consonant-cluster	͵βρϚζ	͵βρϚζʹ
EL	glaux_pairs.json	nonlexical_consonant-cluster	͵βσʹ	͵βςʹ
EL	glaux_pairs.json	nonlexical_consonant-cluster	͵γπϟʹ	͵γπ̣?ʹ
EL	glaux_pairs.json	nonlexical_consonant-cluster	͵δς	͵δςʹ
EL	glaux_pairs.json	nonlexical_consonant-cluster	͵ζϡλβʹ	͵ζ?λβʹ
EL	glaux_pairs.json	nonlexical_consonant-cluster	͵ζσϟʹ	͵ζς̣?ʹ
EL	glaux_pairs.json	nonlexical_consonant-cluster	͵θς	͵θςʹ
EL	glaux_pairs.json	nonlexical_consonant-cluster	ΒΚϠ	ΒΚϠʹ
EL	glaux_pairs.json	nonlexical_consonant-cluster	ΓΡϛ	ΓΡϛʹ
EL	glaux_pairs.json	nonlexical_consonant-cluster	Μʹ𝈳ʹ	Μʹ𝈳ʹ
EL	glaux_pairs.json	nonlexical_consonant-cluster	Μ͵ϛ	Μ͵ϛʹ
EL	glaux_pairs.json	nonlexical_consonant-cluster	Μθφζ	Μθφζʹ
EL	glaux_pairs.json	nonlexical_consonant-cluster	Μθφς	Μθφςʹ
EL	glaux_pairs.json	nonlexical_consonant-cluster	Βʹϛ	βʹϛʹ
EL	glaux_pairs.json	nonlexical_consonant-cluster	βʹϛ	βʹϛʹ
EL	glaux_pairs.json	nonlexical_consonant-cluster	ββ	ββʹ
EL	glaux_pairs.json	nonlexical_consonant-cluster	ββʹ	ββʹ
EL	glaux_pairs.json	nonlexical_consonant-cluster	βγ	βγʹ
EL	glaux_pairs.json	nonlexical_consonant-cluster	βγʹ	βγʹ
EL	glaux_pairs.json	nonlexical_consonant-cluster	βγδ	βγδʹ
EL	glaux_pairs.json	nonlexical_consonant-cluster	βδʹ	βδʹ
EL	glaux_pairs.json	nonlexical_consonant-cluster	βζʹ	βζʹ
EL	glaux_pairs.json	nonlexical_consonant-cluster	βθʹ	βθʹ
EL	glaux_pairs.json	nonlexical_consonant-cluster	βθκλ	βθκλʹ
EL	glaux_pairs.json	nonlexical_consonant-cluster	βμνξ	βμνξʹ
EL	glaux_pairs.json	nonlexical_consonant-cluster	βμψλϛʹ	βμψλϛʹ
EL	glaux_pairs.json	nonlexical_consonant-cluster	βνγ	βνγʹ
EL	glaux_pairs.json	nonlexical_consonant-cluster	βρνϛ	βρνϛʹ
EL	glaux_pairs.json	nonlexical_consonant-cluster	βρπζ	βρπζʹ
EL	glaux_pairs.json	nonlexical_consonant-cluster	βρϚζ	βρϚζʹ
EL	glaux_pairs.json	nonlexical_consonant-cluster	βσθ	βσθʹ
EL	glaux_pairs.json	nonlexical_consonant-cluster	βσμβʹ	βσμβʹ
EL	glaux_pairs.json	nonlexical_consonant-cluster	βσνʹ	βσνʹ
EL	glaux_pairs.json	nonlexical_consonant-cluster	βτʹ	βτʹ
EL	glaux_pairs.json	nonlexical_consonant-cluster	βτλδ	βτλδʹ
EL	glaux_pairs.json	nonlexical_consonant-cluster	βτλθ	βτλθʹ
EL	glaux_pairs.json	nonlexical_consonant-cluster	βφ	βφʹ
EL	glaux_pairs.json	nonlexical_consonant-cluster	βφʹ	βφʹ
EL	glaux_pairs.json	nonlexical_consonant-cluster	βφπβ	βφπβʹ
EL	glaux_pairs.json	nonlexical_consonant-cluster	βχμβʹ	βχμβʹ
EL	glaux_pairs.json	nonlexical_consonant-cluster	βψζ	βψζʹ
EL	glaux_pairs.json	nonlexical_consonant-cluster	βψμδ	βψμδʹ
EL	glaux_pairs.json	nonlexical_consonant-cluster	βϛʹ	βϛʹ
EL	glaux_pairs.json	nonlexical_consonant-cluster	βϠκβ	βϠκβʹ
EL	glaux_pairs.json	nonlexical_consonant-cluster	βϠκγ	βϠκγʹ
EL	glaux_pairs.json	nonlexical_consonant-cluster	γʹγʹʹ	γʹγʹʹ
EL	glaux_pairs.json	nonlexical_consonant-cluster	γʹϛ	γʹϛʹ
EL	glaux_pairs.json	nonlexical_consonant-cluster	γγʹ	γγʹ
EL	glaux_pairs.json	nonlexical_consonant-cluster	γδʹ	γδʹ
EL	glaux_pairs.json	nonlexical_consonant-cluster	γζ	γζʹ
EL	glaux_pairs.json	nonlexical_consonant-cluster	γζʹ	γζʹ
EL	glaux_pairs.json	nonlexical_consonant-cluster	γθʹ	γθʹ
EL	glaux_pairs.json	nonlexical_consonant-cluster	γσʹ	γςʹ
EL	glaux_pairs.json	nonlexical_consonant-cluster	γσμ	γσμʹ
EL	glaux_pairs.json	nonlexical_consonant-cluster	γσξδ	γσξδʹ
EL	glaux_pairs.json	nonlexical_consonant-cluster	γτξ	γτξʹ
EL	glaux_pairs.json	nonlexical_consonant-cluster	γτξʹ	γτξʹ
EL	glaux_pairs.json	nonlexical_consonant-cluster	γϚ	γϚʹ
EL	glaux_pairs.json	nonlexical_consonant-cluster	γϛʹ	γϛʹ
EL	glaux_pairs.json	nonlexical_consonant-cluster	γϠξʹ	γϠξʹ
EL	glaux_pairs.json	nonlexical_consonant-cluster	γ𐅵ʹʹ	γ𐅵ʹʹ
EL	glaux_pairs.json	nonlexical_consonant-cluster	δʹϛ	δʹϛʹ
EL	glaux_pairs.json	nonlexical_consonant-cluster	δγ	δγʹ
EL	glaux_pairs.json	nonlexical_consonant-cluster	δγʹ	δγʹ
EL	glaux_pairs.json	nonlexical_consonant-cluster	δδʹ	δδʹ
EL	glaux_pairs.json	nonlexical_consonant-cluster	δζ	δζʹ
EL	glaux_pairs.json	nonlexical_consonant-cluster	δζʹ	δζʹ
EL	glaux_pairs.json	nonlexical_consonant-cluster	δθʹ	δθʹ
EL	glaux_pairs.json	nonlexical_consonant-cluster	δρξζ	δρξζʹ
EL	glaux_pairs.json	nonlexical_consonant-cluster	δτνϛ	δτνϛʹ
EL	glaux_pairs.json	nonlexical_consonant-cluster	δφʹ	δφʹ
EL	glaux_pairs.json	nonlexical_consonant-cluster	δψνβ	δψνβʹ
EL	glaux_pairs.json	nonlexical_consonant-cluster	δϛʹ	δϛʹ
EL	glaux_pairs.json	nonlexical_consonant-cluster	δϟϚʹ	δϟϚʹ
EL	glaux_pairs.json	nonlexical_consonant-cluster	δϠνδʹ	δϠνδʹ
EL	glaux_pairs.json	nonlexical_consonant-cluster	δ𐅵ʹ	δ𐅵ʹ
EL	glaux_pairs.json	nonlexical_consonant-cluster	ζʹʹζʹʹ	ζʹʹζʹʹ
EL	glaux_pairs.json	nonlexical_consonant-cluster	ζζʹ	ζζʹ
EL	glaux_pairs.json	nonlexical_consonant-cluster	ζθʹ	ζθʹ
EL	glaux_pairs.json	nonlexical_consonant-cluster	ζμ	ζμʹ
EL	glaux_pairs.json	nonlexical_consonant-cluster	ζμʹ	ζμʹ
EL	glaux_pairs.json	nonlexical_consonant-cluster	ζνϛ	ζνϛʹ
EL	glaux_pairs.json	nonlexical_consonant-cluster	ζπζ	ζπζʹ
EL	glaux_pairs.json	nonlexical_consonant-cluster	ζτξʹ	ζτξʹ
EL	glaux_pairs.json	nonlexical_consonant-cluster	ζτϚβ	ζτϚβʹ
EL	glaux_pairs.json	nonlexical_consonant-cluster	ζχνʹ	ζχνʹ
EL	glaux_pairs.json	nonlexical_consonant-cluster	ζχπ	ζχπʹ
EL	glaux_pairs.json	nonlexical_consonant-cluster	ζχπʹ	ζχπʹ
EL	glaux_pairs.json	nonlexical_consonant-cluster	ζψνθ	ζψνθʹ
EL	glaux_pairs.json	nonlexical_consonant-cluster	ζϚ	ζϚʹ
EL	glaux_pairs.json	nonlexical_consonant-cluster	ζϚʹ	ζϚʹ
EL	glaux_pairs.json	nonlexical_consonant-cluster	ζϚδʹ	ζϚδʹ
EL	glaux_pairs.json	nonlexical_consonant-cluster	ζϟ	ζϟʹ
EL	glaux_pairs.json	nonlexical_consonant-cluster	ζϡκ	ζϡκʹ
EL	glaux_pairs.json	nonlexical_consonant-cluster	θζκ	θζκʹ
EL	glaux_pairs.json	nonlexical_consonant-cluster	θζν	θζνʹ
EL	glaux_pairs.json	nonlexical_consonant-cluster	θθʹ	θθʹ
EL	glaux_pairs.json	nonlexical_consonant-cluster	θμτ	θμτʹ
EL	glaux_pairs.json	nonlexical_consonant-cluster	θνλ	θνλʹ
EL	glaux_pairs.json	nonlexical_consonant-cluster	θρμϛ	θρμϛʹ
EL	glaux_pairs.json	nonlexical_consonant-cluster	θρπδ	θρπδʹ
EL	glaux_pairs.json	nonlexical_consonant-cluster	θσʹ	θςʹ
EL	glaux_pairs.json	nonlexical_consonant-cluster	θτ	θτʹ
EL	glaux_pairs.json	nonlexical_consonant-cluster	θχʹ	θχʹ
EL	glaux_pairs.json	nonlexical_consonant-cluster	θχπʹ	θχπʹ
EL	glaux_pairs.json	nonlexical_consonant-cluster	θχπδʹ	θχπδʹ
EL	glaux_pairs.json	nonlexical_consonant-cluster	θψνς	θψνςʹ
EL	glaux_pairs.json	nonlexical_consonant-cluster	θϚγʹ	θϚγʹ
EL	glaux_pairs.json	nonlexical_consonant-cluster	θϚδʹ	θϚδʹ
EL	glaux_pairs.json	nonlexical_consonant-cluster	θϠνς	θϠνςʹ
EL	glaux_pairs.json	nonlexical_consonant-cluster	θϠνϛ	θϠνϛʹ
EL	glaux_pairs.json	nonlexical_consonant-cluster	θ𐅵ʹʹ	θ𐅵ʹʹ
EL	glaux_pairs.json	nonlexical_consonant-cluster	θ𐅵δʹ	θ𐅵δʹ
EL	glaux_pairs.json	nonlexical_consonant-cluster	κμγʹ	κμγʹ
EL	glaux_pairs.json	nonlexical_consonant-cluster	κστʹ	κστʹ
EL	glaux_pairs.json	nonlexical_consonant-cluster	κϚϚγʹ	κϚϚγʹ
EL	glaux_pairs.json	nonlexical_consonant-cluster	λδ’δ’’	λδ’δ’ʹ
EL	glaux_pairs.json	nonlexical_consonant-cluster	λζϚʹ	λζϚʹ
EL	glaux_pairs.json	nonlexical_consonant-cluster	λκʹ	λκʹ
EL	glaux_pairs.json	nonlexical_consonant-cluster	λπτ	λπτʹ
EL	glaux_pairs.json	nonlexical_consonant-cluster	λσʹ	λςʹ
EL	glaux_pairs.json	nonlexical_consonant-cluster	λστʹ	λστʹ
EL	glaux_pairs.json	nonlexical_consonant-cluster	λτʹ	λτʹ
EL	glaux_pairs.json	nonlexical_consonant-cluster	λϞγʹ	λϞγʹ
EL	glaux_pairs.json	nonlexical_consonant-cluster	μ͵δσκζʹ	μ͵δσκζʹ
EL	glaux_pairs.json	nonlexical_consonant-cluster	μκβδσλθʹ	μκβδσλθʹ
EL	glaux_pairs.json	nonlexical_consonant-cluster	μμμλϛʹ	μμμλϛʹ
EL	glaux_pairs.json	nonlexical_consonant-cluster	μμξδʹ	μμξδʹ
EL	glaux_pairs.json	nonlexical_consonant-cluster	μρνβ	μρνβʹ
EL	glaux_pairs.json	nonlexical_consonant-cluster	μσʹ	μςʹ
EL	glaux_pairs.json	nonlexical_consonant-cluster	μστʹ	μστʹ
EL	glaux_pairs.json	nonlexical_consonant-cluster	μτθ	μτθʹ
EL	glaux_pairs.json	nonlexical_consonant-cluster	νβϚ	νβϚʹ
EL	glaux_pairs.json	nonlexical_consonant-cluster	νστʹ	νστʹ
EL	glaux_pairs.json	nonlexical_consonant-cluster	νφʹ	νφʹ
EL	glaux_pairs.json	nonlexical_consonant-cluster	ξβξ	ξβξʹ
EL	glaux_pairs.json	nonlexical_consonant-cluster	ξστʹ	ξστʹ
EL	glaux_pairs.json	nonlexical_consonant-cluster	ξχʹ	ξχʹ
EL	glaux_pairs.json	nonlexical_consonant-cluster	πφ	πφʹ
EL	glaux_pairs.json	nonlexical_consonant-cluster	ρκϚϚδʹ	ρκϚϚδʹ
EL	glaux_pairs.json	nonlexical_consonant-cluster	ρμν	ρμνʹ
EL	glaux_pairs.json	nonlexical_consonant-cluster	ρμϚϚ	ρμϚϚʹ
EL	glaux_pairs.json	nonlexical_consonant-cluster	ρς	ρςʹ
EL	glaux_pairs.json	nonlexical_consonant-cluster	ρσʹ	ρςʹ
EL	glaux_pairs.json	nonlexical_consonant-cluster	ρϚβ	ρϚβʹ
EL	glaux_pairs.json	nonlexical_consonant-cluster	ρϚϛ	ρϚϛʹ
EL	glaux_pairs.json	nonlexical_consonant-cluster	σβγ	σβγʹ
EL	glaux_pairs.json	nonlexical_consonant-cluster	σζς	σζςʹ
EL	glaux_pairs.json	nonlexical_consonant-cluster	σθβʹ	σθβʹ
EL	glaux_pairs.json	nonlexical_consonant-cluster	σνς	σνςʹ
EL	glaux_pairs.json	nonlexical_consonant-cluster	σσϟϚ	σσϟϚʹ
EL	glaux_pairs.json	nonlexical_consonant-cluster	στʹ	στʹ
EL	glaux_pairs.json	nonlexical_consonant-cluster	στλς	στλςʹ
EL	glaux_pairs.json	nonlexical_consonant-cluster	σφξʹ	σφξʹ
EL	glaux_pairs.json	nonlexical_consonant-cluster	σχ	σχʹ
EL	glaux_pairs.json	nonlexical_consonant-cluster	σϚβ	σϚβʹ
EL	glaux_pairs.json	nonlexical_consonant-cluster	σϚδ	σϚδʹ
EL	glaux_pairs.json	nonlexical_consonant-cluster	σϚθ	σϚθʹ
EL	glaux_pairs.json	nonlexical_consonant-cluster	σϚϚ	σϚϚʹ
EL	glaux_pairs.json	nonlexical_consonant-cluster	σϠμ	σϠμʹ
EL	glaux_pairs.json	nonlexical_consonant-cluster	τς	τςʹ
EL	glaux_pairs.json	nonlexical_consonant-cluster	ττ	ττʹ
EL	glaux_pairs.json	nonlexical_consonant-cluster	τϚβ	τϚβʹ
EL	glaux_pairs.json	nonlexical_consonant-cluster	φλλφ	φλλφʹ
EL	glaux_pairs.json	nonlexical_consonant-cluster	φρμζν	φρμζνʹ
EL	glaux_pairs.json	nonlexical_consonant-cluster	φσʹ	φςʹ
EL	glaux_pairs.json	nonlexical_consonant-cluster	φϚγ	φϚγʹ
EL	glaux_pairs.json	nonlexical_consonant-cluster	χλζϚ	χλζϚʹ
EL	glaux_pairs.json	nonlexical_consonant-cluster	χμμχ	χμμχʹ
EL	glaux_pairs.json	nonlexical_consonant-cluster	χνσʹ	χνςʹ
EL	glaux_pairs.json	nonlexical_consonant-cluster	χτχρ	χτχρʹ
EL	glaux_pairs.json	nonlexical_consonant-cluster	χψς	χψςʹ
EL	glaux_pairs.json	nonlexical_consonant-cluster	χϚδ	χϚδʹ
EL	glaux_pairs.json	nonlexical_consonant-cluster	ψχϚ	ψχϚʹ
EL	glaux_pairs.json	nonlexical_consonant-cluster	ψϚδ	ψϚδʹ
EL	glaux_pairs.json	nonlexical_consonant-cluster	Ϛʹγʹ	Ϛʹγʹ
EL	glaux_pairs.json	nonlexical_consonant-cluster	Ϛʹδʹ	Ϛʹδʹ
EL	glaux_pairs.json	nonlexical_consonant-cluster	Ϛʹζʹ	Ϛʹζʹ
EL	glaux_pairs.json	nonlexical_consonant-cluster	Ϛʹθʹ	Ϛʹθʹ
EL	glaux_pairs.json	nonlexical_consonant-cluster	Ϛʹκβʹ	Ϛʹκβʹ
EL	glaux_pairs.json	nonlexical_consonant-cluster	Ϛʹμβʹ	Ϛʹμβʹ
EL	glaux_pairs.json	nonlexical_consonant-cluster	Ϛγ	Ϛγʹ
EL	glaux_pairs.json	nonlexical_consonant-cluster	Ϛδ	Ϛδʹ
EL	glaux_pairs.json	nonlexical_consonant-cluster	Ϛϛ	Ϛϛʹ
EL	glaux_pairs.json	nonlexical_consonant-cluster	ϛΒ͵	ϛΒ͵ʹ
EL	glaux_pairs.json	nonlexical_consonant-cluster	ϛζʹ	ϛζʹ
EL	glaux_pairs.json	nonlexical_consonant-cluster	Ϛθ	ϛθʹ
EL	glaux_pairs.json	nonlexical_consonant-cluster	ϛθʹ	ϛθʹ
EL	glaux_pairs.json	nonlexical_consonant-cluster	ϛχ	ϛχʹ
EL	glaux_pairs.json	nonlexical_consonant-cluster	ϛψκ	ϛψκʹ
EL	glaux_pairs.json	nonlexical_consonant-cluster	ϛψν	ϛψνʹ
EL	glaux_pairs.json	nonlexical_consonant-cluster	ϚϚ	ϛϚʹ
EL	glaux_pairs.json	nonlexical_consonant-cluster	ϛϚʹ	ϛϚʹ
EL	glaux_pairs.json	nonlexical_consonant-cluster	𐅻βʹ	𐅻βʹ
EL	glaux_pairs.json	nonlexical_consonant-cluster	𐅻ζʹ	𐅻ζʹ
EL	glaux_pairs.json	nonlexical_consonant-cluster	𐅻λʹ	𐅻λʹ
EL	glaux_pairs.json	nonlexical_consonant-cluster	𐅻λστʹ	𐅻λστʹ
EL	glaux_pairs.json	nonlexical_consonant-cluster	𐅻μʹ	𐅻μʹ
EL	glaux_pairs.json	nonlexical_consonant-cluster	𐅻νʹ	𐅻νʹ
EL	glaux_pairs.json	nonlexical_consonant-cluster	𐅻ρʹ	𐅻ρʹ
EL	glaux_pairs.json	nonlexical_consonant-cluster	𐅻τʹ	𐅻τʹ
AG	glaux_pairs.json	nonlexical_numeral	͵α	͵αʹ
AG	glaux_pairs.json	nonlexical_numeral	͵αʹ	͵αʹ
AG	glaux_pairs.json	nonlexical_numeral	͵ᾱ	͵αʹ
AG	glaux_pairs.json	nonlexical_numeral	͵ααʹʹ	͵ααʹʹ
AG	glaux_pairs.json	nonlexical_numeral	͵αιγʹ	͵αιγʹ
AG	glaux_pairs.json	nonlexical_numeral	͵αιη	͵αιηʹ
AG	glaux_pairs.json	nonlexical_numeral	͵ακδ	͵ακδʹ
AG	glaux_pairs.json	nonlexical_numeral	͵αμα	͵αμαʹ
AG	glaux_pairs.json	nonlexical_numeral	͵αρ	͵αρʹ
AG	glaux_pairs.json	nonlexical_numeral	͵αρʹ	͵αρʹ
AG	glaux_pairs.json	nonlexical_numeral	͵ᾱρ	͵αρʹ
AG	glaux_pairs.json	nonlexical_numeral	͵αρηʹ	͵αρηʹ
AG	glaux_pairs.json	nonlexical_numeral	͵αρκε	͵αρκεʹ
AG	glaux_pairs.json	nonlexical_numeral	͵αρλε	͵αρλεʹ
AG	glaux_pairs.json	nonlexical_numeral	͵αρμʹ	͵αρμʹ
AG	glaux_pairs.json	nonlexical_numeral	͵αρνʹ	͵αρνʹ
AG	glaux_pairs.json	nonlexical_numeral	͵αρνβ	͵αρνβʹ
AG	glaux_pairs.json	nonlexical_numeral	͵αρνε	͵αρνεʹ
AG	glaux_pairs.json	nonlexical_numeral	͵αροθʹ	͵αροθʹ
AG	glaux_pairs.json	nonlexical_numeral	͵αρπα	͵αρπαʹ
AG	glaux_pairs.json	nonlexical_numeral	͵ασκδ	͵ασκδʹ
AG	glaux_pairs.json	nonlexical_numeral	͵ασκε	͵ασκεʹ
AG	glaux_pairs.json	nonlexical_numeral	͵ασνʹ	͵ασνʹ
AG	glaux_pairs.json	nonlexical_numeral	͵ασϟϛ	͵ασϟϛʹ
AG	glaux_pairs.json	nonlexical_numeral	͵ατ	͵ατʹ
AG	glaux_pairs.json	nonlexical_numeral	͵ατʹ	͵ατʹ
AG	glaux_pairs.json	nonlexical_numeral	͵ατεʹ	͵ατεʹ
AG	glaux_pairs.json	nonlexical_numeral	͵ατιδ	͵ατιδʹ
AG	glaux_pairs.json	nonlexical_numeral	͵ατλεʹ	͵ατλεʹ
AG	glaux_pairs.json	nonlexical_numeral	͵ατμα	͵ατμαʹ
AG	glaux_pairs.json	nonlexical_numeral	͵ατνʹ	͵ατνʹ
AG	glaux_pairs.json	nonlexical_numeral	͵ατξʹ	͵ατξʹ
AG	glaux_pairs.json	nonlexical_numeral	͵ατπϛ	͵ατπϛʹ
AG	glaux_pairs.json	nonlexical_numeral	͵αυ	͵αυʹ
AG	glaux_pairs.json	nonlexical_numeral	͵αυʹ	͵αυʹ
AG	glaux_pairs.json	nonlexical_numeral	͵αυλε	͵αυλεʹ
AG	glaux_pairs.json	nonlexical_numeral	͵αυμα	͵αυμαʹ
AG	glaux_pairs.json	nonlexical_numeral	͵αυνʹ	͵αυνʹ
AG	glaux_pairs.json	nonlexical_numeral	͵αυξʹ	͵αυξʹ
AG	glaux_pairs.json	nonlexical_numeral	͵αυοϚʹ	͵αυοϚʹ
AG	glaux_pairs.json	nonlexical_numeral	͵αφ	͵αφʹ
AG	glaux_pairs.json	nonlexical_numeral	͵αφʹ	͵αφʹ
AG	glaux_pairs.json	nonlexical_numeral	͵αφιʹ	͵αφιʹ
AG	glaux_pairs.json	nonlexical_numeral	͵αφιβ	͵αφιβʹ
AG	glaux_pairs.json	nonlexical_numeral	͵αφκʹ	͵αφκʹ
AG	glaux_pairs.json	nonlexical_numeral	͵αφλϛ	͵αφλϛʹ
AG	glaux_pairs.json	nonlexical_numeral	͵αφνʹ	͵αφνʹ
AG	glaux_pairs.json	nonlexical_numeral	͵αφξʹ	͵αφξʹ
AG	glaux_pairs.json	nonlexical_numeral	͵αφξζ	͵αφξζʹ
AG	glaux_pairs.json	nonlexical_numeral	͵αφπδ	͵αφπδʹ
AG	glaux_pairs.json	nonlexical_numeral	͵αχʹ	͵αχʹ
AG	glaux_pairs.json	nonlexical_numeral	͵αχξγʹ	͵αχξγʹ
AG	glaux_pairs.json	nonlexical_numeral	͵αψκεʹ	͵αψκεʹ
AG	glaux_pairs.json	nonlexical_numeral	͵αψοϚ	͵αψοϚʹ
AG	glaux_pairs.json	nonlexical_numeral	͵αωʹ	͵αωʹ
AG	glaux_pairs.json	nonlexical_numeral	͵αωλγʹ	͵αωλγʹ
AG	glaux_pairs.json	nonlexical_numeral	͵αωμβʹ	͵αωμβʹ
AG	glaux_pairs.json	nonlexical_numeral	͵αϛʹ	͵αϛʹ
AG	glaux_pairs.json	nonlexical_numeral	͵αϡκαʹ	͵αϡκαʹ
AG	glaux_pairs.json	nonlexical_numeral	͵αϡκε	͵αϡκεʹ
AG	glaux_pairs.json	nonlexical_numeral	͵αϡμδʹ	͵αϡμδʹ
AG	glaux_pairs.json	nonlexical_numeral	͵αϡνʹ	͵αϡνʹ
AG	glaux_pairs.json	nonlexical_numeral	͵β	͵βʹ
AG	glaux_pairs.json	nonlexical_numeral	͵βʹ	͵βʹ
AG	glaux_pairs.json	nonlexical_numeral	͵ββʹʹ	͵ββʹʹ
AG	glaux_pairs.json	nonlexical_numeral	͵βεʹ	͵βεʹ
AG	glaux_pairs.json	nonlexical_numeral	͵βηʹ	͵βηʹ
AG	glaux_pairs.json	nonlexical_numeral	͵βκζʹ	͵βκζʹ
AG	glaux_pairs.json	nonlexical_numeral	͵βμη	͵βμηʹ
AG	glaux_pairs.json	nonlexical_numeral	͵βμηʹ	͵βμηʹ
AG	glaux_pairs.json	nonlexical_numeral	͵βνβ	͵βνβʹ
AG	glaux_pairs.json	nonlexical_numeral	͵βξεʹ	͵βξεʹ
AG	glaux_pairs.json	nonlexical_numeral	͵βριβ	͵βριβʹ
AG	glaux_pairs.json	nonlexical_numeral	͵βρμδ	͵βρμδʹ
AG	glaux_pairs.json	nonlexical_numeral	͵βρξʹ	͵βρξʹ
AG	glaux_pairs.json	nonlexical_numeral	͵βσθ	͵βσθʹ
AG	glaux_pairs.json	nonlexical_numeral	͵βσιζʹ	͵βσιζʹ
AG	glaux_pairs.json	nonlexical_numeral	͵βσξθʹ	͵βσξθʹ
AG	glaux_pairs.json	nonlexical_numeral	͵βσπη	͵βσπηʹ
AG	glaux_pairs.json	nonlexical_numeral	͵βτʹ	͵βτʹ
AG	glaux_pairs.json	nonlexical_numeral	͵βτδʹ	͵βτδʹ
AG	glaux_pairs.json	nonlexical_numeral	͵βτιδ	͵βτιδʹ
AG	glaux_pairs.json	nonlexical_numeral	͵βτοʹ	͵βτοʹ
AG	glaux_pairs.json	nonlexical_numeral	͵βτϞβ	͵βτϞβʹ
AG	glaux_pairs.json	nonlexical_numeral	͵βτϟʹ	͵βτϟʹ
AG	glaux_pairs.json	nonlexical_numeral	͵βυμη	͵βυμηʹ
AG	glaux_pairs.json	nonlexical_numeral	͵βφʹ	͵βφʹ
AG	glaux_pairs.json	nonlexical_numeral	͵βχκγ	͵βχκγʹ
AG	glaux_pairs.json	nonlexical_numeral	͵βχμβ	͵βχμβʹ
AG	glaux_pairs.json	nonlexical_numeral	͵βχν	͵βχνʹ
AG	glaux_pairs.json	nonlexical_numeral	͵βψʹ	͵βψʹ
AG	glaux_pairs.json	nonlexical_numeral	͵βψιαʹ	͵βψιαʹ
AG	glaux_pairs.json	nonlexical_numeral	͵βψμδ	͵βψμδʹ
AG	glaux_pairs.json	nonlexical_numeral	͵βωʹ	͵βωʹ
AG	glaux_pairs.json	nonlexical_numeral	͵βωιϛ	͵βωιϛʹ
AG	glaux_pairs.json	nonlexical_numeral	͵βωπʹ	͵βωπʹ
AG	glaux_pairs.json	nonlexical_numeral	͵βϠιϛ	͵βϠιϛʹ
AG	glaux_pairs.json	nonlexical_numeral	͵γ	͵γʹ
AG	glaux_pairs.json	nonlexical_numeral	͵γʹ	͵γʹ
AG	glaux_pairs.json	nonlexical_numeral	͵γγʹʹ	͵γγʹʹ
AG	glaux_pairs.json	nonlexical_numeral	͵γκʹ	͵γκʹ
AG	glaux_pairs.json	nonlexical_numeral	͵γμʹ	͵γμʹ
AG	glaux_pairs.json	nonlexical_numeral	͵γνδ	͵γνδʹ
AG	glaux_pairs.json	nonlexical_numeral	͵γπγʹ	͵γπγʹ
AG	glaux_pairs.json	nonlexical_numeral	͵γρκδʹ	͵γρκδʹ
AG	glaux_pairs.json	nonlexical_numeral	͵γρμα	͵γρμαʹ
AG	glaux_pairs.json	nonlexical_numeral	͵γσμαʹ	͵γσμαʹ
AG	glaux_pairs.json	nonlexical_numeral	͵γσμη	͵γσμηʹ
AG	glaux_pairs.json	nonlexical_numeral	͵γσξδ	͵γσξδʹ
AG	glaux_pairs.json	nonlexical_numeral	͵γτʹ	͵γτʹ
AG	glaux_pairs.json	nonlexical_numeral	͵γτκϛʹ	͵γτκϛʹ
AG	glaux_pairs.json	nonlexical_numeral	͵γυκʹ	͵γυκʹ
AG	glaux_pairs.json	nonlexical_numeral	͵γφνʹ	͵γφνʹ
AG	glaux_pairs.json	nonlexical_numeral	͵γφξδ	͵γφξδʹ
AG	glaux_pairs.json	nonlexical_numeral	͵γχ	͵γχʹ
AG	glaux_pairs.json	nonlexical_numeral	͵γχʹ	͵γχʹ
AG	glaux_pairs.json	nonlexical_numeral	͵γψʹ	͵γψʹ
AG	glaux_pairs.json	nonlexical_numeral	͵γψμζʹ	͵γψμζʹ
AG	glaux_pairs.json	nonlexical_numeral	͵γψογ	͵γψογʹ
AG	glaux_pairs.json	nonlexical_numeral	͵γωʹ	͵γωʹ
AG	glaux_pairs.json	nonlexical_numeral	͵γϠκ	͵γϠκʹ
AG	glaux_pairs.json	nonlexical_numeral	͵γϠξη	͵γϠξηʹ
AG	glaux_pairs.json	nonlexical_numeral	͵δ	͵δʹ
AG	glaux_pairs.json	nonlexical_numeral	͵δʹ	͵δʹ
AG	glaux_pairs.json	nonlexical_numeral	͵δδʹʹ	͵δδʹʹ
AG	glaux_pairs.json	nonlexical_numeral	͵δλζʹ	͵δλζʹ
AG	glaux_pairs.json	nonlexical_numeral	͵δν	͵δνʹ
AG	glaux_pairs.json	nonlexical_numeral	͵δνʹ	͵δνʹ
AG	glaux_pairs.json	nonlexical_numeral	͵δνδʹ	͵δνδʹ
AG	glaux_pairs.json	nonlexical_numeral	͵δρʹ	͵δρʹ
AG	glaux_pairs.json	nonlexical_numeral	͵δρλʹ	͵δρλʹ
AG	glaux_pairs.json	nonlexical_numeral	͵δρνβʹ	͵δρνβʹ
AG	glaux_pairs.json	nonlexical_numeral	͵δρξζ	͵δρξζʹ
AG	glaux_pairs.json	nonlexical_numeral	͵δρϚ	͵δρϚʹ
AG	glaux_pairs.json	nonlexical_numeral	͵δσν	͵δσνʹ
AG	glaux_pairs.json	nonlexical_numeral	͵δσοʹ	͵δσοʹ
AG	glaux_pairs.json	nonlexical_numeral	͵δτλαʹ	͵δτλαʹ
AG	glaux_pairs.json	nonlexical_numeral	͵δυ	͵δυʹ
AG	glaux_pairs.json	nonlexical_numeral	͵δυλεʹ	͵δυλεʹ
AG	glaux_pairs.json	nonlexical_numeral	͵δυνδʹ	͵δυνδʹ
AG	glaux_pairs.json	nonlexical_numeral	͵δφʹ	͵δφʹ
AG	glaux_pairs.json	nonlexical_numeral	͵δχʹ	͵δχʹ
AG	glaux_pairs.json	nonlexical_numeral	͵δχοʹ	͵δχοʹ
AG	glaux_pairs.json	nonlexical_numeral	͵δψʹ	͵δψʹ
AG	glaux_pairs.json	nonlexical_numeral	͵δψλαʹ	͵δψλαʹ
AG	glaux_pairs.json	nonlexical_numeral	͵δψμʹ	͵δψμʹ
AG	glaux_pairs.json	nonlexical_numeral	͵δψπʹ	͵δψπʹ
AG	glaux_pairs.json	nonlexical_numeral	͵δωξδ	͵δωξδʹ
AG	glaux_pairs.json	nonlexical_numeral	͵δϚ	͵δϚʹ
AG	glaux_pairs.json	nonlexical_numeral	͵δϛʹ	͵δϛʹ
AG	glaux_pairs.json	nonlexical_numeral	͵δϟϛ	͵δϟϛʹ
AG	glaux_pairs.json	nonlexical_numeral	͵δϠιβ	͵δϠιβʹ
AG	glaux_pairs.json	nonlexical_numeral	͵δϡξθʹ	͵δϡξθʹ
AG	glaux_pairs.json	nonlexical_numeral	͵δϡπθʹ	͵δϡπθʹ
AG	glaux_pairs.json	nonlexical_numeral	͵εεʹʹ	͵εεʹʹ
AG	glaux_pairs.json	nonlexical_numeral	͵εκζʹ	͵εκζʹ
AG	glaux_pairs.json	nonlexical_numeral	͵εκϛʹ	͵εκϛʹ
AG	glaux_pairs.json	nonlexical_numeral	͵εμ	͵εμʹ
AG	glaux_pairs.json	nonlexical_numeral	͵εξεʹ	͵εξεʹ
AG	glaux_pairs.json	nonlexical_numeral	͵επαʹ	͵επαʹ
AG	glaux_pairs.json	nonlexical_numeral	͵ερμη	͵ερμηʹ
AG	glaux_pairs.json	nonlexical_numeral	͵ερμθʹ	͵ερμθʹ
AG	glaux_pairs.json	nonlexical_numeral	͵ερξʹ	͵ερξʹ
AG	glaux_pairs.json	nonlexical_numeral	͵ερπδ	͵ερπδʹ
AG	glaux_pairs.json	nonlexical_numeral	͵εσξηʹ	͵εσξηʹ
AG	glaux_pairs.json	nonlexical_numeral	͵ετʹ	͵ετʹ
AG	glaux_pairs.json	nonlexical_numeral	͵ευνϛ	͵ευνϛʹ
AG	glaux_pairs.json	nonlexical_numeral	͵ευξγ	͵ευξγʹ
AG	glaux_pairs.json	nonlexical_numeral	͵εφμδʹ	͵εφμδʹ
AG	glaux_pairs.json	nonlexical_numeral	͵εχκζʹ	͵εχκζʹ
AG	glaux_pairs.json	nonlexical_numeral	͵εχλβ	͵εχλβʹ
AG	glaux_pairs.json	nonlexical_numeral	͵εψοε	͵εψοεʹ
AG	glaux_pairs.json	nonlexical_numeral	͵εψπδʹ	͵εψπδʹ
AG	glaux_pairs.json	nonlexical_numeral	͵εωλβ	͵εωλβʹ
AG	glaux_pairs.json	nonlexical_numeral	͵ζζʹʹ	͵ζζʹʹ
AG	glaux_pairs.json	nonlexical_numeral	͵ζρξεʹ	͵ζρξεʹ
AG	glaux_pairs.json	nonlexical_numeral	͵ζροʹ	͵ζροʹ
AG	glaux_pairs.json	nonlexical_numeral	͵ζχ	͵ζχʹ
AG	glaux_pairs.json	nonlexical_numeral	͵ζχπ	͵ζχπʹ
AG	glaux_pairs.json	nonlexical_numeral	͵ζωκαʹ	͵ζωκαʹ
AG	glaux_pairs.json	nonlexical_numeral	͵ζϠκα	͵ζϠκαʹ
AG	glaux_pairs.json	nonlexical_numeral	͵η	͵ηʹ
AG	glaux_pairs.json	nonlexical_numeral	͵ηηʹʹ	͵ηηʹʹ
AG	glaux_pairs.json	nonlexical_numeral	͵ην	͵ηνʹ
AG	glaux_pairs.json	nonlexical_numeral	͵ηνϛʹ	͵ηνϛʹ
AG	glaux_pairs.json	nonlexical_numeral	͵ηρκη	͵ηρκηʹ
AG	glaux_pairs.json	nonlexical_numeral	͵ησνθʹ	͵ησνθʹ
AG	glaux_pairs.json	nonlexical_numeral	͵ησξʹ	͵ησξʹ
AG	glaux_pairs.json	nonlexical_numeral	͵ηυ	͵ηυʹ
AG	glaux_pairs.json	nonlexical_numeral	͵ηυοʹ	͵ηυοʹ
AG	glaux_pairs.json	nonlexical_numeral	͵ηφμεʹ	͵ηφμεʹ
AG	glaux_pairs.json	nonlexical_numeral	͵ηφξηʹ	͵ηφξηʹ
AG	glaux_pairs.json	nonlexical_numeral	͵ηφπαʹ	͵ηφπαʹ
AG	glaux_pairs.json	nonlexical_numeral	͵ηχκδ	͵ηχκδʹ
AG	glaux_pairs.json	nonlexical_numeral	͵θ	͵θʹ
AG	glaux_pairs.json	nonlexical_numeral	͵θοβʹ	͵θοβʹ
AG	glaux_pairs.json	nonlexical_numeral	͵θσνβʹ	͵θσνβʹ
AG	glaux_pairs.json	nonlexical_numeral	͵θυιʹ	͵θυιʹ
AG	glaux_pairs.json	nonlexical_numeral	͵θφ	͵θφʹ
AG	glaux_pairs.json	nonlexical_numeral	͵θψθʹ	͵θψθʹ
AG	glaux_pairs.json	nonlexical_numeral	͵θϠδ	͵θϠδʹ
AG	glaux_pairs.json	nonlexical_numeral	͵θϡληʹ	͵θϡληʹ
AG	glaux_pairs.json	nonlexical_numeral	͵ϛ	͵ϛʹ
AG	glaux_pairs.json	nonlexical_numeral	͵ϛτλϛ	͵ϛτλϛʹ
AG	glaux_pairs.json	nonlexical_numeral	͵ϛυοζʹ	͵ϛυοζʹ
AG	glaux_pairs.json	nonlexical_numeral	͵ϛφκʹ	͵ϛφκʹ
AG	glaux_pairs.json	nonlexical_numeral	͵ϛψν	͵ϛψνʹ
AG	glaux_pairs.json	nonlexical_numeral	͵ϛωκʹ	͵ϛωκʹ
AG	glaux_pairs.json	nonlexical_numeral	͵ϛωνθ	͵ϛωνθʹ
AG	glaux_pairs.json	nonlexical_numeral	͵ϛϛʹʹ	͵ϛϛʹʹ
AG	glaux_pairs.json	nonlexical_numeral	͵ϛϠκη	͵ϛϠκηʹ
AG	glaux_pairs.json	nonlexical_numeral	Αʹ	Αʹ
AG	glaux_pairs.json	nonlexical_numeral	Βʹ	Βʹ
AG	glaux_pairs.json	nonlexical_numeral	Γʹ	Γʹ
AG	glaux_pairs.json	nonlexical_numeral	Θʹ	Θʹ
AG	glaux_pairs.json	nonlexical_numeral	Ιʹ	Ιʹ
AG	glaux_pairs.json	nonlexical_numeral	Λʹ	Λʹ
AG	glaux_pairs.json	nonlexical_numeral	Μʹ	Μʹ
AG	glaux_pairs.json	nonlexical_numeral	Οʹ	Οʹ
AG	glaux_pairs.json	nonlexical_numeral	Ρϛ	Ρϛʹ
AG	glaux_pairs.json	nonlexical_numeral	ΧΑʹ	ΧΑʹ
AG	glaux_pairs.json	nonlexical_numeral	ΩΑʹ	ΩΑʹ
AG	glaux_pairs.json	nonlexical_numeral	γʹʹ	γʹʹ
AG	glaux_pairs.json	nonlexical_numeral	δʹʹ	δʹʹ
AG	glaux_pairs.json	nonlexical_numeral	Εʹ	εʹ
AG	glaux_pairs.json	nonlexical_numeral	ε’	εʹ
AG	glaux_pairs.json	nonlexical_numeral	εʹʹ	εʹʹ
AG	glaux_pairs.json	nonlexical_numeral	ζʹʹ	ζʹʹ
AG	glaux_pairs.json	nonlexical_numeral	ηʹ	ηʹ
AG	glaux_pairs.json	nonlexical_numeral	η’	ηʹ
AG	glaux_pairs.json	nonlexical_numeral	ηʹʹ	ηʹʹ
AG	glaux_pairs.json	nonlexical_numeral	θʹʹ	θʹʹ
AG	glaux_pairs.json	nonlexical_numeral	ιαʹ	ιαʹ
AG	glaux_pairs.json	nonlexical_numeral	ῑᾱ	ιαʹ
AG	glaux_pairs.json	nonlexical_numeral	ιβʹ	ιβʹ
AG	glaux_pairs.json	nonlexical_numeral	ιβ’	ιβʹ
AG	glaux_pairs.json	nonlexical_numeral	ῑβ	ιβʹ
AG	glaux_pairs.json	nonlexical_numeral	ιγ	ιγʹ
AG	glaux_pairs.json	nonlexical_numeral	ιγʹ	ιγʹ
AG	glaux_pairs.json	nonlexical_numeral	ιγ’	ιγʹ
AG	glaux_pairs.json	nonlexical_numeral	ῑγ	ιγʹ
AG	glaux_pairs.json	nonlexical_numeral	ιδ	ιδʹ
AG	glaux_pairs.json	nonlexical_numeral	ιδʹ	ιδʹ
AG	glaux_pairs.json	nonlexical_numeral	ιδ’	ιδʹ
AG	glaux_pairs.json	nonlexical_numeral	ῑδ	ιδʹ
AG	glaux_pairs.json	nonlexical_numeral	Ιεʹ	ιεʹ
AG	glaux_pairs.json	nonlexical_numeral	ιεʹ	ιεʹ
AG	glaux_pairs.json	nonlexical_numeral	ῑε	ιεʹ
AG	glaux_pairs.json	nonlexical_numeral	ιεʹʹ	ιεʹʹ
AG	glaux_pairs.json	nonlexical_numeral	ιζ	ιζʹ
AG	glaux_pairs.json	nonlexical_numeral	ιζʹ	ιζʹ
AG	glaux_pairs.json	nonlexical_numeral	ῑζ	ιζʹ
AG	glaux_pairs.json	nonlexical_numeral	ιηʹ	ιηʹ
AG	glaux_pairs.json	nonlexical_numeral	ιη’	ιηʹ
AG	glaux_pairs.json	nonlexical_numeral	ῑη	ιηʹ
AG	glaux_pairs.json	nonlexical_numeral	ιθ	ιθʹ
AG	glaux_pairs.json	nonlexical_numeral	ιθʹ	ιθʹ
AG	glaux_pairs.json	nonlexical_numeral	ῑθ	ιθʹ
AG	glaux_pairs.json	nonlexical_numeral	ιϚ	ιϚʹ
AG	glaux_pairs.json	nonlexical_numeral	ιϚʹ	ιϚʹ
AG	glaux_pairs.json	nonlexical_numeral	ιϛ	ιϛʹ
AG	glaux_pairs.json	nonlexical_numeral	ιϛʹ	ιϛʹ
AG	glaux_pairs.json	nonlexical_numeral	ῑϛ	ιϛʹ
AG	glaux_pairs.json	nonlexical_numeral	ιϛʹʹ	ιϛʹʹ
AG	glaux_pairs.json	nonlexical_numeral	κʹʹ	κʹʹ
AG	glaux_pairs.json	nonlexical_numeral	καʹ	καʹ
AG	glaux_pairs.json	nonlexical_numeral	κᾱ	καʹ
AG	glaux_pairs.json	nonlexical_numeral	καʹʹ	καʹʹ
AG	glaux_pairs.json	nonlexical_numeral	κβ	κβʹ
AG	glaux_pairs.json	nonlexical_numeral	κβʹ	κβʹ
AG	glaux_pairs.json	nonlexical_numeral	κγ	κγʹ
AG	glaux_pairs.json	nonlexical_numeral	κγʹ	κγʹ
AG	glaux_pairs.json	nonlexical_numeral	κγ’	κγʹ
AG	glaux_pairs.json	nonlexical_numeral	κθ	κθʹ
AG	glaux_pairs.json	nonlexical_numeral	κθʹ	κθʹ
AG	glaux_pairs.json	nonlexical_numeral	κϚ	κϚʹ
AG	glaux_pairs.json	nonlexical_numeral	κϚʹ	κϚʹ
AG	glaux_pairs.json	nonlexical_numeral	κϛ	κϛʹ
AG	glaux_pairs.json	nonlexical_numeral	κϛʹ	κϛʹ
AG	glaux_pairs.json	nonlexical_numeral	λαʹ	λαʹ
AG	glaux_pairs.json	nonlexical_numeral	λᾱ	λαʹ
AG	glaux_pairs.json	nonlexical_numeral	λβ	λβʹ
AG	glaux_pairs.json	nonlexical_numeral	λβʹ	λβʹ
AG	glaux_pairs.json	nonlexical_numeral	λγ	λγʹ
AG	glaux_pairs.json	nonlexical_numeral	λγʹ	λγʹ
AG	glaux_pairs.json	nonlexical_numeral	λδ	λδʹ
AG	glaux_pairs.json	nonlexical_numeral	λδʹ	λδʹ
AG	glaux_pairs.json	nonlexical_numeral	λε	λεʹ
AG	glaux_pairs.json	nonlexical_numeral	λεʹ	λεʹ
AG	glaux_pairs.json	nonlexical_numeral	λε’	λεʹ
AG	glaux_pairs.json	nonlexical_numeral	λζ	λζʹ
AG	glaux_pairs.json	nonlexical_numeral	λζʹ	λζʹ
AG	glaux_pairs.json	nonlexical_numeral	λζ’	λζʹ
AG	glaux_pairs.json	nonlexical_numeral	ληʹ	ληʹ
AG	glaux_pairs.json	nonlexical_numeral	λθ	λθʹ
AG	glaux_pairs.json	nonlexical_numeral	λθʹ	λθʹ
AG	glaux_pairs.json	nonlexical_numeral	λϚ	λϚʹ
AG	glaux_pairs.json	nonlexical_numeral	λϚʹ	λϚʹ
AG	glaux_pairs.json	nonlexical_numeral	μαʹ	μαʹ
AG	glaux_pairs.json	nonlexical_numeral	μβ	μβʹ
AG	glaux_pairs.json	nonlexical_numeral	μβʹ	μβʹ
AG	glaux_pairs.json	nonlexical_numeral	μγ	μγʹ
AG	glaux_pairs.json	nonlexical_numeral	μγʹ	μγʹ
AG	glaux_pairs.json	nonlexical_numeral	Μδ	μδʹ
AG	glaux_pairs.json	nonlexical_numeral	μδ	μδʹ
AG	glaux_pairs.json	nonlexical_numeral	μδʹ	μδʹ
AG	glaux_pairs.json	nonlexical_numeral	μεʹ	μεʹ
AG	glaux_pairs.json	nonlexical_numeral	μζ	μζʹ
AG	glaux_pairs.json	nonlexical_numeral	μζʹ	μζʹ
AG	glaux_pairs.json	nonlexical_numeral	μηʹ	μηʹ
AG	glaux_pairs.json	nonlexical_numeral	μθ	μθʹ
AG	glaux_pairs.json	nonlexical_numeral	μθʹ	μθʹ
AG	glaux_pairs.json	nonlexical_numeral	Μϛ	μϛʹ
AG	glaux_pairs.json	nonlexical_numeral	μϛ	μϛʹ
AG	glaux_pairs.json	nonlexical_numeral	μϛʹ	μϛʹ
AG	glaux_pairs.json	nonlexical_numeral	ναʹ	ναʹ
AG	glaux_pairs.json	nonlexical_numeral	νβ	νβʹ
AG	glaux_pairs.json	nonlexical_numeral	νβʹ	νβʹ
AG	glaux_pairs.json	nonlexical_numeral	νγ	νγʹ
AG	glaux_pairs.json	nonlexical_numeral	νγʹ	νγʹ
AG	glaux_pairs.json	nonlexical_numeral	νδ	νδʹ
AG	glaux_pairs.json	nonlexical_numeral	νδʹ	νδʹ
AG	glaux_pairs.json	nonlexical_numeral	νεʹ	νεʹ
AG	glaux_pairs.json	nonlexical_numeral	νζ	νζʹ
AG	glaux_pairs.json	nonlexical_numeral	νζʹ	νζʹ
AG	glaux_pairs.json	nonlexical_numeral	νηʹ	νηʹ
AG	glaux_pairs.json	nonlexical_numeral	νθ	νθʹ
AG	glaux_pairs.json	nonlexical_numeral	νθʹ	νθʹ
AG	glaux_pairs.json	nonlexical_numeral	νϚ	νϚʹ
AG	glaux_pairs.json	nonlexical_numeral	νϚʹ	νϚʹ
AG	glaux_pairs.json	nonlexical_numeral	νϛ	νϛʹ
AG	glaux_pairs.json	nonlexical_numeral	νϛʹ	νϛʹ
AG	glaux_pairs.json	nonlexical_numeral	ξʹ	ξʹ
AG	glaux_pairs.json	nonlexical_numeral	ξ’	ξʹ
AG	glaux_pairs.json	nonlexical_numeral	ξα	ξαʹ
AG	glaux_pairs.json	nonlexical_numeral	ξᾱ	ξαʹ
AG	glaux_pairs.json	nonlexical_numeral	ξβ	ξβʹ
AG	glaux_pairs.json	nonlexical_numeral	ξβʹ	ξβʹ
AG	glaux_pairs.json	nonlexical_numeral	ξγ	ξγʹ
AG	glaux_pairs.json	nonlexical_numeral	ξγʹ	ξγʹ
AG	glaux_pairs.json	nonlexical_numeral	ξδ	ξδʹ
AG	glaux_pairs.json	nonlexical_numeral	ξδʹ	ξδʹ
AG	glaux_pairs.json	nonlexical_numeral	ξε	ξεʹ
AG	glaux_pairs.json	nonlexical_numeral	ξεʹ	ξεʹ
AG	glaux_pairs.json	nonlexical_numeral	ξηʹ	ξηʹ
AG	glaux_pairs.json	nonlexical_numeral	ξϚʹ	ξϚʹ
AG	glaux_pairs.json	nonlexical_numeral	ξϛ	ξϛʹ
AG	glaux_pairs.json	nonlexical_numeral	ξϛʹ	ξϛʹ
AG	glaux_pairs.json	nonlexical_numeral	οαʹ	οαʹ
AG	glaux_pairs.json	nonlexical_numeral	οᾱ	οαʹ
AG	glaux_pairs.json	nonlexical_numeral	οβ	οβʹ
AG	glaux_pairs.json	nonlexical_numeral	οβʹ	οβʹ
AG	glaux_pairs.json	nonlexical_numeral	ογ	ογʹ
AG	glaux_pairs.json	nonlexical_numeral	οδʹ	οδʹ
AG	glaux_pairs.json	nonlexical_numeral	οε	οεʹ
AG	glaux_pairs.json	nonlexical_numeral	οεʹ	οεʹ
AG	glaux_pairs.json	nonlexical_numeral	οζ	οζʹ
AG	glaux_pairs.json	nonlexical_numeral	οζʹ	οζʹ
AG	glaux_pairs.json	nonlexical_numeral	οη	οηʹ
AG	glaux_pairs.json	nonlexical_numeral	οηʹ	οηʹ
AG	glaux_pairs.json	nonlexical_numeral	οϚʹ	οϚʹ
AG	glaux_pairs.json	nonlexical_numeral	παʹ	παʹ
AG	glaux_pairs.json	nonlexical_numeral	πᾱ	παʹ
AG	glaux_pairs.json	nonlexical_numeral	πβʹ	πβʹ
AG	glaux_pairs.json	nonlexical_numeral	πγ	πγʹ
AG	glaux_pairs.json	nonlexical_numeral	πδ	πδʹ
AG	glaux_pairs.json	nonlexical_numeral	πδʹ	πδʹ
AG	glaux_pairs.json	nonlexical_numeral	πδʹʹ	πδʹʹ
AG	glaux_pairs.json	nonlexical_numeral	πεʹ	πεʹ
AG	glaux_pairs.json	nonlexical_numeral	πζ	πζʹ
AG	glaux_pairs.json	nonlexical_numeral	πζʹ	πζʹ
AG	glaux_pairs.json	nonlexical_numeral	πηʹ	πηʹ
AG	glaux_pairs.json	nonlexical_numeral	πϛ	πϛʹ
AG	glaux_pairs.json	nonlexical_numeral	πϛʹ	πϛʹ
AG	glaux_pairs.json	nonlexical_numeral	ρβ	ρβʹ
AG	glaux_pairs.json	nonlexical_numeral	ρβʹ	ρβʹ
AG	glaux_pairs.json	nonlexical_numeral	ρδ	ρδʹ
AG	glaux_pairs.json	nonlexical_numeral	ρδʹ	ρδʹ
AG	glaux_pairs.json	nonlexical_numeral	ρζ	ρζʹ
AG	glaux_pairs.json	nonlexical_numeral	ρζʹ	ρζʹ
AG	glaux_pairs.json	nonlexical_numeral	ρηʹ	ρηʹ
AG	glaux_pairs.json	nonlexical_numeral	ρι	ριʹ
AG	glaux_pairs.json	nonlexical_numeral	ριʹ	ριʹ
AG	glaux_pairs.json	nonlexical_numeral	ρῑ	ριʹ
AG	glaux_pairs.json	nonlexical_numeral	ριαʹ	ριαʹ
AG	glaux_pairs.json	nonlexical_numeral	ριβ	ριβʹ
AG	glaux_pairs.json	nonlexical_numeral	ριβʹ	ριβʹ
AG	glaux_pairs.json	nonlexical_numeral	ριβʹʹ	ριβʹʹ
AG	glaux_pairs.json	nonlexical_numeral	ριγ	ριγʹ
AG	glaux_pairs.json	nonlexical_numeral	ρῑγ	ριγʹ
AG	glaux_pairs.json	nonlexical_numeral	ριδ	ριδʹ
AG	glaux_pairs.json	nonlexical_numeral	ριζ	ριζʹ
AG	glaux_pairs.json	nonlexical_numeral	ριθʹ	ριθʹ
AG	glaux_pairs.json	nonlexical_numeral	ρκ	ρκʹ
AG	glaux_pairs.json	nonlexical_numeral	ρκʹ	ρκʹ
AG	glaux_pairs.json	nonlexical_numeral	ρκ’	ρκʹ
AG	glaux_pairs.json	nonlexical_numeral	ρκα	ρκαʹ
AG	glaux_pairs.json	nonlexical_numeral	ρκβʹ	ρκβʹ
AG	glaux_pairs.json	nonlexical_numeral	ρκγ	ρκγʹ
AG	glaux_pairs.json	nonlexical_numeral	ρκδ	ρκδʹ
AG	glaux_pairs.json	nonlexical_numeral	ρκε	ρκεʹ
AG	glaux_pairs.json	nonlexical_numeral	ρκεʹ	ρκεʹ
AG	glaux_pairs.json	nonlexical_numeral	ρκζ	ρκζʹ
AG	glaux_pairs.json	nonlexical_numeral	ρκζʹ	ρκζʹ
AG	glaux_pairs.json	nonlexical_numeral	ρκη	ρκηʹ
AG	glaux_pairs.json	nonlexical_numeral	ρκηʹ	ρκηʹ
AG	glaux_pairs.json	nonlexical_numeral	ρκθ	ρκθʹ
AG	glaux_pairs.json	nonlexical_numeral	ρκϚ	ρκϚʹ
AG	glaux_pairs.json	nonlexical_numeral	ρλ	ρλʹ
AG	glaux_pairs.json	nonlexical_numeral	ρλʹ	ρλʹ
AG	glaux_pairs.json	nonlexical_numeral	ρλα	ρλαʹ
AG	glaux_pairs.json	nonlexical_numeral	ρλβ	ρλβʹ
AG	glaux_pairs.json	nonlexical_numeral	ρλβʹ	ρλβʹ
AG	glaux_pairs.json	nonlexical_numeral	ρλβ’	ρλβʹ
AG	glaux_pairs.json	nonlexical_numeral	ρλγ	ρλγʹ
AG	glaux_pairs.json	nonlexical_numeral	ρλγʹ	ρλγʹ
AG	glaux_pairs.json	nonlexical_numeral	ρλδʹ	ρλδʹ
AG	glaux_pairs.json	nonlexical_numeral	ρλε	ρλεʹ
AG	glaux_pairs.json	nonlexical_numeral	ρλεʹ	ρλεʹ
AG	glaux_pairs.json	nonlexical_numeral	ρλη	ρληʹ
AG	glaux_pairs.json	nonlexical_numeral	ρλθ	ρλθʹ
AG	glaux_pairs.json	nonlexical_numeral	ρμ	ρμʹ
AG	glaux_pairs.json	nonlexical_numeral	ρμʹ	ρμʹ
AG	glaux_pairs.json	nonlexical_numeral	ρμα	ρμαʹ
AG	glaux_pairs.json	nonlexical_numeral	ρμβ	ρμβʹ
AG	glaux_pairs.json	nonlexical_numeral	ρμβʹ	ρμβʹ
AG	glaux_pairs.json	nonlexical_numeral	ρμγ	ρμγʹ
AG	glaux_pairs.json	nonlexical_numeral	ρμγʹ	ρμγʹ
AG	glaux_pairs.json	nonlexical_numeral	ρμδ	ρμδʹ
AG	glaux_pairs.json	nonlexical_numeral	ρμδʹ	ρμδʹ
AG	glaux_pairs.json	nonlexical_numeral	ρμζ	ρμζʹ
AG	glaux_pairs.json	nonlexical_numeral	ρμη	ρμηʹ
AG	glaux_pairs.json	nonlexical_numeral	ρμθ	ρμθʹ
AG	glaux_pairs.json	nonlexical_numeral	ρμϛ	ρμϛʹ
AG	glaux_pairs.json	nonlexical_numeral	ρνʹ	ρνʹ
AG	glaux_pairs.json	nonlexical_numeral	ρνβ	ρνβʹ
AG	glaux_pairs.json	nonlexical_numeral	ρνε	ρνεʹ
AG	glaux_pairs.json	nonlexical_numeral	ρνεʹ	ρνεʹ
AG	glaux_pairs.json	nonlexical_numeral	ρνζ	ρνζʹ
AG	glaux_pairs.json	nonlexical_numeral	ρνζʹ	ρνζʹ
AG	glaux_pairs.json	nonlexical_numeral	ρνϚ	ρνϚʹ
AG	glaux_pairs.json	nonlexical_numeral	ρξ	ρξʹ
AG	glaux_pairs.json	nonlexical_numeral	ρξʹ	ρξʹ
AG	glaux_pairs.json	nonlexical_numeral	ρξα	ρξαʹ
AG	glaux_pairs.json	nonlexical_numeral	ρξβʹ	ρξβʹ
AG	glaux_pairs.json	nonlexical_numeral	ρξγ	ρξγʹ
AG	glaux_pairs.json	nonlexical_numeral	ρξδ	ρξδʹ
AG	glaux_pairs.json	nonlexical_numeral	ρξε	ρξεʹ
AG	glaux_pairs.json	nonlexical_numeral	ρξεʹ	ρξεʹ
AG	glaux_pairs.json	nonlexical_numeral	ρξζʹ	ρξζʹ
AG	glaux_pairs.json	nonlexical_numeral	ρξηʹ	ρξηʹ
AG	glaux_pairs.json	nonlexical_numeral	ρξθ	ρξθʹ
AG	glaux_pairs.json	nonlexical_numeral	ρξθʹ	ρξθʹ
AG	glaux_pairs.json	nonlexical_numeral	ρξϛ	ρξϛʹ
AG	glaux_pairs.json	nonlexical_numeral	ρο	ροʹ
AG	glaux_pairs.json	nonlexical_numeral	ροʹ	ροʹ
AG	glaux_pairs.json	nonlexical_numeral	ροζʹ	ροζʹ
AG	glaux_pairs.json	nonlexical_numeral	ροηʹ	ροηʹ
AG	glaux_pairs.json	nonlexical_numeral	ροθ	ροθʹ
AG	glaux_pairs.json	nonlexical_numeral	ρπ	ρπʹ
AG	glaux_pairs.json	nonlexical_numeral	ρπʹ	ρπʹ
AG	glaux_pairs.json	nonlexical_numeral	ρπβ	ρπβʹ
AG	glaux_pairs.json	nonlexical_numeral	ρπβʹ	ρπβʹ
AG	glaux_pairs.json	nonlexical_numeral	ρπδ	ρπδʹ
AG	glaux_pairs.json	nonlexical_numeral	ρπεʹ	ρπεʹ
AG	glaux_pairs.json	nonlexical_numeral	ρπζ	ρπζʹ
AG	glaux_pairs.json	nonlexical_numeral	ρπζʹ	ρπζʹ
AG	glaux_pairs.json	nonlexical_numeral	ρπη	ρπηʹ
AG	glaux_pairs.json	nonlexical_numeral	ρπηʹ	ρπηʹ
AG	glaux_pairs.json	nonlexical_numeral	ρπθ	ρπθʹ
AG	glaux_pairs.json	nonlexical_numeral	ρϙʹ	ρϙʹ
AG	glaux_pairs.json	nonlexical_numeral	ρϚ	ρϚʹ
AG	glaux_pairs.json	nonlexical_numeral	ρϞʹ	ρϞʹ
AG	glaux_pairs.json	nonlexical_numeral	ρϞβ	ρϞβʹ
AG	glaux_pairs.json	nonlexical_numeral	ρϞϚ	ρϞϚʹ
AG	glaux_pairs.json	nonlexical_numeral	ρϟβʹ	ρϟβʹ
AG	glaux_pairs.json	nonlexical_numeral	ρϟδʹ	ρϟδʹ
AG	glaux_pairs.json	nonlexical_numeral	ρϟεʹ	ρϟεʹ
AG	glaux_pairs.json	nonlexical_numeral	σαʹ	σαʹ
AG	glaux_pairs.json	nonlexical_numeral	σβʹ	σβʹ
AG	glaux_pairs.json	nonlexical_numeral	Σδ	σδʹ
AG	glaux_pairs.json	nonlexical_numeral	σδʹ	σδʹ
AG	glaux_pairs.json	nonlexical_numeral	σεʹ	σεʹ
AG	glaux_pairs.json	nonlexical_numeral	σηʹ	σηʹ
AG	glaux_pairs.json	nonlexical_numeral	σθ	σθʹ
AG	glaux_pairs.json	nonlexical_numeral	σιʹ	σιʹ
AG	glaux_pairs.json	nonlexical_numeral	σῑ	σιʹ
AG	glaux_pairs.json	nonlexical_numeral	σιβ	σιβʹ
AG	glaux_pairs.json	nonlexical_numeral	σιεʹ	σιεʹ
AG	glaux_pairs.json	nonlexical_numeral	σιϚ	σιϚʹ
AG	glaux_pairs.json	nonlexical_numeral	σιϚʹ	σιϚʹ
AG	glaux_pairs.json	nonlexical_numeral	σκ	σκʹ
AG	glaux_pairs.json	nonlexical_numeral	σκʹ	σκʹ
AG	glaux_pairs.json	nonlexical_numeral	σκβʹ	σκβʹ
AG	glaux_pairs.json	nonlexical_numeral	σκδ	σκδʹ
AG	glaux_pairs.json	nonlexical_numeral	σκδʹ	σκδʹ
AG	glaux_pairs.json	nonlexical_numeral	σκεʹ	σκεʹ
AG	glaux_pairs.json	nonlexical_numeral	σκϛ	σκϛʹ
AG	glaux_pairs.json	nonlexical_numeral	σλ	σλʹ
AG	glaux_pairs.json	nonlexical_numeral	σλʹ	σλʹ
AG	glaux_pairs.json	nonlexical_numeral	σλα	σλαʹ
AG	glaux_pairs.json	nonlexical_numeral	σλβ	σλβʹ
AG	glaux_pairs.json	nonlexical_numeral	σλϛʹ	σλϛʹ
AG	glaux_pairs.json	nonlexical_numeral	σμ	σμʹ
AG	glaux_pairs.json	nonlexical_numeral	σμʹ	σμʹ
AG	glaux_pairs.json	nonlexical_numeral	σμβ	σμβʹ
AG	glaux_pairs.json	nonlexical_numeral	σμγ	σμγʹ
AG	glaux_pairs.json	nonlexical_numeral	σμγʹ	σμγʹ
AG	glaux_pairs.json	nonlexical_numeral	σμε	σμεʹ
AG	glaux_pairs.json	nonlexical_numeral	σμηʹ	σμηʹ
AG	glaux_pairs.json	nonlexical_numeral	σμθ	σμθʹ
AG	glaux_pairs.json	nonlexical_numeral	σμϛ	σμϛʹ
AG	glaux_pairs.json	nonlexical_numeral	σνʹ	σνʹ
AG	glaux_pairs.json	nonlexical_numeral	σνβ	σνβʹ
AG	glaux_pairs.json	nonlexical_numeral	σνδ	σνδʹ
AG	glaux_pairs.json	nonlexical_numeral	σνθ	σνθʹ
AG	glaux_pairs.json	nonlexical_numeral	σνϚ	σνϚʹ
AG	glaux_pairs.json	nonlexical_numeral	σνϚʹ	σνϚʹ
AG	glaux_pairs.json	nonlexical_numeral	σνϛ	σνϛʹ
AG	glaux_pairs.json	nonlexical_numeral	σνϛʹ	σνϛʹ
AG	glaux_pairs.json	nonlexical_numeral	σξʹ	σξʹ
AG	glaux_pairs.json	nonlexical_numeral	σξα	σξαʹ
AG	glaux_pairs.json	nonlexical_numeral	σξᾱ	σξαʹ
AG	glaux_pairs.json	nonlexical_numeral	σξδʹ	σξδʹ
AG	glaux_pairs.json	nonlexical_numeral	σξε	σξεʹ
AG	glaux_pairs.json	nonlexical_numeral	σξη	σξηʹ
AG	glaux_pairs.json	nonlexical_numeral	σξθʹ	σξθʹ
AG	glaux_pairs.json	nonlexical_numeral	σξϛʹ	σξϛʹ
AG	glaux_pairs.json	nonlexical_numeral	σοʹ	σοʹ
AG	glaux_pairs.json	nonlexical_numeral	σοβ	σοβʹ
AG	glaux_pairs.json	nonlexical_numeral	σοβʹ	σοβʹ
AG	glaux_pairs.json	nonlexical_numeral	σπ	σπʹ
AG	glaux_pairs.json	nonlexical_numeral	σπʹ	σπʹ
AG	glaux_pairs.json	nonlexical_numeral	σπγ	σπγʹ
AG	glaux_pairs.json	nonlexical_numeral	σπε	σπεʹ
AG	glaux_pairs.json	nonlexical_numeral	σπηʹ	σπηʹ
AG	glaux_pairs.json	nonlexical_numeral	σπθ	σπθʹ
AG	glaux_pairs.json	nonlexical_numeral	τγʹ	τγʹ
AG	glaux_pairs.json	nonlexical_numeral	τεʹ	τεʹ
AG	glaux_pairs.json	nonlexical_numeral	τηʹ	τηʹ
AG	glaux_pairs.json	nonlexical_numeral	τιʹ	τιʹ
AG	glaux_pairs.json	nonlexical_numeral	τῑ	τιʹ
AG	glaux_pairs.json	nonlexical_numeral	τιβ	τιβʹ
AG	glaux_pairs.json	nonlexical_numeral	τιβʹ	τιβʹ
AG	glaux_pairs.json	nonlexical_numeral	τιδ	τιδʹ
AG	glaux_pairs.json	nonlexical_numeral	τιηʹ	τιηʹ
AG	glaux_pairs.json	nonlexical_numeral	τκ	τκʹ
AG	glaux_pairs.json	nonlexical_numeral	τκʹ	τκʹ
AG	glaux_pairs.json	nonlexical_numeral	τκβʹ	τκβʹ
AG	glaux_pairs.json	nonlexical_numeral	τκδ	τκδʹ
AG	glaux_pairs.json	nonlexical_numeral	τκδʹ	τκδʹ
AG	glaux_pairs.json	nonlexical_numeral	τλʹ	τλʹ
AG	glaux_pairs.json	nonlexical_numeral	τλε	τλεʹ
AG	glaux_pairs.json	nonlexical_numeral	τλζ	τλζʹ
AG	glaux_pairs.json	nonlexical_numeral	τλθ	τλθʹ
AG	glaux_pairs.json	nonlexical_numeral	τμʹ	τμʹ
AG	glaux_pairs.json	nonlexical_numeral	τμγ	τμγʹ
AG	glaux_pairs.json	nonlexical_numeral	τνʹ	τνʹ
AG	glaux_pairs.json	nonlexical_numeral	τνγ	τνγʹ
AG	glaux_pairs.json	nonlexical_numeral	τνδ	τνδʹ
AG	glaux_pairs.json	nonlexical_numeral	τνδʹ	τνδʹ
AG	glaux_pairs.json	nonlexical_numeral	τνη	τνηʹ
AG	glaux_pairs.json	nonlexical_numeral	τνθ	τνθʹ
AG	glaux_pairs.json	nonlexical_numeral	τνϛ	τνϛʹ
AG	glaux_pairs.json	nonlexical_numeral	τξ	τξʹ
AG	glaux_pairs.json	nonlexical_numeral	τξʹ	τξʹ
AG	glaux_pairs.json	nonlexical_numeral	τξαʹ	τξαʹ
AG	glaux_pairs.json	nonlexical_numeral	τξε	τξεʹ
AG	glaux_pairs.json	nonlexical_numeral	τξεʹ	τξεʹ
AG	glaux_pairs.json	nonlexical_numeral	τξζ	τξζʹ
AG	glaux_pairs.json	nonlexical_numeral	τξηʹ	τξηʹ
AG	glaux_pairs.json	nonlexical_numeral	τοδ	τοδʹ
AG	glaux_pairs.json	nonlexical_numeral	τοεʹ	τοεʹ
AG	glaux_pairs.json	nonlexical_numeral	τοζ	τοζʹ
AG	glaux_pairs.json	nonlexical_numeral	τοηʹ	τοηʹ
AG	glaux_pairs.json	nonlexical_numeral	τπ	τπʹ
AG	glaux_pairs.json	nonlexical_numeral	τπγ	τπγʹ
AG	glaux_pairs.json	nonlexical_numeral	τπδʹ	τπδʹ
AG	glaux_pairs.json	nonlexical_numeral	τπε	τπεʹ
AG	glaux_pairs.json	nonlexical_numeral	τϚ	τϚʹ
AG	glaux_pairs.json	nonlexical_numeral	υʹ	υʹ
AG	glaux_pairs.json	nonlexical_numeral	ῡ	υʹ
AG	glaux_pairs.json	nonlexical_numeral	υβ	υβʹ
AG	glaux_pairs.json	nonlexical_numeral	υδ	υδʹ
AG	glaux_pairs.json	nonlexical_numeral	υζ	υζʹ
AG	glaux_pairs.json	nonlexical_numeral	υκ	υκʹ
AG	glaux_pairs.json	nonlexical_numeral	υκʹ	υκʹ
AG	glaux_pairs.json	nonlexical_numeral	υκζ	υκζʹ
AG	glaux_pairs.json	nonlexical_numeral	υλʹ	υλʹ
AG	glaux_pairs.json	nonlexical_numeral	υλβ	υλβʹ
AG	glaux_pairs.json	nonlexical_numeral	υλβʹ	υλβʹ
AG	glaux_pairs.json	nonlexical_numeral	υλϛ	υλϛʹ
AG	glaux_pairs.json	nonlexical_numeral	υμζʹ	υμζʹ
AG	glaux_pairs.json	nonlexical_numeral	υμηʹ	υμηʹ
AG	glaux_pairs.json	nonlexical_numeral	υμθ	υμθʹ
AG	glaux_pairs.json	nonlexical_numeral	υνʹ	υνʹ
AG	glaux_pairs.json	nonlexical_numeral	υνβ	υνβʹ
AG	glaux_pairs.json	nonlexical_numeral	υξ	υξʹ
AG	glaux_pairs.json	nonlexical_numeral	υξγʹ	υξγʹ
AG	glaux_pairs.json	nonlexical_numeral	υξη	υξηʹ
AG	glaux_pairs.json	nonlexical_numeral	υπ	υπʹ
AG	glaux_pairs.json	nonlexical_numeral	υπʹ	υπʹ
AG	glaux_pairs.json	nonlexical_numeral	ῡπ	υπʹ
AG	glaux_pairs.json	nonlexical_numeral	υπϚʹ	υπϚʹ
AG	glaux_pairs.json	nonlexical_numeral	υϙʹ	υϙʹ
AG	glaux_pairs.json	nonlexical_numeral	υϚ	υϚʹ
AG	glaux_pairs.json	nonlexical_numeral	υϞηʹ	υϞηʹ
AG	glaux_pairs.json	nonlexical_numeral	υϟεʹ	υϟεʹ
AG	glaux_pairs.json	nonlexical_numeral	υϟθʹ	υϟθʹ
AG	glaux_pairs.json	nonlexical_numeral	υϟϚ	υϟϚʹ
AG	glaux_pairs.json	nonlexical_numeral	φιβ	φιβʹ
AG	glaux_pairs.json	nonlexical_numeral	φιβʹ	φιβʹ
AG	glaux_pairs.json	nonlexical_numeral	φῑβ	φιβʹ
AG	glaux_pairs.json	nonlexical_numeral	φιηʹ	φιηʹ
AG	glaux_pairs.json	nonlexical_numeral	φκʹ	φκʹ
AG	glaux_pairs.json	nonlexical_numeral	φκγ	φκγʹ
AG	glaux_pairs.json	nonlexical_numeral	φκδʹ	φκδʹ
AG	glaux_pairs.json	nonlexical_numeral	φλᾱ	φλαʹ
AG	glaux_pairs.json	nonlexical_numeral	φλγʹ	φλγʹ
AG	glaux_pairs.json	nonlexical_numeral	φλθ	φλθʹ
AG	glaux_pairs.json	nonlexical_numeral	φμγʹ	φμγʹ
AG	glaux_pairs.json	nonlexical_numeral	φνʹ	φνʹ
AG	glaux_pairs.json	nonlexical_numeral	φνδʹ	φνδʹ
AG	glaux_pairs.json	nonlexical_numeral	φοα	φοαʹ
AG	glaux_pairs.json	nonlexical_numeral	φοε	φοεʹ
AG	glaux_pairs.json	nonlexical_numeral	φοϚ	φοϚʹ
AG	glaux_pairs.json	nonlexical_numeral	φοϚʹ	φοϚʹ
AG	glaux_pairs.json	nonlexical_numeral	φπβʹ	φπβʹ
AG	glaux_pairs.json	nonlexical_numeral	φπδʹ	φπδʹ
AG	glaux_pairs.json	nonlexical_numeral	φπεʹ	φπεʹ
AG	glaux_pairs.json	nonlexical_numeral	φπθ	φπθʹ
AG	glaux_pairs.json	nonlexical_numeral	φϚʹ	φϚʹ
AG	glaux_pairs.json	nonlexical_numeral	χʹ	χʹ
AG	glaux_pairs.json	nonlexical_numeral	χεʹ	χεʹ
AG	glaux_pairs.json	nonlexical_numeral	χιβʹ	χιβʹ
AG	glaux_pairs.json	nonlexical_numeral	χῑζ	χιζʹ
AG	glaux_pairs.json	nonlexical_numeral	χιϛ	χιϛʹ
AG	glaux_pairs.json	nonlexical_numeral	χκʹ	χκʹ
AG	glaux_pairs.json	nonlexical_numeral	χκε	χκεʹ
AG	glaux_pairs.json	nonlexical_numeral	χκη	χκηʹ
AG	glaux_pairs.json	nonlexical_numeral	χλʹ	χλʹ
AG	glaux_pairs.json	nonlexical_numeral	χμ	χμʹ
AG	glaux_pairs.json	nonlexical_numeral	χμʹ	χμʹ
AG	glaux_pairs.json	nonlexical_numeral	χμη	χμηʹ
AG	glaux_pairs.json	nonlexical_numeral	χμηʹ	χμηʹ
AG	glaux_pairs.json	nonlexical_numeral	χμϛʹ	χμϛʹ
AG	glaux_pairs.json	nonlexical_numeral	χνʹ	χνʹ
AG	glaux_pairs.json	nonlexical_numeral	χξ	χξʹ
AG	glaux_pairs.json	nonlexical_numeral	χξʹ	χξʹ
AG	glaux_pairs.json	nonlexical_numeral	χξζ	χξζʹ
AG	glaux_pairs.json	nonlexical_numeral	χξθ	χξθʹ
AG	glaux_pairs.json	nonlexical_numeral	χοδ	χοδʹ
AG	glaux_pairs.json	nonlexical_numeral	χοθ	χοθʹ
AG	glaux_pairs.json	nonlexical_numeral	χοϛ	χοϛʹ
AG	glaux_pairs.json	nonlexical_numeral	χπϛ	χπϛʹ
AG	glaux_pairs.json	nonlexical_numeral	ψʹ	ψʹ
AG	glaux_pairs.json	nonlexical_numeral	ψιʹ	ψιʹ
AG	glaux_pairs.json	nonlexical_numeral	ψιζ	ψιζʹ
AG	glaux_pairs.json	nonlexical_numeral	ψκ	ψκʹ
AG	glaux_pairs.json	nonlexical_numeral	ψκʹ	ψκʹ
AG	glaux_pairs.json	nonlexical_numeral	ψκγ	ψκγʹ
AG	glaux_pairs.json	nonlexical_numeral	ψκθ	ψκθʹ
AG	glaux_pairs.json	nonlexical_numeral	ψκθʹ	ψκθʹ
AG	glaux_pairs.json	nonlexical_numeral	ψλθ	ψλθʹ
AG	glaux_pairs.json	nonlexical_numeral	ψμʹ	ψμʹ
AG	glaux_pairs.json	nonlexical_numeral	ψμαʹ	ψμαʹ
AG	glaux_pairs.json	nonlexical_numeral	ψμδ	ψμδʹ
AG	glaux_pairs.json	nonlexical_numeral	ψνʹ	ψνʹ
AG	glaux_pairs.json	nonlexical_numeral	ψνε	ψνεʹ
AG	glaux_pairs.json	nonlexical_numeral	ψξη	ψξηʹ
AG	glaux_pairs.json	nonlexical_numeral	ψξηʹ	ψξηʹ
AG	glaux_pairs.json	nonlexical_numeral	ψοζʹ	ψοζʹ
AG	glaux_pairs.json	nonlexical_numeral	ψπ	ψπʹ
AG	glaux_pairs.json	nonlexical_numeral	ψπʹ	ψπʹ
AG	glaux_pairs.json	nonlexical_numeral	ψπδ	ψπδʹ
AG	glaux_pairs.json	nonlexical_numeral	ωʹ	ωʹ
AG	glaux_pairs.json	nonlexical_numeral	ωʹʹ	ωʹʹ
AG	glaux_pairs.json	nonlexical_numeral	ωεʹ	ωεʹ
AG	glaux_pairs.json	nonlexical_numeral	ωιβ	ωιβʹ
AG	glaux_pairs.json	nonlexical_numeral	ωκ	ωκʹ
AG	glaux_pairs.json	nonlexical_numeral	ωκʹ	ωκʹ
AG	glaux_pairs.json	nonlexical_numeral	ωκε	ωκεʹ
AG	glaux_pairs.json	nonlexical_numeral	ωμ	ωμʹ
AG	glaux_pairs.json	nonlexical_numeral	ωνʹ	ωνʹ
AG	glaux_pairs.json	nonlexical_numeral	ωνθ	ωνθʹ
AG	glaux_pairs.json	nonlexical_numeral	ωξδ	ωξδʹ
AG	glaux_pairs.json	nonlexical_numeral	ωογ	ωογʹ
AG	glaux_pairs.json	nonlexical_numeral	ωοϛ	ωοϛʹ
AG	glaux_pairs.json	nonlexical_numeral	ωπ	ωπʹ
AG	glaux_pairs.json	nonlexical_numeral	Ϙʹ	ϙʹ
AG	glaux_pairs.json	nonlexical_numeral	ϙʹ	ϙʹ
AG	glaux_pairs.json	nonlexical_numeral	ϙϚ	ϙϚʹ
AG	glaux_pairs.json	nonlexical_numeral	Ϛʹ	ϛʹ
AG	glaux_pairs.json	nonlexical_numeral	ϛʹ	ϛʹ
AG	glaux_pairs.json	nonlexical_numeral	ϛ’	ϛʹ
AG	glaux_pairs.json	nonlexical_numeral	ϛʹʹ	ϛʹʹ
AG	glaux_pairs.json	nonlexical_numeral	ϝʹ	ϝʹ
AG	glaux_pairs.json	nonlexical_numeral	Ϟ	Ϟʹ
AG	glaux_pairs.json	nonlexical_numeral	Ϟʹ	Ϟʹ
AG	glaux_pairs.json	nonlexical_numeral	Ϟʹʹ	Ϟʹʹ
AG	glaux_pairs.json	nonlexical_numeral	Ϟεʹ	Ϟεʹ
AG	glaux_pairs.json	nonlexical_numeral	Ϟθ	Ϟθʹ
AG	glaux_pairs.json	nonlexical_numeral	ϟαʹ	ϟαʹ
AG	glaux_pairs.json	nonlexical_numeral	Ϟβ	ϟβʹ
AG	glaux_pairs.json	nonlexical_numeral	ϟβʹ	ϟβʹ
AG	glaux_pairs.json	nonlexical_numeral	ϟδʹ	ϟδʹ
AG	glaux_pairs.json	nonlexical_numeral	ϟηʹ	ϟηʹ
AG	glaux_pairs.json	nonlexical_numeral	ϟϚ	ϟϚʹ
AG	glaux_pairs.json	nonlexical_numeral	Ϟϛ	ϟϛʹ
AG	glaux_pairs.json	nonlexical_numeral	ϟϛ	ϟϛʹ
AG	glaux_pairs.json	nonlexical_numeral	ϟϛʹ	ϟϛʹ
AG	glaux_pairs.json	nonlexical_numeral	Ϡʹ	Ϡʹ
AG	glaux_pairs.json	nonlexical_numeral	Ϡμ	Ϡμʹ
AG	glaux_pairs.json	nonlexical_numeral	Ϡν	Ϡνʹ
AG	glaux_pairs.json	nonlexical_numeral	Ϡνη	Ϡνηʹ
AG	glaux_pairs.json	nonlexical_numeral	Ϡξʹ	Ϡξʹ
AG	glaux_pairs.json	nonlexical_numeral	Ϡοθ	Ϡοθʹ
AG	glaux_pairs.json	nonlexical_numeral	Ϡπ	Ϡπʹ
AG	glaux_pairs.json	nonlexical_numeral	Ϡπβ	Ϡπβʹ
EL	glaux_pairs.json	nonlexical_numeral	͵αʹ	͵αʹ
EL	glaux_pairs.json	nonlexical_numeral	͵ᾱ	͵αʹ
EL	glaux_pairs.json	nonlexical_numeral	͵ααʹʹ	͵ααʹʹ
EL	glaux_pairs.json	nonlexical_numeral	͵αιγʹ	͵αιγʹ
EL	glaux_pairs.json	nonlexical_numeral	͵αιη	͵αιηʹ
EL	glaux_pairs.json	nonlexical_numeral	͵ακδ	͵ακδʹ
EL	glaux_pairs.json	nonlexical_numeral	͵αμα	͵αμαʹ
EL	glaux_pairs.json	nonlexical_numeral	͵αρ	͵αρʹ
EL	glaux_pairs.json	nonlexical_numeral	͵αρʹ	͵αρʹ
EL	glaux_pairs.json	nonlexical_numeral	͵ᾱρ	͵αρʹ
EL	glaux_pairs.json	nonlexical_numeral	͵αρηʹ	͵αρηʹ
EL	glaux_pairs.json	nonlexical_numeral	͵αρκε	͵αρκεʹ
EL	glaux_pairs.json	nonlexical_numeral	͵αρλε	͵αρλεʹ
EL	glaux_pairs.json	nonlexical_numeral	͵αρμʹ	͵αρμʹ
EL	glaux_pairs.json	nonlexical_numeral	͵αρνʹ	͵αρνʹ
EL	glaux_pairs.json	nonlexical_numeral	͵αρνβ	͵αρνβʹ
EL	glaux_pairs.json	nonlexical_numeral	͵αρνε	͵αρνεʹ
EL	glaux_pairs.json	nonlexical_numeral	͵αροθʹ	͵αροθʹ
EL	glaux_pairs.json	nonlexical_numeral	͵αρπα	͵αρπαʹ
EL	glaux_pairs.json	nonlexical_numeral	͵ασκδ	͵ασκδʹ
EL	glaux_pairs.json	nonlexical_numeral	͵ασκε	͵ασκεʹ
EL	glaux_pairs.json	nonlexical_numeral	͵ασνʹ	͵ασνʹ
EL	glaux_pairs.json	nonlexical_numeral	͵ασϟϛ	͵ασϟϛʹ
EL	glaux_pairs.json	nonlexical_numeral	͵ατ	͵ατʹ
EL	glaux_pairs.json	nonlexical_numeral	͵ατʹ	͵ατʹ
EL	glaux_pairs.json	nonlexical_numeral	͵ατεʹ	͵ατεʹ
EL	glaux_pairs.json	nonlexical_numeral	͵ατιδ	͵ατιδʹ
EL	glaux_pairs.json	nonlexical_numeral	͵ατλεʹ	͵ατλεʹ
EL	glaux_pairs.json	nonlexical_numeral	͵ατμα	͵ατμαʹ
EL	glaux_pairs.json	nonlexical_numeral	͵ατνʹ	͵ατνʹ
EL	glaux_pairs.json	nonlexical_numeral	͵ατξʹ	͵ατξʹ
EL	glaux_pairs.json	nonlexical_numeral	͵ατπϛ	͵ατπϛʹ
EL	glaux_pairs.json	nonlexical_numeral	͵αυ	͵αυʹ
EL	glaux_pairs.json	nonlexical_numeral	͵αυʹ	͵αυʹ
EL	glaux_pairs.json	nonlexical_numeral	͵αυλε	͵αυλεʹ
EL	glaux_pairs.json	nonlexical_numeral	͵αυμα	͵αυμαʹ
EL	glaux_pairs.json	nonlexical_numeral	͵αυνʹ	͵αυνʹ
EL	glaux_pairs.json	nonlexical_numeral	͵αυξʹ	͵αυξʹ
EL	glaux_pairs.json	nonlexical_numeral	͵αυοϚʹ	͵αυοϚʹ
EL	glaux_pairs.json	nonlexical_numeral	͵αφ	͵αφʹ
EL	glaux_pairs.json	nonlexical_numeral	͵αφʹ	͵αφʹ
EL	glaux_pairs.json	nonlexical_numeral	͵αφιʹ	͵αφιʹ
EL	glaux_pairs.json	nonlexical_numeral	͵αφιβ	͵αφιβʹ
EL	glaux_pairs.json	nonlexical_numeral	͵αφκʹ	͵αφκʹ
EL	glaux_pairs.json	nonlexical_numeral	͵αφλϛ	͵αφλϛʹ
EL	glaux_pairs.json	nonlexical_numeral	͵αφνʹ	͵αφνʹ
EL	glaux_pairs.json	nonlexical_numeral	͵αφξʹ	͵αφξʹ
EL	glaux_pairs.json	nonlexical_numeral	͵αφξζ	͵αφξζʹ
EL	glaux_pairs.json	nonlexical_numeral	͵αφπδ	͵αφπδʹ
EL	glaux_pairs.json	nonlexical_numeral	͵αχʹ	͵αχʹ
EL	glaux_pairs.json	nonlexical_numeral	͵αχξγʹ	͵αχξγʹ
EL	glaux_pairs.json	nonlexical_numeral	͵αψκεʹ	͵αψκεʹ
EL	glaux_pairs.json	nonlexical_numeral	͵αψοϚ	͵αψοϚʹ
EL	glaux_pairs.json	nonlexical_numeral	͵αωʹ	͵αωʹ
EL	glaux_pairs.json	nonlexical_numeral	͵αωλγʹ	͵αωλγʹ
EL	glaux_pairs.json	nonlexical_numeral	͵αωμβʹ	͵αωμβʹ
EL	glaux_pairs.json	nonlexical_numeral	͵αϛʹ	͵αϛʹ
EL	glaux_pairs.json	nonlexical_numeral	͵αϡκαʹ	͵αϡκαʹ
EL	glaux_pairs.json	nonlexical_numeral	͵αϡκε	͵αϡκεʹ
EL	glaux_pairs.json	nonlexical_numeral	͵αϡμδʹ	͵αϡμδʹ
EL	glaux_pairs.json	nonlexical_numeral	͵αϡνʹ	͵αϡνʹ
EL	glaux_pairs.json	nonlexical_numeral	͵βʹ	͵βʹ
EL	glaux_pairs.json	nonlexical_numeral	͵ββʹʹ	͵ββʹʹ
EL	glaux_pairs.json	nonlexical_numeral	͵βεʹ	͵βεʹ
EL	glaux_pairs.json	nonlexical_numeral	͵βηʹ	͵βηʹ
EL	glaux_pairs.json	nonlexical_numeral	͵βκζʹ	͵βκζʹ
EL	glaux_pairs.json	nonlexical_numeral	͵βμη	͵βμηʹ
EL	glaux_pairs.json	nonlexical_numeral	͵βμηʹ	͵βμηʹ
EL	glaux_pairs.json	nonlexical_numeral	͵βνβ	͵βνβʹ
EL	glaux_pairs.json	nonlexical_numeral	͵βξεʹ	͵βξεʹ
EL	glaux_pairs.json	nonlexical_numeral	͵βριβ	͵βριβʹ
EL	glaux_pairs.json	nonlexical_numeral	͵βρμδ	͵βρμδʹ
EL	glaux_pairs.json	nonlexical_numeral	͵βρξʹ	͵βρξʹ
EL	glaux_pairs.json	nonlexical_numeral	͵βσθ	͵βσθʹ
EL	glaux_pairs.json	nonlexical_numeral	͵βσιζʹ	͵βσιζʹ
EL	glaux_pairs.json	nonlexical_numeral	͵βσξθʹ	͵βσξθʹ
EL	glaux_pairs.json	nonlexical_numeral	͵βσπη	͵βσπηʹ
EL	glaux_pairs.json	nonlexical_numeral	͵βτʹ	͵βτʹ
EL	glaux_pairs.json	nonlexical_numeral	͵βτδʹ	͵βτδʹ
EL	glaux_pairs.json	nonlexical_numeral	͵βτιδ	͵βτιδʹ
EL	glaux_pairs.json	nonlexical_numeral	͵βτοʹ	͵βτοʹ
EL	glaux_pairs.json	nonlexical_numeral	͵βτϞβ	͵βτϞβʹ
EL	glaux_pairs.json	nonlexical_numeral	͵βτϟʹ	͵βτϟʹ
EL	glaux_pairs.json	nonlexical_numeral	͵βυμη	͵βυμηʹ
EL	glaux_pairs.json	nonlexical_numeral	͵βφʹ	͵βφʹ
EL	glaux_pairs.json	nonlexical_numeral	͵βχκγ	͵βχκγʹ
EL	glaux_pairs.json	nonlexical_numeral	͵βχμβ	͵βχμβʹ
EL	glaux_pairs.json	nonlexical_numeral	͵βχν	͵βχνʹ
EL	glaux_pairs.json	nonlexical_numeral	͵βψʹ	͵βψʹ
EL	glaux_pairs.json	nonlexical_numeral	͵βψιαʹ	͵βψιαʹ
EL	glaux_pairs.json	nonlexical_numeral	͵βψμδ	͵βψμδʹ
EL	glaux_pairs.json	nonlexical_numeral	͵βωʹ	͵βωʹ
EL	glaux_pairs.json	nonlexical_numeral	͵βωιϛ	͵βωιϛʹ
EL	glaux_pairs.json	nonlexical_numeral	͵βωπʹ	͵βωπʹ
EL	glaux_pairs.json	nonlexical_numeral	͵βϠιϛ	͵βϠιϛʹ
EL	glaux_pairs.json	nonlexical_numeral	͵γʹ	͵γʹ
EL	glaux_pairs.json	nonlexical_numeral	͵γγʹʹ	͵γγʹʹ
EL	glaux_pairs.json	nonlexical_numeral	͵γκʹ	͵γκʹ
EL	glaux_pairs.json	nonlexical_numeral	͵γμʹ	͵γμʹ
EL	glaux_pairs.json	nonlexical_numeral	͵γνδ	͵γνδʹ
EL	glaux_pairs.json	nonlexical_numeral	͵γπγʹ	͵γπγʹ
EL	glaux_pairs.json	nonlexical_numeral	͵γρκδʹ	͵γρκδʹ
EL	glaux_pairs.json	nonlexical_numeral	͵γρμα	͵γρμαʹ
EL	glaux_pairs.json	nonlexical_numeral	͵γσμαʹ	͵γσμαʹ
EL	glaux_pairs.json	nonlexical_numeral	͵γσμη	͵γσμηʹ
EL	glaux_pairs.json	nonlexical_numeral	͵γσξδ	͵γσξδʹ
EL	glaux_pairs.json	nonlexical_numeral	͵γτʹ	͵γτʹ
EL	glaux_pairs.json	nonlexical_numeral	͵γτκϛʹ	͵γτκϛʹ
EL	glaux_pairs.json	nonlexical_numeral	͵γυκʹ	͵γυκʹ
EL	glaux_pairs.json	nonlexical_numeral	͵γφνʹ	͵γφνʹ
EL	glaux_pairs.json	nonlexical_numeral	͵γφξδ	͵γφξδʹ
EL	glaux_pairs.json	nonlexical_numeral	͵γχ	͵γχʹ
EL	glaux_pairs.json	nonlexical_numeral	͵γχʹ	͵γχʹ
EL	glaux_pairs.json	nonlexical_numeral	͵γψʹ	͵γψʹ
EL	glaux_pairs.json	nonlexical_numeral	͵γψμζʹ	͵γψμζʹ
EL	glaux_pairs.json	nonlexical_numeral	͵γψογ	͵γψογʹ
EL	glaux_pairs.json	nonlexical_numeral	͵γωʹ	͵γωʹ
EL	glaux_pairs.json	nonlexical_numeral	͵γϠκ	͵γϠκʹ
EL	glaux_pairs.json	nonlexical_numeral	͵γϠξη	͵γϠξηʹ
EL	glaux_pairs.json	nonlexical_numeral	͵δʹ	͵δʹ
EL	glaux_pairs.json	nonlexical_numeral	͵δδʹʹ	͵δδʹʹ
EL	glaux_pairs.json	nonlexical_numeral	͵δλζʹ	͵δλζʹ
EL	glaux_pairs.json	nonlexical_numeral	͵δν	͵δνʹ
EL	glaux_pairs.json	nonlexical_numeral	͵δνʹ	͵δνʹ
EL	glaux_pairs.json	nonlexical_numeral	͵δνδʹ	͵δνδʹ
EL	glaux_pairs.json	nonlexical_numeral	͵δρʹ	͵δρʹ
EL	glaux_pairs.json	nonlexical_numeral	͵δρλʹ	͵δρλʹ
EL	glaux_pairs.json	nonlexical_numeral	͵δρνβʹ	͵δρνβʹ
EL	glaux_pairs.json	nonlexical_numeral	͵δρξζ	͵δρξζʹ
EL	glaux_pairs.json	nonlexical_numeral	͵δρϚ	͵δρϚʹ
EL	glaux_pairs.json	nonlexical_numeral	͵δσν	͵δσνʹ
EL	glaux_pairs.json	nonlexical_numeral	͵δσοʹ	͵δσοʹ
EL	glaux_pairs.json	nonlexical_numeral	͵δτλαʹ	͵δτλαʹ
EL	glaux_pairs.json	nonlexical_numeral	͵δυ	͵δυʹ
EL	glaux_pairs.json	nonlexical_numeral	͵δυλεʹ	͵δυλεʹ
EL	glaux_pairs.json	nonlexical_numeral	͵δυνδʹ	͵δυνδʹ
EL	glaux_pairs.json	nonlexical_numeral	͵δφʹ	͵δφʹ
EL	glaux_pairs.json	nonlexical_numeral	͵δχʹ	͵δχʹ
EL	glaux_pairs.json	nonlexical_numeral	͵δχοʹ	͵δχοʹ
EL	glaux_pairs.json	nonlexical_numeral	͵δψʹ	͵δψʹ
EL	glaux_pairs.json	nonlexical_numeral	͵δψλαʹ	͵δψλαʹ
EL	glaux_pairs.json	nonlexical_numeral	͵δψμʹ	͵δψμʹ
EL	glaux_pairs.json	nonlexical_numeral	͵δψπʹ	͵δψπʹ
EL	glaux_pairs.json	nonlexical_numeral	͵δωξδ	͵δωξδʹ
EL	glaux_pairs.json	nonlexical_numeral	͵δϚ	͵δϚʹ
EL	glaux_pairs.json	nonlexical_numeral	͵δϛʹ	͵δϛʹ
EL	glaux_pairs.json	nonlexical_numeral	͵δϟϛ	͵δϟϛʹ
EL	glaux_pairs.json	nonlexical_numeral	͵δϠιβ	͵δϠιβʹ
EL	glaux_pairs.json	nonlexical_numeral	͵δϡξθʹ	͵δϡξθʹ
EL	glaux_pairs.json	nonlexical_numeral	͵δϡπθʹ	͵δϡπθʹ
EL	glaux_pairs.json	nonlexical_numeral	͵εεʹʹ	͵εεʹʹ
EL	glaux_pairs.json	nonlexical_numeral	͵εκζʹ	͵εκζʹ
EL	glaux_pairs.json	nonlexical_numeral	͵εκϛʹ	͵εκϛʹ
EL	glaux_pairs.json	nonlexical_numeral	͵εμ	͵εμʹ
EL	glaux_pairs.json	nonlexical_numeral	͵εξεʹ	͵εξεʹ
EL	glaux_pairs.json	nonlexical_numeral	͵επαʹ	͵επαʹ
EL	glaux_pairs.json	nonlexical_numeral	͵ερμη	͵ερμηʹ
EL	glaux_pairs.json	nonlexical_numeral	͵ερμθʹ	͵ερμθʹ
EL	glaux_pairs.json	nonlexical_numeral	͵ερξʹ	͵ερξʹ
EL	glaux_pairs.json	nonlexical_numeral	͵ερπδ	͵ερπδʹ
EL	glaux_pairs.json	nonlexical_numeral	͵εσξηʹ	͵εσξηʹ
EL	glaux_pairs.json	nonlexical_numeral	͵ετʹ	͵ετʹ
EL	glaux_pairs.json	nonlexical_numeral	͵ευνϛ	͵ευνϛʹ
EL	glaux_pairs.json	nonlexical_numeral	͵ευξγ	͵ευξγʹ
EL	glaux_pairs.json	nonlexical_numeral	͵εφμδʹ	͵εφμδʹ
EL	glaux_pairs.json	nonlexical_numeral	͵εχκζʹ	͵εχκζʹ
EL	glaux_pairs.json	nonlexical_numeral	͵εχλβ	͵εχλβʹ
EL	glaux_pairs.json	nonlexical_numeral	͵εψοε	͵εψοεʹ
EL	glaux_pairs.json	nonlexical_numeral	͵εψπδʹ	͵εψπδʹ
EL	glaux_pairs.json	nonlexical_numeral	͵εωλβ	͵εωλβʹ
EL	glaux_pairs.json	nonlexical_numeral	͵ζζʹʹ	͵ζζʹʹ
EL	glaux_pairs.json	nonlexical_numeral	͵ζρξεʹ	͵ζρξεʹ
EL	glaux_pairs.json	nonlexical_numeral	͵ζροʹ	͵ζροʹ
EL	glaux_pairs.json	nonlexical_numeral	͵ζχ	͵ζχʹ
EL	glaux_pairs.json	nonlexical_numeral	͵ζχπ	͵ζχπʹ
EL	glaux_pairs.json	nonlexical_numeral	͵ζωκαʹ	͵ζωκαʹ
EL	glaux_pairs.json	nonlexical_numeral	͵ζϠκα	͵ζϠκαʹ
EL	glaux_pairs.json	nonlexical_numeral	͵ηηʹʹ	͵ηηʹʹ
EL	glaux_pairs.json	nonlexical_numeral	͵ην	͵ηνʹ
EL	glaux_pairs.json	nonlexical_numeral	͵ηνϛʹ	͵ηνϛʹ
EL	glaux_pairs.json	nonlexical_numeral	͵ηρκη	͵ηρκηʹ
EL	glaux_pairs.json	nonlexical_numeral	͵ησνθʹ	͵ησνθʹ
EL	glaux_pairs.json	nonlexical_numeral	͵ησξʹ	͵ησξʹ
EL	glaux_pairs.json	nonlexical_numeral	͵ηυ	͵ηυʹ
EL	glaux_pairs.json	nonlexical_numeral	͵ηυοʹ	͵ηυοʹ
EL	glaux_pairs.json	nonlexical_numeral	͵ηφμεʹ	͵ηφμεʹ
EL	glaux_pairs.json	nonlexical_numeral	͵ηφξηʹ	͵ηφξηʹ
EL	glaux_pairs.json	nonlexical_numeral	͵ηφπαʹ	͵ηφπαʹ
EL	glaux_pairs.json	nonlexical_numeral	͵ηχκδ	͵ηχκδʹ
EL	glaux_pairs.json	nonlexical_numeral	͵θοβʹ	͵θοβʹ
EL	glaux_pairs.json	nonlexical_numeral	͵θσνβʹ	͵θσνβʹ
EL	glaux_pairs.json	nonlexical_numeral	͵θυιʹ	͵θυιʹ
EL	glaux_pairs.json	nonlexical_numeral	͵θφ	͵θφʹ
EL	glaux_pairs.json	nonlexical_numeral	͵θψθʹ	͵θψθʹ
EL	glaux_pairs.json	nonlexical_numeral	͵θϠδ	͵θϠδʹ
EL	glaux_pairs.json	nonlexical_numeral	͵θϡληʹ	͵θϡληʹ
EL	glaux_pairs.json	nonlexical_numeral	͵ϛτλϛ	͵ϛτλϛʹ
EL	glaux_pairs.json	nonlexical_numeral	͵ϛυοζʹ	͵ϛυοζʹ
EL	glaux_pairs.json	nonlexical_numeral	͵ϛφκʹ	͵ϛφκʹ
EL	glaux_pairs.json	nonlexical_numeral	͵ϛψν	͵ϛψνʹ
EL	glaux_pairs.json	nonlexical_numeral	͵ϛωκʹ	͵ϛωκʹ
EL	glaux_pairs.json	nonlexical_numeral	͵ϛωνθ	͵ϛωνθʹ
EL	glaux_pairs.json	nonlexical_numeral	͵ϛϛʹʹ	͵ϛϛʹʹ
EL	glaux_pairs.json	nonlexical_numeral	͵ϛϠκη	͵ϛϠκηʹ
EL	glaux_pairs.json	nonlexical_numeral	Αʹ	Αʹ
EL	glaux_pairs.json	nonlexical_numeral	Βʹ	Βʹ
EL	glaux_pairs.json	nonlexical_numeral	Γʹ	Γʹ
EL	glaux_pairs.json	nonlexical_numeral	Θʹ	Θʹ
EL	glaux_pairs.json	nonlexical_numeral	Ιʹ	Ιʹ
EL	glaux_pairs.json	nonlexical_numeral	Λʹ	Λʹ
EL	glaux_pairs.json	nonlexical_numeral	Μʹ	Μʹ
EL	glaux_pairs.json	nonlexical_numeral	Οʹ	Οʹ
EL	glaux_pairs.json	nonlexical_numeral	Ρϛ	Ρϛʹ
EL	glaux_pairs.json	nonlexical_numeral	ΧΑʹ	ΧΑʹ
EL	glaux_pairs.json	nonlexical_numeral	ΩΑʹ	ΩΑʹ
EL	glaux_pairs.json	nonlexical_numeral	γʹʹ	γʹʹ
EL	glaux_pairs.json	nonlexical_numeral	δʹʹ	δʹʹ
EL	glaux_pairs.json	nonlexical_numeral	Εʹ	εʹ
EL	glaux_pairs.json	nonlexical_numeral	ε’	εʹ
EL	glaux_pairs.json	nonlexical_numeral	εʹʹ	εʹʹ
EL	glaux_pairs.json	nonlexical_numeral	ζʹʹ	ζʹʹ
EL	glaux_pairs.json	nonlexical_numeral	ηʹ	ηʹ
EL	glaux_pairs.json	nonlexical_numeral	η’	ηʹ
EL	glaux_pairs.json	nonlexical_numeral	ηʹʹ	ηʹʹ
EL	glaux_pairs.json	nonlexical_numeral	θʹʹ	θʹʹ
EL	glaux_pairs.json	nonlexical_numeral	ιαʹ	ιαʹ
EL	glaux_pairs.json	nonlexical_numeral	ῑᾱ	ιαʹ
EL	glaux_pairs.json	nonlexical_numeral	ιβʹ	ιβʹ
EL	glaux_pairs.json	nonlexical_numeral	ιβ’	ιβʹ
EL	glaux_pairs.json	nonlexical_numeral	ῑβ	ιβʹ
EL	glaux_pairs.json	nonlexical_numeral	ιγ	ιγʹ
EL	glaux_pairs.json	nonlexical_numeral	ιγʹ	ιγʹ
EL	glaux_pairs.json	nonlexical_numeral	ιγ’	ιγʹ
EL	glaux_pairs.json	nonlexical_numeral	ῑγ	ιγʹ
EL	glaux_pairs.json	nonlexical_numeral	ιδ	ιδʹ
EL	glaux_pairs.json	nonlexical_numeral	ιδʹ	ιδʹ
EL	glaux_pairs.json	nonlexical_numeral	ιδ’	ιδʹ
EL	glaux_pairs.json	nonlexical_numeral	ῑδ	ιδʹ
EL	glaux_pairs.json	nonlexical_numeral	Ιεʹ	ιεʹ
EL	glaux_pairs.json	nonlexical_numeral	ιεʹ	ιεʹ
EL	glaux_pairs.json	nonlexical_numeral	ῑε	ιεʹ
EL	glaux_pairs.json	nonlexical_numeral	ιεʹʹ	ιεʹʹ
EL	glaux_pairs.json	nonlexical_numeral	ιζ	ιζʹ
EL	glaux_pairs.json	nonlexical_numeral	ιζʹ	ιζʹ
EL	glaux_pairs.json	nonlexical_numeral	ῑζ	ιζʹ
EL	glaux_pairs.json	nonlexical_numeral	ιηʹ	ιηʹ
EL	glaux_pairs.json	nonlexical_numeral	ιη’	ιηʹ
EL	glaux_pairs.json	nonlexical_numeral	ῑη	ιηʹ
EL	glaux_pairs.json	nonlexical_numeral	ιθ	ιθʹ
EL	glaux_pairs.json	nonlexical_numeral	ιθʹ	ιθʹ
EL	glaux_pairs.json	nonlexical_numeral	ῑθ	ιθʹ
EL	glaux_pairs.json	nonlexical_numeral	ιϚ	ιϚʹ
EL	glaux_pairs.json	nonlexical_numeral	ιϚʹ	ιϚʹ
EL	glaux_pairs.json	nonlexical_numeral	ιϛ	ιϛʹ
EL	glaux_pairs.json	nonlexical_numeral	ιϛʹ	ιϛʹ
EL	glaux_pairs.json	nonlexical_numeral	ῑϛ	ιϛʹ
EL	glaux_pairs.json	nonlexical_numeral	ιϛʹʹ	ιϛʹʹ
EL	glaux_pairs.json	nonlexical_numeral	κʹʹ	κʹʹ
EL	glaux_pairs.json	nonlexical_numeral	καʹ	καʹ
EL	glaux_pairs.json	nonlexical_numeral	κᾱ	καʹ
EL	glaux_pairs.json	nonlexical_numeral	καʹʹ	καʹʹ
EL	glaux_pairs.json	nonlexical_numeral	κβ	κβʹ
EL	glaux_pairs.json	nonlexical_numeral	κβʹ	κβʹ
EL	glaux_pairs.json	nonlexical_numeral	κγ	κγʹ
EL	glaux_pairs.json	nonlexical_numeral	κγʹ	κγʹ
EL	glaux_pairs.json	nonlexical_numeral	κγ’	κγʹ
EL	glaux_pairs.json	nonlexical_numeral	κθ	κθʹ
EL	glaux_pairs.json	nonlexical_numeral	κθʹ	κθʹ
EL	glaux_pairs.json	nonlexical_numeral	κϚ	κϚʹ
EL	glaux_pairs.json	nonlexical_numeral	κϚʹ	κϚʹ
EL	glaux_pairs.json	nonlexical_numeral	κϛ	κϛʹ
EL	glaux_pairs.json	nonlexical_numeral	κϛʹ	κϛʹ
EL	glaux_pairs.json	nonlexical_numeral	λαʹ	λαʹ
EL	glaux_pairs.json	nonlexical_numeral	λᾱ	λαʹ
EL	glaux_pairs.json	nonlexical_numeral	λβ	λβʹ
EL	glaux_pairs.json	nonlexical_numeral	λβʹ	λβʹ
EL	glaux_pairs.json	nonlexical_numeral	λγ	λγʹ
EL	glaux_pairs.json	nonlexical_numeral	λγʹ	λγʹ
EL	glaux_pairs.json	nonlexical_numeral	λδʹ	λδʹ
EL	glaux_pairs.json	nonlexical_numeral	λεʹ	λεʹ
EL	glaux_pairs.json	nonlexical_numeral	λε’	λεʹ
EL	glaux_pairs.json	nonlexical_numeral	λζ	λζʹ
EL	glaux_pairs.json	nonlexical_numeral	λζʹ	λζʹ
EL	glaux_pairs.json	nonlexical_numeral	λζ’	λζʹ
EL	glaux_pairs.json	nonlexical_numeral	ληʹ	ληʹ
EL	glaux_pairs.json	nonlexical_numeral	λθ	λθʹ
EL	glaux_pairs.json	nonlexical_numeral	λθʹ	λθʹ
EL	glaux_pairs.json	nonlexical_numeral	λϚ	λϚʹ
EL	glaux_pairs.json	nonlexical_numeral	λϚʹ	λϚʹ
EL	glaux_pairs.json	nonlexical_numeral	μαʹ	μαʹ
EL	glaux_pairs.json	nonlexical_numeral	μβʹ	μβʹ
EL	glaux_pairs.json	nonlexical_numeral	μγ	μγʹ
EL	glaux_pairs.json	nonlexical_numeral	μγʹ	μγʹ
EL	glaux_pairs.json	nonlexical_numeral	Μδ	μδʹ
EL	glaux_pairs.json	nonlexical_numeral	μδ	μδʹ
EL	glaux_pairs.json	nonlexical_numeral	μδʹ	μδʹ
EL	glaux_pairs.json	nonlexical_numeral	μεʹ	μεʹ
EL	glaux_pairs.json	nonlexical_numeral	μζ	μζʹ
EL	glaux_pairs.json	nonlexical_numeral	μζʹ	μζʹ
EL	glaux_pairs.json	nonlexical_numeral	μηʹ	μηʹ
EL	glaux_pairs.json	nonlexical_numeral	μθ	μθʹ
EL	glaux_pairs.json	nonlexical_numeral	μθʹ	μθʹ
EL	glaux_pairs.json	nonlexical_numeral	Μϛ	μϛʹ
EL	glaux_pairs.json	nonlexical_numeral	μϛ	μϛʹ
EL	glaux_pairs.json	nonlexical_numeral	μϛʹ	μϛʹ
EL	glaux_pairs.json	nonlexical_numeral	ναʹ	ναʹ
EL	glaux_pairs.json	nonlexical_numeral	νβ	νβʹ
EL	glaux_pairs.json	nonlexical_numeral	νβʹ	νβʹ
EL	glaux_pairs.json	nonlexical_numeral	νγ	νγʹ
EL	glaux_pairs.json	nonlexical_numeral	νγʹ	νγʹ
EL	glaux_pairs.json	nonlexical_numeral	νδʹ	νδʹ
EL	glaux_pairs.json	nonlexical_numeral	νεʹ	νεʹ
EL	glaux_pairs.json	nonlexical_numeral	νζ	νζʹ
EL	glaux_pairs.json	nonlexical_numeral	νζʹ	νζʹ
EL	glaux_pairs.json	nonlexical_numeral	νηʹ	νηʹ
EL	glaux_pairs.json	nonlexical_numeral	νθ	νθʹ
EL	glaux_pairs.json	nonlexical_numeral	νθʹ	νθʹ
EL	glaux_pairs.json	nonlexical_numeral	νϚ	νϚʹ
EL	glaux_pairs.json	nonlexical_numeral	νϚʹ	νϚʹ
EL	glaux_pairs.json	nonlexical_numeral	νϛ	νϛʹ
EL	glaux_pairs.json	nonlexical_numeral	νϛʹ	νϛʹ
EL	glaux_pairs.json	nonlexical_numeral	ξʹ	ξʹ
EL	glaux_pairs.json	nonlexical_numeral	ξ’	ξʹ
EL	glaux_pairs.json	nonlexical_numeral	ξᾱ	ξαʹ
EL	glaux_pairs.json	nonlexical_numeral	ξβ	ξβʹ
EL	glaux_pairs.json	nonlexical_numeral	ξβʹ	ξβʹ
EL	glaux_pairs.json	nonlexical_numeral	ξγ	ξγʹ
EL	glaux_pairs.json	nonlexical_numeral	ξγʹ	ξγʹ
EL	glaux_pairs.json	nonlexical_numeral	ξδ	ξδʹ
EL	glaux_pairs.json	nonlexical_numeral	ξδʹ	ξδʹ
EL	glaux_pairs.json	nonlexical_numeral	ξεʹ	ξεʹ
EL	glaux_pairs.json	nonlexical_numeral	ξηʹ	ξηʹ
EL	glaux_pairs.json	nonlexical_numeral	ξϚʹ	ξϚʹ
EL	glaux_pairs.json	nonlexical_numeral	ξϛ	ξϛʹ
EL	glaux_pairs.json	nonlexical_numeral	ξϛʹ	ξϛʹ
EL	glaux_pairs.json	nonlexical_numeral	οαʹ	οαʹ
EL	glaux_pairs.json	nonlexical_numeral	οᾱ	οαʹ
EL	glaux_pairs.json	nonlexical_numeral	οβ	οβʹ
EL	glaux_pairs.json	nonlexical_numeral	οβʹ	οβʹ
EL	glaux_pairs.json	nonlexical_numeral	ογ	ογʹ
EL	glaux_pairs.json	nonlexical_numeral	οδʹ	οδʹ
EL	glaux_pairs.json	nonlexical_numeral	οεʹ	οεʹ
EL	glaux_pairs.json	nonlexical_numeral	οζʹ	οζʹ
EL	glaux_pairs.json	nonlexical_numeral	οηʹ	οηʹ
EL	glaux_pairs.json	nonlexical_numeral	οϚʹ	οϚʹ
EL	glaux_pairs.json	nonlexical_numeral	παʹ	παʹ
EL	glaux_pairs.json	nonlexical_numeral	πᾱ	παʹ
EL	glaux_pairs.json	nonlexical_numeral	πβʹ	πβʹ
EL	glaux_pairs.json	nonlexical_numeral	πγ	πγʹ
EL	glaux_pairs.json	nonlexical_numeral	πδʹ	πδʹ
EL	glaux_pairs.json	nonlexical_numeral	πδʹʹ	πδʹʹ
EL	glaux_pairs.json	nonlexical_numeral	πεʹ	πεʹ
EL	glaux_pairs.json	nonlexical_numeral	πζ	πζʹ
EL	glaux_pairs.json	nonlexical_numeral	πζʹ	πζʹ
EL	glaux_pairs.json	nonlexical_numeral	πηʹ	πηʹ
EL	glaux_pairs.json	nonlexical_numeral	πϛ	πϛʹ
EL	glaux_pairs.json	nonlexical_numeral	πϛʹ	πϛʹ
EL	glaux_pairs.json	nonlexical_numeral	ρβ	ρβʹ
EL	glaux_pairs.json	nonlexical_numeral	ρβʹ	ρβʹ
EL	glaux_pairs.json	nonlexical_numeral	ρδ	ρδʹ
EL	glaux_pairs.json	nonlexical_numeral	ρδʹ	ρδʹ
EL	glaux_pairs.json	nonlexical_numeral	ρζ	ρζʹ
EL	glaux_pairs.json	nonlexical_numeral	ρζʹ	ρζʹ
EL	glaux_pairs.json	nonlexical_numeral	ρηʹ	ρηʹ
EL	glaux_pairs.json	nonlexical_numeral	ριʹ	ριʹ
EL	glaux_pairs.json	nonlexical_numeral	ρῑ	ριʹ
EL	glaux_pairs.json	nonlexical_numeral	ριαʹ	ριαʹ
EL	glaux_pairs.json	nonlexical_numeral	ριβʹ	ριβʹ
EL	glaux_pairs.json	nonlexical_numeral	ριβʹʹ	ριβʹʹ
EL	glaux_pairs.json	nonlexical_numeral	ριγ	ριγʹ
EL	glaux_pairs.json	nonlexical_numeral	ρῑγ	ριγʹ
EL	glaux_pairs.json	nonlexical_numeral	ριζ	ριζʹ
EL	glaux_pairs.json	nonlexical_numeral	ριθʹ	ριθʹ
EL	glaux_pairs.json	nonlexical_numeral	ρκ	ρκʹ
EL	glaux_pairs.json	nonlexical_numeral	ρκʹ	ρκʹ
EL	glaux_pairs.json	nonlexical_numeral	ρκ’	ρκʹ
EL	glaux_pairs.json	nonlexical_numeral	ρκα	ρκαʹ
EL	glaux_pairs.json	nonlexical_numeral	ρκβʹ	ρκβʹ
EL	glaux_pairs.json	nonlexical_numeral	ρκγ	ρκγʹ
EL	glaux_pairs.json	nonlexical_numeral	ρκδ	ρκδʹ
EL	glaux_pairs.json	nonlexical_numeral	ρκε	ρκεʹ
EL	glaux_pairs.json	nonlexical_numeral	ρκεʹ	ρκεʹ
EL	glaux_pairs.json	nonlexical_numeral	ρκζ	ρκζʹ
EL	glaux_pairs.json	nonlexical_numeral	ρκζʹ	ρκζʹ
EL	glaux_pairs.json	nonlexical_numeral	ρκη	ρκηʹ
EL	glaux_pairs.json	nonlexical_numeral	ρκηʹ	ρκηʹ
EL	glaux_pairs.json	nonlexical_numeral	ρκθ	ρκθʹ
EL	glaux_pairs.json	nonlexical_numeral	ρκϚ	ρκϚʹ
EL	glaux_pairs.json	nonlexical_numeral	ρλ	ρλʹ
EL	glaux_pairs.json	nonlexical_numeral	ρλʹ	ρλʹ
EL	glaux_pairs.json	nonlexical_numeral	ρλα	ρλαʹ
EL	glaux_pairs.json	nonlexical_numeral	ρλβ	ρλβʹ
EL	glaux_pairs.json	nonlexical_numeral	ρλβʹ	ρλβʹ
EL	glaux_pairs.json	nonlexical_numeral	ρλβ’	ρλβʹ
EL	glaux_pairs.json	nonlexical_numeral	ρλγ	ρλγʹ
EL	glaux_pairs.json	nonlexical_numeral	ρλγʹ	ρλγʹ
EL	glaux_pairs.json	nonlexical_numeral	ρλδʹ	ρλδʹ
EL	glaux_pairs.json	nonlexical_numeral	ρλε	ρλεʹ
EL	glaux_pairs.json	nonlexical_numeral	ρλεʹ	ρλεʹ
EL	glaux_pairs.json	nonlexical_numeral	ρλη	ρληʹ
EL	glaux_pairs.json	nonlexical_numeral	ρλθ	ρλθʹ
EL	glaux_pairs.json	nonlexical_numeral	ρμ	ρμʹ
EL	glaux_pairs.json	nonlexical_numeral	ρμʹ	ρμʹ
EL	glaux_pairs.json	nonlexical_numeral	ρμα	ρμαʹ
EL	glaux_pairs.json	nonlexical_numeral	ρμβ	ρμβʹ
EL	glaux_pairs.json	nonlexical_numeral	ρμβʹ	ρμβʹ
EL	glaux_pairs.json	nonlexical_numeral	ρμγ	ρμγʹ
EL	glaux_pairs.json	nonlexical_numeral	ρμγʹ	ρμγʹ
EL	glaux_pairs.json	nonlexical_numeral	ρμδ	ρμδʹ
EL	glaux_pairs.json	nonlexical_numeral	ρμδʹ	ρμδʹ
EL	glaux_pairs.json	nonlexical_numeral	ρμζ	ρμζʹ
EL	glaux_pairs.json	nonlexical_numeral	ρμη	ρμηʹ
EL	glaux_pairs.json	nonlexical_numeral	ρμθ	ρμθʹ
EL	glaux_pairs.json	nonlexical_numeral	ρμϛ	ρμϛʹ
EL	glaux_pairs.json	nonlexical_numeral	ρνʹ	ρνʹ
EL	glaux_pairs.json	nonlexical_numeral	ρνβ	ρνβʹ
EL	glaux_pairs.json	nonlexical_numeral	ρνε	ρνεʹ
EL	glaux_pairs.json	nonlexical_numeral	ρνεʹ	ρνεʹ
EL	glaux_pairs.json	nonlexical_numeral	ρνζ	ρνζʹ
EL	glaux_pairs.json	nonlexical_numeral	ρνζʹ	ρνζʹ
EL	glaux_pairs.json	nonlexical_numeral	ρνϚ	ρνϚʹ
EL	glaux_pairs.json	nonlexical_numeral	ρξ	ρξʹ
EL	glaux_pairs.json	nonlexical_numeral	ρξʹ	ρξʹ
EL	glaux_pairs.json	nonlexical_numeral	ρξα	ρξαʹ
EL	glaux_pairs.json	nonlexical_numeral	ρξβʹ	ρξβʹ
EL	glaux_pairs.json	nonlexical_numeral	ρξγ	ρξγʹ
EL	glaux_pairs.json	nonlexical_numeral	ρξδ	ρξδʹ
EL	glaux_pairs.json	nonlexical_numeral	ρξε	ρξεʹ
EL	glaux_pairs.json	nonlexical_numeral	ρξεʹ	ρξεʹ
EL	glaux_pairs.json	nonlexical_numeral	ρξζʹ	ρξζʹ
EL	glaux_pairs.json	nonlexical_numeral	ρξηʹ	ρξηʹ
EL	glaux_pairs.json	nonlexical_numeral	ρξθ	ρξθʹ
EL	glaux_pairs.json	nonlexical_numeral	ρξθʹ	ρξθʹ
EL	glaux_pairs.json	nonlexical_numeral	ρξϛ	ρξϛʹ
EL	glaux_pairs.json	nonlexical_numeral	ροʹ	ροʹ
EL	glaux_pairs.json	nonlexical_numeral	ροζʹ	ροζʹ
EL	glaux_pairs.json	nonlexical_numeral	ροηʹ	ροηʹ
EL	glaux_pairs.json	nonlexical_numeral	ρπ	ρπʹ
EL	glaux_pairs.json	nonlexical_numeral	ρπʹ	ρπʹ
EL	glaux_pairs.json	nonlexical_numeral	ρπβ	ρπβʹ
EL	glaux_pairs.json	nonlexical_numeral	ρπβʹ	ρπβʹ
EL	glaux_pairs.json	nonlexical_numeral	ρπδ	ρπδʹ
EL	glaux_pairs.json	nonlexical_numeral	ρπεʹ	ρπεʹ
EL	glaux_pairs.json	nonlexical_numeral	ρπζ	ρπζʹ
EL	glaux_pairs.json	nonlexical_numeral	ρπζʹ	ρπζʹ
EL	glaux_pairs.json	nonlexical_numeral	ρπη	ρπηʹ
EL	glaux_pairs.json	nonlexical_numeral	ρπηʹ	ρπηʹ
EL	glaux_pairs.json	nonlexical_numeral	ρπθ	ρπθʹ
EL	glaux_pairs.json	nonlexical_numeral	ρϙʹ	ρϙʹ
EL	glaux_pairs.json	nonlexical_numeral	ρϚ	ρϚʹ
EL	glaux_pairs.json	nonlexical_numeral	ρϞʹ	ρϞʹ
EL	glaux_pairs.json	nonlexical_numeral	ρϞβ	ρϞβʹ
EL	glaux_pairs.json	nonlexical_numeral	ρϞϚ	ρϞϚʹ
EL	glaux_pairs.json	nonlexical_numeral	ρϟβʹ	ρϟβʹ
EL	glaux_pairs.json	nonlexical_numeral	ρϟδʹ	ρϟδʹ
EL	glaux_pairs.json	nonlexical_numeral	ρϟεʹ	ρϟεʹ
EL	glaux_pairs.json	nonlexical_numeral	σαʹ	σαʹ
EL	glaux_pairs.json	nonlexical_numeral	σβʹ	σβʹ
EL	glaux_pairs.json	nonlexical_numeral	Σδ	σδʹ
EL	glaux_pairs.json	nonlexical_numeral	σδʹ	σδʹ
EL	glaux_pairs.json	nonlexical_numeral	σεʹ	σεʹ
EL	glaux_pairs.json	nonlexical_numeral	σηʹ	σηʹ
EL	glaux_pairs.json	nonlexical_numeral	σθ	σθʹ
EL	glaux_pairs.json	nonlexical_numeral	σιʹ	σιʹ
EL	glaux_pairs.json	nonlexical_numeral	σῑ	σιʹ
EL	glaux_pairs.json	nonlexical_numeral	σιεʹ	σιεʹ
EL	glaux_pairs.json	nonlexical_numeral	σιϚ	σιϚʹ
EL	glaux_pairs.json	nonlexical_numeral	σιϚʹ	σιϚʹ
EL	glaux_pairs.json	nonlexical_numeral	σκʹ	σκʹ
EL	glaux_pairs.json	nonlexical_numeral	σκβʹ	σκβʹ
EL	glaux_pairs.json	nonlexical_numeral	σκδ	σκδʹ
EL	glaux_pairs.json	nonlexical_numeral	σκδʹ	σκδʹ
EL	glaux_pairs.json	nonlexical_numeral	σκεʹ	σκεʹ
EL	glaux_pairs.json	nonlexical_numeral	σκϛ	σκϛʹ
EL	glaux_pairs.json	nonlexical_numeral	σλ	σλʹ
EL	glaux_pairs.json	nonlexical_numeral	σλʹ	σλʹ
EL	glaux_pairs.json	nonlexical_numeral	σλα	σλαʹ
EL	glaux_pairs.json	nonlexical_numeral	σλβ	σλβʹ
EL	glaux_pairs.json	nonlexical_numeral	σλϛʹ	σλϛʹ
EL	glaux_pairs.json	nonlexical_numeral	σμ	σμʹ
EL	glaux_pairs.json	nonlexical_numeral	σμʹ	σμʹ
EL	glaux_pairs.json	nonlexical_numeral	σμβ	σμβʹ
EL	glaux_pairs.json	nonlexical_numeral	σμγ	σμγʹ
EL	glaux_pairs.json	nonlexical_numeral	σμγʹ	σμγʹ
EL	glaux_pairs.json	nonlexical_numeral	σμηʹ	σμηʹ
EL	glaux_pairs.json	nonlexical_numeral	σμθ	σμθʹ
EL	glaux_pairs.json	nonlexical_numeral	σμϛ	σμϛʹ
EL	glaux_pairs.json	nonlexical_numeral	σνʹ	σνʹ
EL	glaux_pairs.json	nonlexical_numeral	σνβ	σνβʹ
EL	glaux_pairs.json	nonlexical_numeral	σνθ	σνθʹ
EL	glaux_pairs.json	nonlexical_numeral	σνϚ	σνϚʹ
EL	glaux_pairs.json	nonlexical_numeral	σνϚʹ	σνϚʹ
EL	glaux_pairs.json	nonlexical_numeral	σνϛ	σνϛʹ
EL	glaux_pairs.json	nonlexical_numeral	σνϛʹ	σνϛʹ
EL	glaux_pairs.json	nonlexical_numeral	σξʹ	σξʹ
EL	glaux_pairs.json	nonlexical_numeral	σξα	σξαʹ
EL	glaux_pairs.json	nonlexical_numeral	σξᾱ	σξαʹ
EL	glaux_pairs.json	nonlexical_numeral	σξδʹ	σξδʹ
EL	glaux_pairs.json	nonlexical_numeral	σξε	σξεʹ
EL	glaux_pairs.json	nonlexical_numeral	σξη	σξηʹ
EL	glaux_pairs.json	nonlexical_numeral	σξθʹ	σξθʹ
EL	glaux_pairs.json	nonlexical_numeral	σξϛʹ	σξϛʹ
EL	glaux_pairs.json	nonlexical_numeral	σοʹ	σοʹ
EL	glaux_pairs.json	nonlexical_numeral	σοβ	σοβʹ
EL	glaux_pairs.json	nonlexical_numeral	σοβʹ	σοβʹ
EL	glaux_pairs.json	nonlexical_numeral	σπ	σπʹ
EL	glaux_pairs.json	nonlexical_numeral	σπʹ	σπʹ
EL	glaux_pairs.json	nonlexical_numeral	σπγ	σπγʹ
EL	glaux_pairs.json	nonlexical_numeral	σπε	σπεʹ
EL	glaux_pairs.json	nonlexical_numeral	σπηʹ	σπηʹ
EL	glaux_pairs.json	nonlexical_numeral	σπθ	σπθʹ
EL	glaux_pairs.json	nonlexical_numeral	τγʹ	τγʹ
EL	glaux_pairs.json	nonlexical_numeral	τεʹ	τεʹ
EL	glaux_pairs.json	nonlexical_numeral	τηʹ	τηʹ
EL	glaux_pairs.json	nonlexical_numeral	τιʹ	τιʹ
EL	glaux_pairs.json	nonlexical_numeral	τῑ	τιʹ
EL	glaux_pairs.json	nonlexical_numeral	τιβ	τιβʹ
EL	glaux_pairs.json	nonlexical_numeral	τιβʹ	τιβʹ
EL	glaux_pairs.json	nonlexical_numeral	τιδ	τιδʹ
EL	glaux_pairs.json	nonlexical_numeral	τιηʹ	τιηʹ
EL	glaux_pairs.json	nonlexical_numeral	τκʹ	τκʹ
EL	glaux_pairs.json	nonlexical_numeral	τκβʹ	τκβʹ
EL	glaux_pairs.json	nonlexical_numeral	τκδ	τκδʹ
EL	glaux_pairs.json	nonlexical_numeral	τκδʹ	τκδʹ
EL	glaux_pairs.json	nonlexical_numeral	τλʹ	τλʹ
EL	glaux_pairs.json	nonlexical_numeral	τλζ	τλζʹ
EL	glaux_pairs.json	nonlexical_numeral	τλθ	τλθʹ
EL	glaux_pairs.json	nonlexical_numeral	τμʹ	τμʹ
EL	glaux_pairs.json	nonlexical_numeral	τμγ	τμγʹ
EL	glaux_pairs.json	nonlexical_numeral	τνʹ	τνʹ
EL	glaux_pairs.json	nonlexical_numeral	τνγ	τνγʹ
EL	glaux_pairs.json	nonlexical_numeral	τνδ	τνδʹ
EL	glaux_pairs.json	nonlexical_numeral	τνδʹ	τνδʹ
EL	glaux_pairs.json	nonlexical_numeral	τνη	τνηʹ
EL	glaux_pairs.json	nonlexical_numeral	τνθ	τνθʹ
EL	glaux_pairs.json	nonlexical_numeral	τνϛ	τνϛʹ
EL	glaux_pairs.json	nonlexical_numeral	τξ	τξʹ
EL	glaux_pairs.json	nonlexical_numeral	τξʹ	τξʹ
EL	glaux_pairs.json	nonlexical_numeral	τξαʹ	τξαʹ
EL	glaux_pairs.json	nonlexical_numeral	τξε	τξεʹ
EL	glaux_pairs.json	nonlexical_numeral	τξεʹ	τξεʹ
EL	glaux_pairs.json	nonlexical_numeral	τξζ	τξζʹ
EL	glaux_pairs.json	nonlexical_numeral	τξηʹ	τξηʹ
EL	glaux_pairs.json	nonlexical_numeral	τοδ	τοδʹ
EL	glaux_pairs.json	nonlexical_numeral	τοεʹ	τοεʹ
EL	glaux_pairs.json	nonlexical_numeral	τοηʹ	τοηʹ
EL	glaux_pairs.json	nonlexical_numeral	τπ	τπʹ
EL	glaux_pairs.json	nonlexical_numeral	τπγ	τπγʹ
EL	glaux_pairs.json	nonlexical_numeral	τπδʹ	τπδʹ
EL	glaux_pairs.json	nonlexical_numeral	τϚ	τϚʹ
EL	glaux_pairs.json	nonlexical_numeral	υʹ	υʹ
EL	glaux_pairs.json	nonlexical_numeral	ῡ	υʹ
EL	glaux_pairs.json	nonlexical_numeral	υδ	υδʹ
EL	glaux_pairs.json	nonlexical_numeral	υζ	υζʹ
EL	glaux_pairs.json	nonlexical_numeral	υκ	υκʹ
EL	glaux_pairs.json	nonlexical_numeral	υκʹ	υκʹ
EL	glaux_pairs.json	nonlexical_numeral	υκζ	υκζʹ
EL	glaux_pairs.json	nonlexical_numeral	υλʹ	υλʹ
EL	glaux_pairs.json	nonlexical_numeral	υλβ	υλβʹ
EL	glaux_pairs.json	nonlexical_numeral	υλβʹ	υλβʹ
EL	glaux_pairs.json	nonlexical_numeral	υλϛ	υλϛʹ
EL	glaux_pairs.json	nonlexical_numeral	υμζʹ	υμζʹ
EL	glaux_pairs.json	nonlexical_numeral	υμηʹ	υμηʹ
EL	glaux_pairs.json	nonlexical_numeral	υμθ	υμθʹ
EL	glaux_pairs.json	nonlexical_numeral	υνʹ	υνʹ
EL	glaux_pairs.json	nonlexical_numeral	υνβ	υνβʹ
EL	glaux_pairs.json	nonlexical_numeral	υξ	υξʹ
EL	glaux_pairs.json	nonlexical_numeral	υξγʹ	υξγʹ
EL	glaux_pairs.json	nonlexical_numeral	υξη	υξηʹ
EL	glaux_pairs.json	nonlexical_numeral	υπ	υπʹ
EL	glaux_pairs.json	nonlexical_numeral	υπʹ	υπʹ
EL	glaux_pairs.json	nonlexical_numeral	ῡπ	υπʹ
EL	glaux_pairs.json	nonlexical_numeral	υπϚʹ	υπϚʹ
EL	glaux_pairs.json	nonlexical_numeral	υϙʹ	υϙʹ
EL	glaux_pairs.json	nonlexical_numeral	υϚ	υϚʹ
EL	glaux_pairs.json	nonlexical_numeral	υϞηʹ	υϞηʹ
EL	glaux_pairs.json	nonlexical_numeral	υϟεʹ	υϟεʹ
EL	glaux_pairs.json	nonlexical_numeral	υϟθʹ	υϟθʹ
EL	glaux_pairs.json	nonlexical_numeral	υϟϚ	υϟϚʹ
EL	glaux_pairs.json	nonlexical_numeral	φιβ	φιβʹ
EL	glaux_pairs.json	nonlexical_numeral	φιβʹ	φιβʹ
EL	glaux_pairs.json	nonlexical_numeral	φῑβ	φιβʹ
EL	glaux_pairs.json	nonlexical_numeral	φιηʹ	φιηʹ
EL	glaux_pairs.json	nonlexical_numeral	φκʹ	φκʹ
EL	glaux_pairs.json	nonlexical_numeral	φκγ	φκγʹ
EL	glaux_pairs.json	nonlexical_numeral	φκδʹ	φκδʹ
EL	glaux_pairs.json	nonlexical_numeral	φλᾱ	φλαʹ
EL	glaux_pairs.json	nonlexical_numeral	φλγʹ	φλγʹ
EL	glaux_pairs.json	nonlexical_numeral	φλθ	φλθʹ
EL	glaux_pairs.json	nonlexical_numeral	φμγʹ	φμγʹ
EL	glaux_pairs.json	nonlexical_numeral	φνʹ	φνʹ
EL	glaux_pairs.json	nonlexical_numeral	φνδʹ	φνδʹ
EL	glaux_pairs.json	nonlexical_numeral	φοα	φοαʹ
EL	glaux_pairs.json	nonlexical_numeral	φοϚ	φοϚʹ
EL	glaux_pairs.json	nonlexical_numeral	φοϚʹ	φοϚʹ
EL	glaux_pairs.json	nonlexical_numeral	φπβʹ	φπβʹ
EL	glaux_pairs.json	nonlexical_numeral	φπδʹ	φπδʹ
EL	glaux_pairs.json	nonlexical_numeral	φπεʹ	φπεʹ
EL	glaux_pairs.json	nonlexical_numeral	φπθ	φπθʹ
EL	glaux_pairs.json	nonlexical_numeral	φϚʹ	φϚʹ
EL	glaux_pairs.json	nonlexical_numeral	χʹ	χʹ
EL	glaux_pairs.json	nonlexical_numeral	χεʹ	χεʹ
EL	glaux_pairs.json	nonlexical_numeral	χιβʹ	χιβʹ
EL	glaux_pairs.json	nonlexical_numeral	χῑζ	χιζʹ
EL	glaux_pairs.json	nonlexical_numeral	χιϛ	χιϛʹ
EL	glaux_pairs.json	nonlexical_numeral	χκʹ	χκʹ
EL	glaux_pairs.json	nonlexical_numeral	χκε	χκεʹ
EL	glaux_pairs.json	nonlexical_numeral	χκη	χκηʹ
EL	glaux_pairs.json	nonlexical_numeral	χλʹ	χλʹ
EL	glaux_pairs.json	nonlexical_numeral	χμʹ	χμʹ
EL	glaux_pairs.json	nonlexical_numeral	χμη	χμηʹ
EL	glaux_pairs.json	nonlexical_numeral	χμηʹ	χμηʹ
EL	glaux_pairs.json	nonlexical_numeral	χμϛʹ	χμϛʹ
EL	glaux_pairs.json	nonlexical_numeral	χνʹ	χνʹ
EL	glaux_pairs.json	nonlexical_numeral	χξ	χξʹ
EL	glaux_pairs.json	nonlexical_numeral	χξʹ	χξʹ
EL	glaux_pairs.json	nonlexical_numeral	χξζ	χξζʹ
EL	glaux_pairs.json	nonlexical_numeral	χξθ	χξθʹ
EL	glaux_pairs.json	nonlexical_numeral	χοδ	χοδʹ
EL	glaux_pairs.json	nonlexical_numeral	χοθ	χοθʹ
EL	glaux_pairs.json	nonlexical_numeral	χοϛ	χοϛʹ
EL	glaux_pairs.json	nonlexical_numeral	χπϛ	χπϛʹ
EL	glaux_pairs.json	nonlexical_numeral	ψʹ	ψʹ
EL	glaux_pairs.json	nonlexical_numeral	ψιʹ	ψιʹ
EL	glaux_pairs.json	nonlexical_numeral	ψιζ	ψιζʹ
EL	glaux_pairs.json	nonlexical_numeral	ψκ	ψκʹ
EL	glaux_pairs.json	nonlexical_numeral	ψκʹ	ψκʹ
EL	glaux_pairs.json	nonlexical_numeral	ψκγ	ψκγʹ
EL	glaux_pairs.json	nonlexical_numeral	ψκθ	ψκθʹ
EL	glaux_pairs.json	nonlexical_numeral	ψκθʹ	ψκθʹ
EL	glaux_pairs.json	nonlexical_numeral	ψλθ	ψλθʹ
EL	glaux_pairs.json	nonlexical_numeral	ψμʹ	ψμʹ
EL	glaux_pairs.json	nonlexical_numeral	ψμαʹ	ψμαʹ
EL	glaux_pairs.json	nonlexical_numeral	ψμδ	ψμδʹ
EL	glaux_pairs.json	nonlexical_numeral	ψνʹ	ψνʹ
EL	glaux_pairs.json	nonlexical_numeral	ψνε	ψνεʹ
EL	glaux_pairs.json	nonlexical_numeral	ψξη	ψξηʹ
EL	glaux_pairs.json	nonlexical_numeral	ψξηʹ	ψξηʹ
EL	glaux_pairs.json	nonlexical_numeral	ψοζʹ	ψοζʹ
EL	glaux_pairs.json	nonlexical_numeral	ψπ	ψπʹ
EL	glaux_pairs.json	nonlexical_numeral	ψπʹ	ψπʹ
EL	glaux_pairs.json	nonlexical_numeral	ψπδ	ψπδʹ
EL	glaux_pairs.json	nonlexical_numeral	ωʹ	ωʹ
EL	glaux_pairs.json	nonlexical_numeral	ωʹʹ	ωʹʹ
EL	glaux_pairs.json	nonlexical_numeral	ωεʹ	ωεʹ
EL	glaux_pairs.json	nonlexical_numeral	ωιβ	ωιβʹ
EL	glaux_pairs.json	nonlexical_numeral	ωκ	ωκʹ
EL	glaux_pairs.json	nonlexical_numeral	ωκʹ	ωκʹ
EL	glaux_pairs.json	nonlexical_numeral	ωκε	ωκεʹ
EL	glaux_pairs.json	nonlexical_numeral	ωνʹ	ωνʹ
EL	glaux_pairs.json	nonlexical_numeral	ωνθ	ωνθʹ
EL	glaux_pairs.json	nonlexical_numeral	ωξδ	ωξδʹ
EL	glaux_pairs.json	nonlexical_numeral	ωογ	ωογʹ
EL	glaux_pairs.json	nonlexical_numeral	ωοϛ	ωοϛʹ
EL	glaux_pairs.json	nonlexical_numeral	Ϙʹ	ϙʹ
EL	glaux_pairs.json	nonlexical_numeral	ϙʹ	ϙʹ
EL	glaux_pairs.json	nonlexical_numeral	ϙϚ	ϙϚʹ
EL	glaux_pairs.json	nonlexical_numeral	Ϛʹ	ϛʹ
EL	glaux_pairs.json	nonlexical_numeral	ϛʹ	ϛʹ
EL	glaux_pairs.json	nonlexical_numeral	ϛ’	ϛʹ
EL	glaux_pairs.json	nonlexical_numeral	ϛʹʹ	ϛʹʹ
EL	glaux_pairs.json	nonlexical_numeral	ϝʹ	ϝʹ
EL	glaux_pairs.json	nonlexical_numeral	Ϟʹ	Ϟʹ
EL	glaux_pairs.json	nonlexical_numeral	Ϟʹʹ	Ϟʹʹ
EL	glaux_pairs.json	nonlexical_numeral	Ϟεʹ	Ϟεʹ
EL	glaux_pairs.json	nonlexical_numeral	Ϟθ	Ϟθʹ
EL	glaux_pairs.json	nonlexical_numeral	ϟαʹ	ϟαʹ
EL	glaux_pairs.json	nonlexical_numeral	Ϟβ	ϟβʹ
EL	glaux_pairs.json	nonlexical_numeral	ϟβʹ	ϟβʹ
EL	glaux_pairs.json	nonlexical_numeral	ϟδʹ	ϟδʹ
EL	glaux_pairs.json	nonlexical_numeral	ϟηʹ	ϟηʹ
EL	glaux_pairs.json	nonlexical_numeral	ϟϚ	ϟϚʹ
EL	glaux_pairs.json	nonlexical_numeral	Ϟϛ	ϟϛʹ
EL	glaux_pairs.json	nonlexical_numeral	ϟϛ	ϟϛʹ
EL	glaux_pairs.json	nonlexical_numeral	ϟϛʹ	ϟϛʹ
EL	glaux_pairs.json	nonlexical_numeral	Ϡʹ	Ϡʹ
EL	glaux_pairs.json	nonlexical_numeral	Ϡμ	Ϡμʹ
EL	glaux_pairs.json	nonlexical_numeral	Ϡν	Ϡνʹ
EL	glaux_pairs.json	nonlexical_numeral	Ϡνη	Ϡνηʹ
EL	glaux_pairs.json	nonlexical_numeral	Ϡξʹ	Ϡξʹ
EL	glaux_pairs.json	nonlexical_numeral	Ϡοθ	Ϡοθʹ
EL	glaux_pairs.json	nonlexical_numeral	Ϡπ	Ϡπʹ
EL	glaux_pairs.json	nonlexical_numeral	Ϡπβ	Ϡπβʹ
AG	glaux_pairs.json	orphaned_tonal_mark	-λί	-λ́ς
AG	glaux_pairs.json	orphaned_tonal_mark	Κιμβρίοις	Κιμβ́ριος
AG	glaux_pairs.json	orphaned_tonal_mark	Λυγγός	Λυγ́ξ
AG	glaux_pairs.json	orphaned_tonal_mark	Μακεδονικοὺς	Μακεδ ́νιος
AG	glaux_pairs.json	orphaned_tonal_mark	γλί	γλ́ς
AG	glaux_pairs.json	orphaned_tonal_mark	κεκαθαρμένα	καθαρ́νω
AG	glaux_pairs.json	orphaned_tonal_mark	κεκαθαρμένους	καθαρ́νω
AG	glaux_pairs.json	orphaned_tonal_mark	λεανθεῖσιν	λεαν́ω
AG	glaux_pairs.json	orphaned_tonal_mark	μαθέ	μηθ́υμι
AG	glaux_pairs.json	orphaned_tonal_mark	νὶ	ν́ς
AG	glaux_pairs.json	orphaned_tonal_mark	χἄτερος	χ̓͂ς
AG	glaux_pairs.json	orphaned_tonal_mark	ἑλχθέντων	ἑλ́γω
AG	glaux_pairs.json	orphaned_tonal_mark	––⏑⏑–σί	––⏑⏑–σ́ς
EL	glaux_pairs.json	orphaned_tonal_mark	Ῥυτίνῳ	*ʽ ́ρυτινον
EL	glaux_pairs.json	orphaned_tonal_mark	-λί	-λ́ς
EL	glaux_pairs.json	orphaned_tonal_mark	·δοὺς	·́δωμι
EL	glaux_pairs.json	orphaned_tonal_mark	·τούτων	·τ́ουτον
EL	glaux_pairs.json	orphaned_tonal_mark	Βαρκός	Βαρ́ξ
EL	glaux_pairs.json	orphaned_tonal_mark	Βετολίω	Βετολ͂ͅον
EL	glaux_pairs.json	orphaned_tonal_mark	Γράσσης	Γ́ρασσα
EL	glaux_pairs.json	orphaned_tonal_mark	Γράσσῃ	Γ́ρασσα
EL	glaux_pairs.json	orphaned_tonal_mark	Γαυνί	Γαυν́ς
EL	glaux_pairs.json	orphaned_tonal_mark	Γηρσωνὶ	Γηησων́ς
EL	glaux_pairs.json	orphaned_tonal_mark	Διερρωγότα	Διερρ́οωγε
EL	glaux_pairs.json	orphaned_tonal_mark	Διοσπόλεως	Διοσ́πολις
EL	glaux_pairs.json	orphaned_tonal_mark	Δορυκλείους	Δορυκλ́ειος
EL	glaux_pairs.json	orphaned_tonal_mark	Θεττάλην	Θετ̈́ταλος
EL	glaux_pairs.json	orphaned_tonal_mark	Καβήλεω	Καβ́λης
EL	glaux_pairs.json	orphaned_tonal_mark	Κικερωνείων	Κικερ́ωνις
EL	glaux_pairs.json	orphaned_tonal_mark	Κιμβρίοις	Κιμβ́ριος
EL	glaux_pairs.json	orphaned_tonal_mark	Κιμβρίων	Κιμβ́ριος
EL	glaux_pairs.json	orphaned_tonal_mark	Κλαύσῳ	Κλ́σαυσος
EL	glaux_pairs.json	orphaned_tonal_mark	Κορίλλῃ	Κοριλ ́λα
EL	glaux_pairs.json	orphaned_tonal_mark	Κυπέως	Κυπ͂ος
EL	glaux_pairs.json	orphaned_tonal_mark	Λασθένειά	Λασθέ ́νεια
EL	glaux_pairs.json	orphaned_tonal_mark	Λημνιάδεσσιν	Λημν́ιαυς
EL	glaux_pairs.json	orphaned_tonal_mark	Λυγγὶ	Λυγ́ξ
EL	glaux_pairs.json	orphaned_tonal_mark	Λυγγὸς	Λυγ́ξ
EL	glaux_pairs.json	orphaned_tonal_mark	Μακεδονικαὶ	Μακεδ ́νιος
EL	glaux_pairs.json	orphaned_tonal_mark	Μακεδονικοὺς	Μακεδ ́νιος
EL	glaux_pairs.json	orphaned_tonal_mark	Μήιον	Μῃ ́ων
EL	glaux_pairs.json	orphaned_tonal_mark	Πετράχου	Π́ετραχος
EL	glaux_pairs.json	orphaned_tonal_mark	Πάμφω	Παμφ́ας
EL	glaux_pairs.json	orphaned_tonal_mark	Παρσίους	Παρ́σιος
EL	glaux_pairs.json	orphaned_tonal_mark	Πνθέου	Πνν́θεος
EL	glaux_pairs.json	orphaned_tonal_mark	Πρώνακτι	Πρῶ ́ναξ
EL	glaux_pairs.json	orphaned_tonal_mark	Ῥήου	Ρ̓́ηος
EL	glaux_pairs.json	orphaned_tonal_mark	Σθένιδος	Σ́θενις
EL	glaux_pairs.json	orphaned_tonal_mark	Σκαμανδρίαις	Σκαμαν́δριος
EL	glaux_pairs.json	orphaned_tonal_mark	Τρόχου	Τ́ροχος
EL	glaux_pairs.json	orphaned_tonal_mark	Ταρβήλοιο	Ταρ̈́βηλος
EL	glaux_pairs.json	orphaned_tonal_mark	Τετρίκου	Τετ́ρικος
EL	glaux_pairs.json	orphaned_tonal_mark	Τηλεφαάσσῃ	Τηλεφ́αασσα
EL	glaux_pairs.json	orphaned_tonal_mark	Τιγγὸς	Τιγ́ξ
EL	glaux_pairs.json	orphaned_tonal_mark	Φράτερσιν	Φ́ρατερ
EL	glaux_pairs.json	orphaned_tonal_mark	Φραδασμένης	Φρ́γαδασμαι
EL	glaux_pairs.json	orphaned_tonal_mark	Χεροννήσοιο	Χερον̈́νησος
EL	glaux_pairs.json	orphaned_tonal_mark	αγλώσσης	αγ́λωσσα
EL	glaux_pairs.json	orphaned_tonal_mark	αιτοῖς	αιτοῖες͂ς
EL	glaux_pairs.json	orphaned_tonal_mark	αἰσθανθέντας	αἰσθαν́ͅζω
EL	glaux_pairs.json	orphaned_tonal_mark	αἰσχυνθῆς	αἰσχυν́ςζω
EL	glaux_pairs.json	orphaned_tonal_mark	αἴτημί	αἰτμ́ω
EL	glaux_pairs.json	orphaned_tonal_mark	αὐτη-	αὐτηε-͂ς
EL	glaux_pairs.json	orphaned_tonal_mark	βδελυττόμεναι	βδελυττ́ω
EL	glaux_pairs.json	orphaned_tonal_mark	ἔβλπτον	βλπτ́ω
EL	glaux_pairs.json	orphaned_tonal_mark	βοηθήμα	βοηθεμ͂ος
EL	glaux_pairs.json	orphaned_tonal_mark	βοσκησεῖσθε	βοσκησ́ζομαι
EL	glaux_pairs.json	orphaned_tonal_mark	βροτῖσιν	βροτ́ς
EL	glaux_pairs.json	orphaned_tonal_mark	βσρειότερος	βσρ͂ειος
EL	glaux_pairs.json	orphaned_tonal_mark	γνομένη	γ́λνυμι
EL	glaux_pairs.json	orphaned_tonal_mark	γνόμενον	γ́νω
EL	glaux_pairs.json	orphaned_tonal_mark	γμένα	γ́ω
EL	glaux_pairs.json	orphaned_tonal_mark	ἔγρυπεν	γ̔υπ́ω
EL	glaux_pairs.json	orphaned_tonal_mark	γαννύμενοι	γαν́νυμαι
EL	glaux_pairs.json	orphaned_tonal_mark	γαννύμενος	γαν́νυμαι
EL	glaux_pairs.json	orphaned_tonal_mark	γεγλωσσάμενον	γεγλωσ́ομαι
EL	glaux_pairs.json	orphaned_tonal_mark	γεννητρίους	γεννητ́ριος
EL	glaux_pairs.json	orphaned_tonal_mark	γαγέ	γηγ́υμι
EL	glaux_pairs.json	orphaned_tonal_mark	ἔδνα	γιδ́σνω
EL	glaux_pairs.json	orphaned_tonal_mark	ἐμφυὼς	γιμφ́συω
EL	glaux_pairs.json	orphaned_tonal_mark	γένγται	γινγ́σκω
EL	glaux_pairs.json	orphaned_tonal_mark	γλί	γλ́ς
EL	glaux_pairs.json	orphaned_tonal_mark	γοητότερον	γοετ͂ος
EL	glaux_pairs.json	orphaned_tonal_mark	γονέναι	γον́ημι
EL	glaux_pairs.json	orphaned_tonal_mark	γορέναι	γορ̈́ημι
EL	glaux_pairs.json	orphaned_tonal_mark	ἐδείδιε	δεδ́ιω
EL	glaux_pairs.json	orphaned_tonal_mark	δηχθέντις	δηχ́ομιι
EL	glaux_pairs.json	orphaned_tonal_mark	διαγωνιδάμενοι	διαγων́δημι
EL	glaux_pairs.json	orphaned_tonal_mark	διακίγκλισον	διακιγκλ́λσω
EL	glaux_pairs.json	orphaned_tonal_mark	διασφαγί	διασφαγ́ς
EL	glaux_pairs.json	orphaned_tonal_mark	διέτρι	διατρ́ω
EL	glaux_pairs.json	orphaned_tonal_mark	διατρώσεων	διατρ́ωνις
EL	glaux_pairs.json	orphaned_tonal_mark	διαφυμγόντες	διαφυεμ́γω
EL	glaux_pairs.json	orphaned_tonal_mark	δεδιδαγμένην	διδαγ́ω
EL	glaux_pairs.json	orphaned_tonal_mark	διελίπαμεν	διελλ́γω
EL	glaux_pairs.json	orphaned_tonal_mark	διεμένουσα	διεμεπ́ω
EL	glaux_pairs.json	orphaned_tonal_mark	διεξεσμένα	διεξσ́ημι
EL	glaux_pairs.json	orphaned_tonal_mark	διεσταμμένον	διεσ́λμω
EL	glaux_pairs.json	orphaned_tonal_mark	διηγῖσθαι	διηγ́ω
EL	glaux_pairs.json	orphaned_tonal_mark	διηγερμένος	διηγρ́ημι
EL	glaux_pairs.json	orphaned_tonal_mark	διηθηείη	διηθ́ηνυμι
EL	glaux_pairs.json	orphaned_tonal_mark	δέσνται	δισ́ͅσκω
EL	glaux_pairs.json	orphaned_tonal_mark	δισθερμανθείσης	δισθερμαν́ͅζω
EL	glaux_pairs.json	orphaned_tonal_mark	δνχθέντας	δν́γω
EL	glaux_pairs.json	orphaned_tonal_mark	ἔνδοδεν	δοδ́νω
EL	glaux_pairs.json	orphaned_tonal_mark	δορυκτήτη	δορυκ́τητος
EL	glaux_pairs.json	orphaned_tonal_mark	δῦνων	δυπ͂ω
EL	glaux_pairs.json	orphaned_tonal_mark	δυσπνουστέρους	δυσ́πνους
EL	glaux_pairs.json	orphaned_tonal_mark	δυσκενότατός	δυσκ͂ενος
EL	glaux_pairs.json	orphaned_tonal_mark	δυσπαρισώτους	δυσπαρ́σωτος
EL	glaux_pairs.json	orphaned_tonal_mark	εταγμένῃ	ετ́γαγμαι
EL	glaux_pairs.json	orphaned_tonal_mark	εἴρητκι	εἰρκ́νω
EL	glaux_pairs.json	orphaned_tonal_mark	εἰσέλθης	εἰσ́λημι
EL	glaux_pairs.json	orphaned_tonal_mark	εἱλκωμένους	εἱλ́χωμαι
EL	glaux_pairs.json	orphaned_tonal_mark	εὔγλαγον	εὐγλαγ́α
EL	glaux_pairs.json	orphaned_tonal_mark	εὐδαιμοβεστάταις	εὐδαιμοβεσ́ς
EL	glaux_pairs.json	orphaned_tonal_mark	εὐθυνκέναι	εὐθυνκ́ημι
EL	glaux_pairs.json	orphaned_tonal_mark	εὐκράσεως	εὐκ́ρασις
EL	glaux_pairs.json	orphaned_tonal_mark	εὐρουστέρου	εὐρουσ́ς
EL	glaux_pairs.json	orphaned_tonal_mark	εὐφορέστερά	εὐφορ͂ος
EL	glaux_pairs.json	orphaned_tonal_mark	ζωργηθέντες	ζωρ́γω
EL	glaux_pairs.json	orphaned_tonal_mark	θατέρας	θ͂ας
EL	glaux_pairs.json	orphaned_tonal_mark	θερμῄνειεν	θαιρ́ͅνειομαι
EL	glaux_pairs.json	orphaned_tonal_mark	θεἰμαρμένον	θιἰμαρ́ͅσκω
EL	glaux_pairs.json	orphaned_tonal_mark	θλιφθείσης	θλ́ιπω
EL	glaux_pairs.json	orphaned_tonal_mark	ἔθλασσεν	θλασ́θω
EL	glaux_pairs.json	orphaned_tonal_mark	θλιβέντων	θλιβ́ημι
EL	glaux_pairs.json	orphaned_tonal_mark	θλιφθέντ’	θλιφ́ͅζω
EL	glaux_pairs.json	orphaned_tonal_mark	καταπιανθεῖσα	καθαπιαν́ω
EL	glaux_pairs.json	orphaned_tonal_mark	καθειργμένη	καθειργ́ννυμι
EL	glaux_pairs.json	orphaned_tonal_mark	ἐκάθῃρεν	καθῃρ́σκω
EL	glaux_pairs.json	orphaned_tonal_mark	κακατείναντα	κακ́-ἀτείνω
EL	glaux_pairs.json	orphaned_tonal_mark	κακηγορίστατος	κακηγ́ορης
EL	glaux_pairs.json	orphaned_tonal_mark	καπφθιμένου	καπφθ́ζομαι
EL	glaux_pairs.json	orphaned_tonal_mark	καταβρογχίζοντι	καταβρογχ́ͅζω
EL	glaux_pairs.json	orphaned_tonal_mark	καταγινώκομεν	καταγινωκμ́σκω
EL	glaux_pairs.json	orphaned_tonal_mark	καταδαρθέντες	καταδαρ́ͅζω
EL	glaux_pairs.json	orphaned_tonal_mark	κατέκτας	κατακτ́ω
EL	glaux_pairs.json	orphaned_tonal_mark	καταλημφθήσονται	καταλημφ́ͅζω
EL	glaux_pairs.json	orphaned_tonal_mark	καταξηραινό	καταξηραιν́υμι
EL	glaux_pairs.json	orphaned_tonal_mark	καταρ’ρ’ηγνύμενα	καταρ’ρ’ηγ́νυμαι
EL	glaux_pairs.json	orphaned_tonal_mark	κατεληλεσμένους	κατεληλσ́ημι
EL	glaux_pairs.json	orphaned_tonal_mark	κατολισθημάτων	κατολισθ͂ημα
EL	glaux_pairs.json	orphaned_tonal_mark	κατορθωκότα	κατορθ́οωκε
EL	glaux_pairs.json	orphaned_tonal_mark	κεκαθαρμένοισιν	κεκαθ́αρμαι
EL	glaux_pairs.json	orphaned_tonal_mark	κεροῦσσ’	κενρσ́’ω
EL	glaux_pairs.json	orphaned_tonal_mark	κεχαρισμενωτέραν	κεχαρισμεν́ος
EL	glaux_pairs.json	orphaned_tonal_mark	κινδυνοδέστερα	κινδυνοδ͂ος
EL	glaux_pairs.json	orphaned_tonal_mark	κέχρῳσμαι	κιχρῳσ́ͅσκω
EL	glaux_pairs.json	orphaned_tonal_mark	κεκαθαρμένῃ	κκ́γαθαρμαι
EL	glaux_pairs.json	orphaned_tonal_mark	ἐκκεκαθαρμένοι	κκεκαθαρ́ω
EL	glaux_pairs.json	orphaned_tonal_mark	ἐκκεκαθαρμένους	κκεκαθαρ́ω
EL	glaux_pairs.json	orphaned_tonal_mark	κοινωνεῖα	κοινωιμ͂αμι
EL	glaux_pairs.json	orphaned_tonal_mark	κολοπτέρους	κολοπ́ς
EL	glaux_pairs.json	orphaned_tonal_mark	κυστέως	κυστ͂ος
EL	glaux_pairs.json	orphaned_tonal_mark	κἠλειφόμην	κἠλειφ́μσκομαι
EL	glaux_pairs.json	orphaned_tonal_mark	λαβόμεν	λά-β́μεͅσκω
EL	glaux_pairs.json	orphaned_tonal_mark	λαγνιστάτην	λαγ͂νισς
EL	glaux_pairs.json	orphaned_tonal_mark	λαγνιστάτας	λαγνισ́ς
EL	glaux_pairs.json	orphaned_tonal_mark	λαγνιστάτῳ	λαγνισ́ς
EL	glaux_pairs.json	orphaned_tonal_mark	ἐργασό	λγασογ́
EL	glaux_pairs.json	orphaned_tonal_mark	λεανθέντες	λεαν́ͅζω
EL	glaux_pairs.json	orphaned_tonal_mark	λεανθεῖσαν	λεαν́ͅζω
EL	glaux_pairs.json	orphaned_tonal_mark	λεανθείσῃ	λεαν́ω
EL	glaux_pairs.json	orphaned_tonal_mark	λεανθεῖσιν	λεαν́ω
EL	glaux_pairs.json	orphaned_tonal_mark	λέγετι	λεγετ́ρχομαι
EL	glaux_pairs.json	orphaned_tonal_mark	λειανθέντες	λειαν́ͅζω
EL	glaux_pairs.json	orphaned_tonal_mark	λειανθεῖσαν	λειαν́ͅζω
EL	glaux_pairs.json	orphaned_tonal_mark	λειμακεστέροισί	λειμακεσ́ς
EL	glaux_pairs.json	orphaned_tonal_mark	λευκανθεῖσαν	λευκαν́ͅζω
EL	glaux_pairs.json	orphaned_tonal_mark	λημφθέν	λημ́πτω
EL	glaux_pairs.json	orphaned_tonal_mark	λημφθὲν	λημ́πτω
EL	glaux_pairs.json	orphaned_tonal_mark	λυπανθῆναι	λυπαν́ͅζω
EL	glaux_pairs.json	orphaned_tonal_mark	λωβασεῖσθε	λωβασ́ζομαι
EL	glaux_pairs.json	orphaned_tonal_mark	μακρυνθήσονται	μακρυν́ͅζω
EL	glaux_pairs.json	orphaned_tonal_mark	μαρτνράμενος	μαρτν́ρω
EL	glaux_pairs.json	orphaned_tonal_mark	μαχόμεθον	μαχομεθ́ω
EL	glaux_pairs.json	orphaned_tonal_mark	μιγμένα	μγ́ννυμι
EL	glaux_pairs.json	orphaned_tonal_mark	μελαγχολών	μελαγ́-χλῴσκω
EL	glaux_pairs.json	orphaned_tonal_mark	μελαντάτῳ	μελαν́ς
EL	glaux_pairs.json	orphaned_tonal_mark	μετειληχὸς	μετειλ́ηχομαι
EL	glaux_pairs.json	orphaned_tonal_mark	μετημφιέννυτο	μετημφ́ιννυμαι
EL	glaux_pairs.json	orphaned_tonal_mark	μετριοποτίστατος	μετριοπ́οτης
EL	glaux_pairs.json	orphaned_tonal_mark	μηθενὶ	μηθεν́ς
EL	glaux_pairs.json	orphaned_tonal_mark	μήπσθ’	μην́πομαι
EL	glaux_pairs.json	orphaned_tonal_mark	μεμιαμμένον	μιμιαμ́ͅσκω
EL	glaux_pairs.json	orphaned_tonal_mark	μεμιαμμένος	μιμιαμ́ͅσκω
EL	glaux_pairs.json	orphaned_tonal_mark	μνησό	μιμνησͅοκ́
EL	glaux_pairs.json	orphaned_tonal_mark	μεμορμένον	μιμορ́ͅσκω
EL	glaux_pairs.json	orphaned_tonal_mark	μίξωμιν	μιξιν́νω
EL	glaux_pairs.json	orphaned_tonal_mark	ἄμμεσιν	μμεσιεν͂ς
EL	glaux_pairs.json	orphaned_tonal_mark	ἄμμεων	μμεωεν͂ς
EL	glaux_pairs.json	orphaned_tonal_mark	μονοφαγίστατον	μονοφ́αγις
EL	glaux_pairs.json	orphaned_tonal_mark	μορξάμενοι	μορ́σσω
EL	glaux_pairs.json	orphaned_tonal_mark	μωμοσκοπηθὲν	μωμοσκοπ́ληω
EL	glaux_pairs.json	orphaned_tonal_mark	νὶ	ν́ς
EL	glaux_pairs.json	orphaned_tonal_mark	ἐνδεικνυμένον	νδεικν́υνυμι
EL	glaux_pairs.json	orphaned_tonal_mark	νεσταλμένα	νεσ́λλω
EL	glaux_pairs.json	orphaned_tonal_mark	νενόμενον	νν́γομαι
EL	glaux_pairs.json	orphaned_tonal_mark	ἐξομοιωθῆ	ξεομοιωθ͂υμι
EL	glaux_pairs.json	orphaned_tonal_mark	ἐξηγσάμεθα	ξηγ́ζω
EL	glaux_pairs.json	orphaned_tonal_mark	ξηρόταταν	ξηρ͂αν
EL	glaux_pairs.json	orphaned_tonal_mark	ξυγκρήσιος	ξυγκρ́ασις
EL	glaux_pairs.json	orphaned_tonal_mark	ξυρανθῆναι	ξυραν́ͅζω
EL	glaux_pairs.json	orphaned_tonal_mark	δστέον	οδ͂δα
EL	glaux_pairs.json	orphaned_tonal_mark	τουτοδὶ	ουτοδ̔́ς
EL	glaux_pairs.json	orphaned_tonal_mark	οἴκημι	οἰκμ́ω
EL	glaux_pairs.json	orphaned_tonal_mark	οὐρέους	οὐρ́ειος
EL	glaux_pairs.json	orphaned_tonal_mark	πιλαμένας	π́ιλημι
EL	glaux_pairs.json	orphaned_tonal_mark	πλείονων	π́λυος
EL	glaux_pairs.json	orphaned_tonal_mark	πάθηθε	παθηθ́ω
EL	glaux_pairs.json	orphaned_tonal_mark	παραλημφθείη	παραλημ́πω
EL	glaux_pairs.json	orphaned_tonal_mark	παραμᾶκες	παραμαιδ͂κεσκω
EL	glaux_pairs.json	orphaned_tonal_mark	παρήμπισχεν	παραμπισ́σσω
EL	glaux_pairs.json	orphaned_tonal_mark	παρηρτημένοις	παραρτ́ληω
EL	glaux_pairs.json	orphaned_tonal_mark	παρατετυχότα	παρατετ́ουχε
EL	glaux_pairs.json	orphaned_tonal_mark	παριμένοντος	παριμεπ́ω
EL	glaux_pairs.json	orphaned_tonal_mark	παρωξυμένων	παρωξ́ομαι
EL	glaux_pairs.json	orphaned_tonal_mark	παυσώμαθε	παυσωμαθ́νω
EL	glaux_pairs.json	orphaned_tonal_mark	παχυτριχώτερα	παχυτρ́ϊχος
EL	glaux_pairs.json	orphaned_tonal_mark	πεισθῆς	πεισ́ςζω
EL	glaux_pairs.json	orphaned_tonal_mark	ἐπείταδε	πειταδ́ω
EL	glaux_pairs.json	orphaned_tonal_mark	πενταπλασιάσαντος	πεντ́-απλασιάννυμι
EL	glaux_pairs.json	orphaned_tonal_mark	περαθέμην	περαθ́ημι
EL	glaux_pairs.json	orphaned_tonal_mark	περιεσπένδον	περιεσπανδ́ω
EL	glaux_pairs.json	orphaned_tonal_mark	πεφλέχθαι	πεφ́γω
EL	glaux_pairs.json	orphaned_tonal_mark	πεφλεγμένη	πεφ́γω
EL	glaux_pairs.json	orphaned_tonal_mark	πεφιλάμενον	πεφ́λλω
EL	glaux_pairs.json	orphaned_tonal_mark	παγξείνου	πηγξ́εινος
EL	glaux_pairs.json	orphaned_tonal_mark	ἐπηχλυμένης	πηχλ́υςυμι
EL	glaux_pairs.json	orphaned_tonal_mark	πίνουσίτε	πινουσιτ́ω
EL	glaux_pairs.json	orphaned_tonal_mark	πινεῦντς	πινς́ω
EL	glaux_pairs.json	orphaned_tonal_mark	πεπιστευσκότες	πιπιστευσ́σκω
EL	glaux_pairs.json	orphaned_tonal_mark	πλεννωδέστατα	πλεννωδ͂ος
EL	glaux_pairs.json	orphaned_tonal_mark	ἐπλήμμυρε	πλημμυρ́ω
EL	glaux_pairs.json	orphaned_tonal_mark	ποθλίβειν	ποθλ́ͅβω
EL	glaux_pairs.json	orphaned_tonal_mark	ποιμανθησόμεθα	ποιμαν́ͅζω
EL	glaux_pairs.json	orphaned_tonal_mark	ποιολύμενοι	ποιολ́ομαι
EL	glaux_pairs.json	orphaned_tonal_mark	πορρώτερα	πορ́ρος
EL	glaux_pairs.json	orphaned_tonal_mark	πουλυτελέστατα	πουλυτελ͂ος
EL	glaux_pairs.json	orphaned_tonal_mark	πουλυχρονιώτεραι	πουλυχ́ρονιος
EL	glaux_pairs.json	orphaned_tonal_mark	περυραμένης	πρ́γυρομαι
EL	glaux_pairs.json	orphaned_tonal_mark	προυργιαίτατον	πρ́ουργιος
EL	glaux_pairs.json	orphaned_tonal_mark	πραμνίοις	πραμ́νιος
EL	glaux_pairs.json	orphaned_tonal_mark	πραθένται	πρεθεν́
EL	glaux_pairs.json	orphaned_tonal_mark	προγεγρμμένοις	προγεγ́γρμμαι
EL	glaux_pairs.json	orphaned_tonal_mark	προγεγενμένων	προγεγν́ημι
EL	glaux_pairs.json	orphaned_tonal_mark	προειδοῦσα	προειδ́ειμι
EL	glaux_pairs.json	orphaned_tonal_mark	προεκκεκαθαρμένης	προεκκεκαθαρ́ννυμι
EL	glaux_pairs.json	orphaned_tonal_mark	προκεκαθαρμένης	προκεκαθαρ́ννυμι
EL	glaux_pairs.json	orphaned_tonal_mark	προσαγγελέντων	προσαγγελ́ημι
EL	glaux_pairs.json	orphaned_tonal_mark	προσενήνεγκτο	προσενανεγ́σσω
EL	glaux_pairs.json	orphaned_tonal_mark	προσενεγκτέον	προσενεγ́γω
EL	glaux_pairs.json	orphaned_tonal_mark	προσεπτυσμένοις	προσεπτ́γυσμαι
EL	glaux_pairs.json	orphaned_tonal_mark	προτέτρεψαι	προτετρ́επω
EL	glaux_pairs.json	orphaned_tonal_mark	προωδοπεποίηκε	προωδοπιποιηκ́ω
EL	glaux_pairs.json	orphaned_tonal_mark	προωρισμένῃ	προωρ́γισμαι
EL	glaux_pairs.json	orphaned_tonal_mark	πρᾳΰνοντα	πρᾳϋπ́ω
EL	glaux_pairs.json	orphaned_tonal_mark	πτυάλοισι	πτ́υαλον
EL	glaux_pairs.json	orphaned_tonal_mark	πτόντων	πτ́ων
EL	glaux_pairs.json	orphaned_tonal_mark	ρομένου	ρ́ω
EL	glaux_pairs.json	orphaned_tonal_mark	ρόντων	ρ́ων
EL	glaux_pairs.json	orphaned_tonal_mark	ρ’ξύτατος	ρ͂’ξυς
EL	glaux_pairs.json	orphaned_tonal_mark	ρέγχεις	ρετ́γχω
EL	glaux_pairs.json	orphaned_tonal_mark	περιγιγραμμένῳ	ριγιγραμ́ω
EL	glaux_pairs.json	orphaned_tonal_mark	ἐρριμένον	ρρ́ινυμι
EL	glaux_pairs.json	orphaned_tonal_mark	σεσσμένον	σ́ͅζω
EL	glaux_pairs.json	orphaned_tonal_mark	σμένα	σ́ω
EL	glaux_pairs.json	orphaned_tonal_mark	σμένον	σ́ω
EL	glaux_pairs.json	orphaned_tonal_mark	σανθέντες	σαν́ͅζω
EL	glaux_pairs.json	orphaned_tonal_mark	σανθεῖσι	σαν́ͅζω
EL	glaux_pairs.json	orphaned_tonal_mark	σαπφίρου	σαπ́φιρος
EL	glaux_pairs.json	orphaned_tonal_mark	σεσημμένην	σημ́ω
EL	glaux_pairs.json	orphaned_tonal_mark	σκιρρωθῶσι	σκιιμρρ́ͅωκω
EL	glaux_pairs.json	orphaned_tonal_mark	σκιρροῦσθαί	σκιρ́-ρόω
EL	glaux_pairs.json	orphaned_tonal_mark	σκιρροῦσθαι	σκιρ́-ρόω
EL	glaux_pairs.json	orphaned_tonal_mark	σνῶν	σν́ο
EL	glaux_pairs.json	orphaned_tonal_mark	σεσησμένῃ	σσ́γησμαι
EL	glaux_pairs.json	orphaned_tonal_mark	στρεβλέοντας	στ́ρ-εἰβλέω
EL	glaux_pairs.json	orphaned_tonal_mark	στίκτοις	στ́ϊκτος
EL	glaux_pairs.json	orphaned_tonal_mark	στάνων	σταπ́ω
EL	glaux_pairs.json	orphaned_tonal_mark	συνέμαχουν	συγγιμαχουν́σκω
EL	glaux_pairs.json	orphaned_tonal_mark	συμπεπέρασται	συμπεπιρασ́σκω
EL	glaux_pairs.json	orphaned_tonal_mark	συμπεφλέχθαι	συμπεφ́γω
EL	glaux_pairs.json	orphaned_tonal_mark	ξύνιον	συν́ιω
EL	glaux_pairs.json	orphaned_tonal_mark	συνῷκει	συν͂οικε
EL	glaux_pairs.json	orphaned_tonal_mark	συναμφστέρων	συναμφσ́ς
EL	glaux_pairs.json	orphaned_tonal_mark	συνεθηστέρου	συνεθησ́ς
EL	glaux_pairs.json	orphaned_tonal_mark	συνεξεσμένα	συνεξσ́ημι
EL	glaux_pairs.json	orphaned_tonal_mark	συνεσρεύσαντες	συνεσρ́-εύω
EL	glaux_pairs.json	orphaned_tonal_mark	συνεφλέχθαι	συνεφ́γω
EL	glaux_pairs.json	orphaned_tonal_mark	συνεζήκει	συνζ́ημι
EL	glaux_pairs.json	orphaned_tonal_mark	συνηνεγμένων	συνηνγ́ημι
EL	glaux_pairs.json	orphaned_tonal_mark	συνσεσημμένης	συνσεσημ́ννυμι
EL	glaux_pairs.json	orphaned_tonal_mark	συντιθιμένου	συντιθ́ζομαι
EL	glaux_pairs.json	orphaned_tonal_mark	συνεξηλελαμένον	συξηλελ́γαω
EL	glaux_pairs.json	orphaned_tonal_mark	συστάτῳ	συσ́ς
EL	glaux_pairs.json	orphaned_tonal_mark	συνέσφιγκται	συσφιγ́γνυμι
EL	glaux_pairs.json	orphaned_tonal_mark	σχαμάτων	σχ͂αμα
EL	glaux_pairs.json	orphaned_tonal_mark	ἐσώθεν	σωθ́σκω
EL	glaux_pairs.json	orphaned_tonal_mark	τεῖται	τ́ζομαι
EL	glaux_pairs.json	orphaned_tonal_mark	τὸτὴν	τ́οτος
EL	glaux_pairs.json	orphaned_tonal_mark	ἐτέτυκο	τ́υκω
EL	glaux_pairs.json	orphaned_tonal_mark	τόντων	τ́ων
EL	glaux_pairs.json	orphaned_tonal_mark	ταάτην	τ̈́αατος
EL	glaux_pairs.json	orphaned_tonal_mark	τέθλιφε	ταθλ́λφω
EL	glaux_pairs.json	orphaned_tonal_mark	ταρφὺς	ταρφψ́ς
EL	glaux_pairs.json	orphaned_tonal_mark	ταυτηνδὶ	ταυτανδ́ς
EL	glaux_pairs.json	orphaned_tonal_mark	ταυταισὶ	ταυτηισ́ς
EL	glaux_pairs.json	orphaned_tonal_mark	ταχύτατι	ταχυτατ́ς
EL	glaux_pairs.json	orphaned_tonal_mark	ἐτέθεν	τεθ́σκω
EL	glaux_pairs.json	orphaned_tonal_mark	τετρατώδεις	τετρ́ατος
EL	glaux_pairs.json	orphaned_tonal_mark	τετραχυμένων	τετραχ́ω
EL	glaux_pairs.json	orphaned_tonal_mark	ἕτερι	τεῥ͂ι
EL	glaux_pairs.json	orphaned_tonal_mark	τηλικαυτησί	τηλικαυτησ́ς
EL	glaux_pairs.json	orphaned_tonal_mark	τηλικουτονί	τηλικουτον́ς
EL	glaux_pairs.json	orphaned_tonal_mark	τηλικουτονὶ	τηλικουτον́ς
EL	glaux_pairs.json	orphaned_tonal_mark	τηνδεδί	τηνδεδ́ς
EL	glaux_pairs.json	orphaned_tonal_mark	τηνδεδὶ	τηνδεδ́ς
EL	glaux_pairs.json	orphaned_tonal_mark	ταρὰ	τηρ́
EL	glaux_pairs.json	orphaned_tonal_mark	ἐτέθλαστο	τιθλασ́ͅσκω
EL	glaux_pairs.json	orphaned_tonal_mark	τοιασδὶ	τοασδ́ς
EL	glaux_pairs.json	orphaned_tonal_mark	τοιαυτησὶ	τοαυτησ́ς
EL	glaux_pairs.json	orphaned_tonal_mark	τοίνων	τοιπ́ω
EL	glaux_pairs.json	orphaned_tonal_mark	τοιονδί	τοονδ́ς
EL	glaux_pairs.json	orphaned_tonal_mark	τοιονδὶ	τοονδ́ς
EL	glaux_pairs.json	orphaned_tonal_mark	τοιουσδί	τοουσδ́ς
EL	glaux_pairs.json	orphaned_tonal_mark	τοιουσδὶ	τοουσδ́ς
EL	glaux_pairs.json	orphaned_tonal_mark	τοιουτονί	τοουτον́ς
EL	glaux_pairs.json	orphaned_tonal_mark	τοιουτονὶ	τοουτον́ς
EL	glaux_pairs.json	orphaned_tonal_mark	τοισδεδὶ	τοσδεδ́ς
EL	glaux_pairs.json	orphaned_tonal_mark	τοσουτονί	τοσουτον́ς
EL	glaux_pairs.json	orphaned_tonal_mark	τοσουτονὶ	τοσουτον́ς
EL	glaux_pairs.json	orphaned_tonal_mark	τουτοινὶ	τουτοιν́ς
EL	glaux_pairs.json	orphaned_tonal_mark	τουτονγὶ	τουτον́ξ
EL	glaux_pairs.json	orphaned_tonal_mark	τουτουμενὶ	τουτουμεν́ς
EL	glaux_pairs.json	orphaned_tonal_mark	τοιῳδὶ	τοῳδ́ς
EL	glaux_pairs.json	orphaned_tonal_mark	τρηχείην	τραχ́ειος
EL	glaux_pairs.json	orphaned_tonal_mark	τρηχείων	τραχ́ειος
EL	glaux_pairs.json	orphaned_tonal_mark	τριγχίων	τριγ́χιον
EL	glaux_pairs.json	orphaned_tonal_mark	τρισκαιδεκαταίων	τρισκαιδεκατ́αιοι
EL	glaux_pairs.json	orphaned_tonal_mark	τρισκαιδεκήρει	τρισκαιδεκερ͂ες
EL	glaux_pairs.json	orphaned_tonal_mark	τριτοίοις	τριτ́οιοι
EL	glaux_pairs.json	orphaned_tonal_mark	ἐτυπτήθη	τυπ́ταμαι
EL	glaux_pairs.json	orphaned_tonal_mark	φανερωτέρως	φανερ͂ως
EL	glaux_pairs.json	orphaned_tonal_mark	πεφαρμαγμένῳ	φαρμαγ́ω
EL	glaux_pairs.json	orphaned_tonal_mark	φθέρσας	φθ́ρημι
EL	glaux_pairs.json	orphaned_tonal_mark	ἐφίλαθεν	φιλαθ́σκω
EL	glaux_pairs.json	orphaned_tonal_mark	φιλοπραγμονέστερον	φιλοπραγ́μων
EL	glaux_pairs.json	orphaned_tonal_mark	φλεγμῃνάντων	φλ́μεγμῃνημι
EL	glaux_pairs.json	orphaned_tonal_mark	φλεβὲς	φλεβ́ς
EL	glaux_pairs.json	orphaned_tonal_mark	ἐφλέγμῃνε	φλεγμῃν́ω
EL	glaux_pairs.json	orphaned_tonal_mark	φνίνου	φν́ϊνον
EL	glaux_pairs.json	orphaned_tonal_mark	πεφοινιγμένας	φοινιγ́ω
EL	glaux_pairs.json	orphaned_tonal_mark	φρμάκοισιν	φρ́μακον
EL	glaux_pairs.json	orphaned_tonal_mark	φρενετίζοντι	φρενετ́ͅζω
EL	glaux_pairs.json	orphaned_tonal_mark	φυλαττό	φυλαττ́υμι
EL	glaux_pairs.json	orphaned_tonal_mark	φωγνύμενον	φωγ́νυμι
EL	glaux_pairs.json	orphaned_tonal_mark	χἄτερος	χ̓͂ς
EL	glaux_pairs.json	orphaned_tonal_mark	κέχαγκα	χαγ́νω
EL	glaux_pairs.json	orphaned_tonal_mark	χορεύων’	χορευν́αν’ω
EL	glaux_pairs.json	orphaned_tonal_mark	χρῶτο	χρ́ομαω
EL	glaux_pairs.json	orphaned_tonal_mark	χρῶτό	χρ́ομαω
EL	glaux_pairs.json	orphaned_tonal_mark	κέχρωται	χρ́ωω
EL	glaux_pairs.json	orphaned_tonal_mark	χραμάτων	χρ͂αμα
EL	glaux_pairs.json	orphaned_tonal_mark	χρῶνταιδὲ	χρωοτ͂νιδω
EL	glaux_pairs.json	orphaned_tonal_mark	ἐχρώ	χρωσ́
EL	glaux_pairs.json	orphaned_tonal_mark	χἁλίκα	χἁλ́ͅκος
EL	glaux_pairs.json	orphaned_tonal_mark	ψήσσῃ	ψ́ησσα
EL	glaux_pairs.json	orphaned_tonal_mark	ψευδαλαζόσιν	ψευδαλ́αζα
EL	glaux_pairs.json	orphaned_tonal_mark	ψλεψὶ	ψλεψ́
EL	glaux_pairs.json	orphaned_tonal_mark	ἀλλόμενος	ἀαιρλ́ω
EL	glaux_pairs.json	orphaned_tonal_mark	ἠβουλήθεν	ἀβουλαθν́σκω
EL	glaux_pairs.json	orphaned_tonal_mark	ἀγχινούστατος	ἀγ́χινους
EL	glaux_pairs.json	orphaned_tonal_mark	ἀγχινουστάτῳ	ἀγχινουσ́ς
EL	glaux_pairs.json	orphaned_tonal_mark	ἀδρυνθέντος	ἀδρυν́ͅζω
EL	glaux_pairs.json	orphaned_tonal_mark	ἀεθλάρχων	ἀεθ́λαρχος
EL	glaux_pairs.json	orphaned_tonal_mark	ἀκολαστητέον	ἀκολαεσ͂μι
EL	glaux_pairs.json	orphaned_tonal_mark	ἀμέμικτ’	ἀμαγιμικ́σκω
EL	glaux_pairs.json	orphaned_tonal_mark	ἠμάλαψε	ἀμαλαψ́ω
EL	glaux_pairs.json	orphaned_tonal_mark	ἀμελχθῇ	ἀμελ́γνυμι
EL	glaux_pairs.json	orphaned_tonal_mark	ἀμελχθησομένους	ἀμελ́γω
EL	glaux_pairs.json	orphaned_tonal_mark	ἀμελχθησόμενα	ἀμελ́γω
EL	glaux_pairs.json	orphaned_tonal_mark	ἀμελχθὲν	ἀμελ́γω
EL	glaux_pairs.json	orphaned_tonal_mark	ἀμελχθῆναι	ἀμελ́γω
EL	glaux_pairs.json	orphaned_tonal_mark	ἀμελχθεῖσα	ἀμελ́ττω
EL	glaux_pairs.json	orphaned_tonal_mark	ἤμεσί	ἀμεσ́ω
EL	glaux_pairs.json	orphaned_tonal_mark	ἠμπέσχον	ἀμπεσχ́ω
EL	glaux_pairs.json	orphaned_tonal_mark	ἀμειγῆ	ἀμυγ͂
EL	glaux_pairs.json	orphaned_tonal_mark	ἀνεωγότος	ἀν́εγυμι
EL	glaux_pairs.json	orphaned_tonal_mark	ἀνθέμιδος	ἀν́θεμις
EL	glaux_pairs.json	orphaned_tonal_mark	ἀναβεβιβακέναι	ἀναβεβιβακ́ημι
EL	glaux_pairs.json	orphaned_tonal_mark	ἀνεκάθαρεν	ἀνακαθ́ͅαρω
EL	glaux_pairs.json	orphaned_tonal_mark	ἀνεκεκάθαρτο	ἀνακαθαρ́ω
EL	glaux_pairs.json	orphaned_tonal_mark	ἀνακλάγξαντες	ἀνακλαρ́γγνυμι
EL	glaux_pairs.json	orphaned_tonal_mark	ἀναλημφθέν	ἀναλημ́πτω
EL	glaux_pairs.json	orphaned_tonal_mark	ἀναλημφθὲν	ἀναλημ́πτω
EL	glaux_pairs.json	orphaned_tonal_mark	ἀναξιβρόντας	ἀναξιβ́ρω
EL	glaux_pairs.json	orphaned_tonal_mark	ἀνεπλώεσκον	ἀναπλωεσ́κω
EL	glaux_pairs.json	orphaned_tonal_mark	ἀνέτρεψεν’	ἀνατρεψεν’͂ναι
EL	glaux_pairs.json	orphaned_tonal_mark	ἀνελάμψεν	ἀνελαμ́πτω
EL	glaux_pairs.json	orphaned_tonal_mark	ἀνορθωκόσιν	ἀνορθ́ωκα
EL	glaux_pairs.json	orphaned_tonal_mark	ἀντετείνοντές	ἀντετ́ͅνω
EL	glaux_pairs.json	orphaned_tonal_mark	ἀντιτειαγμένος	ἀντιιαγ́ομαι
EL	glaux_pairs.json	orphaned_tonal_mark	ἀντικαταδέδυκσε	ἀντικαταδαδυκ́ννυμι
EL	glaux_pairs.json	orphaned_tonal_mark	ἀξιοτιμοτάτου	ἀξιοτιμ͂ος
EL	glaux_pairs.json	orphaned_tonal_mark	ἀπνούστατός	ἀπ́νους
EL	glaux_pairs.json	orphaned_tonal_mark	ἀπνόντων	ἀπ́νω
EL	glaux_pairs.json	orphaned_tonal_mark	ἀπολεσθησομένους	ἀπ́ολομαι
EL	glaux_pairs.json	orphaned_tonal_mark	ἀπαγμόνων	ἀπαγ́μων
EL	glaux_pairs.json	orphaned_tonal_mark	ἀπήμβλυται	ἀπαμβλ́λυω
EL	glaux_pairs.json	orphaned_tonal_mark	ἀπελίπαμεν	ἀπελλ́γω
EL	glaux_pairs.json	orphaned_tonal_mark	ἀπογλυκανθέντες	ἀπογλυκαν́ͅζω
EL	glaux_pairs.json	orphaned_tonal_mark	ἀποδειχθή	ἀποδειχθ́ω
EL	glaux_pairs.json	orphaned_tonal_mark	ἀποδπτχθῆναι	ἀποδπτ́γω
EL	glaux_pairs.json	orphaned_tonal_mark	ἀποκεκαθαρμένοι	ἀποκεκαθαρ́ω
EL	glaux_pairs.json	orphaned_tonal_mark	ἀποκτειννύμενος	ἀποκτειν́νυμαι
EL	glaux_pairs.json	orphaned_tonal_mark	ἀπομορχθεὶς	ἀπομορ́γω
EL	glaux_pairs.json	orphaned_tonal_mark	ἀποπεμπτέα	ἀποπεμπ́ω
EL	glaux_pairs.json	orphaned_tonal_mark	ἀπεπνιγῆ	ἀποπενιγ͂υμι
EL	glaux_pairs.json	orphaned_tonal_mark	ἀποπνιξεῖσθέ	ἀποπνιξ́ζομαι
EL	glaux_pairs.json	orphaned_tonal_mark	ἀποσυρρέντων	ἀποσυρρ́ημι
EL	glaux_pairs.json	orphaned_tonal_mark	ἀποσχοληθέντα	ἀποσχολ́ω
EL	glaux_pairs.json	orphaned_tonal_mark	ἀποφῄνωμεν	ἀποφν́ρχομαω
EL	glaux_pairs.json	orphaned_tonal_mark	ἀπῄραν	ἀπρ́ρχομαα
EL	glaux_pairs.json	orphaned_tonal_mark	ἀπεκταμμένων	ἀπό-κταμ́ω
EL	glaux_pairs.json	orphaned_tonal_mark	ἀρχέει	ἀρ́λχω
EL	glaux_pairs.json	orphaned_tonal_mark	ἀρειστέρῃσιν	ἀρεισ́τερος
EL	glaux_pairs.json	orphaned_tonal_mark	ἀρρέσιν	ἀρρ́ες
EL	glaux_pairs.json	orphaned_tonal_mark	ἀρσσκόμενοι	ἀρσ́ͅσκω
EL	glaux_pairs.json	orphaned_tonal_mark	ἀρτηριοτμηθέντες	ἀρτηριοτ́μω
EL	glaux_pairs.json	orphaned_tonal_mark	ἀσχέτουτε	ἀσχ́τωυ
EL	glaux_pairs.json	orphaned_tonal_mark	ἀφίεναι	ἀφ́ερχομαι
EL	glaux_pairs.json	orphaned_tonal_mark	ἀφιένα	ἀφ́ιι
EL	glaux_pairs.json	orphaned_tonal_mark	ἀφηλπικὼς	ἀφαλπ́λιω
EL	glaux_pairs.json	orphaned_tonal_mark	ἀφελχθείη	ἀφελ́γω
EL	glaux_pairs.json	orphaned_tonal_mark	ἀχρούστατόν	ἀχ́ροος
EL	glaux_pairs.json	orphaned_tonal_mark	ἀχρουστέρα	ἀχ́ρους
EL	glaux_pairs.json	orphaned_tonal_mark	ἁλισκομένοι	ἁλισκ́ομαι
EL	glaux_pairs.json	orphaned_tonal_mark	ἁμαρτήνων	ἁμαρτηπ́ω
EL	glaux_pairs.json	orphaned_tonal_mark	Ἀγγὶ	Ἀγ́ξ
EL	glaux_pairs.json	orphaned_tonal_mark	Ἀζενὶ	Ἀζεν́ς
EL	glaux_pairs.json	orphaned_tonal_mark	Ἀλεξανδρείους	Ἀλεξανδρ́ειος
EL	glaux_pairs.json	orphaned_tonal_mark	Ἀσωπιάδες	Ἀσ́ωπιος
EL	glaux_pairs.json	orphaned_tonal_mark	ἐγκατελίπατε	ἐγκατελλ́γω
EL	glaux_pairs.json	orphaned_tonal_mark	ἐγκλινέστερα	ἐγκλιν͂ος
EL	glaux_pairs.json	orphaned_tonal_mark	ἐγκρατί	ἐγκρατ́ς
EL	glaux_pairs.json	orphaned_tonal_mark	ἐλεγέ	ἐγλλυμ́
EL	glaux_pairs.json	orphaned_tonal_mark	ἐγχριμπτούσας	ἐγχριμ́ͅπτω
EL	glaux_pairs.json	orphaned_tonal_mark	ἐγχωσθήσεται	ἐγχωσ́ͅζω
EL	glaux_pairs.json	orphaned_tonal_mark	ἐδυνά	ἐδυν́μαι
EL	glaux_pairs.json	orphaned_tonal_mark	ἔπέζευκται	ἐεζευκ́ννυμι
EL	glaux_pairs.json	orphaned_tonal_mark	ἑτομένων	ἐετ́ω
EL	glaux_pairs.json	orphaned_tonal_mark	ἐκκεκαθαρμένα	ἐκ́κεκαθαρμι
EL	glaux_pairs.json	orphaned_tonal_mark	ἐξέλθη	ἐκ́λω
EL	glaux_pairs.json	orphaned_tonal_mark	ἐκσχηκέναι	ἐκ́χω
EL	glaux_pairs.json	orphaned_tonal_mark	ἐκείηνς	ἐκείηνες͂ς
EL	glaux_pairs.json	orphaned_tonal_mark	ἐκθλιβέντων	ἐκθλιβ́ημι
EL	glaux_pairs.json	orphaned_tonal_mark	ἐξεκάθ	ἐκκαθ́ω
EL	glaux_pairs.json	orphaned_tonal_mark	ἐκκρεμανῦντα	ἐκκρεμαν́ω
EL	glaux_pairs.json	orphaned_tonal_mark	ἐκκυμανθεῖσαν	ἐκκυμαν́ͅζω
EL	glaux_pairs.json	orphaned_tonal_mark	ἐκπυΐσκωσιν	ἐκπ́-υΐσκω
EL	glaux_pairs.json	orphaned_tonal_mark	ἐξεπόνασας	ἐκπονασας́ω
EL	glaux_pairs.json	orphaned_tonal_mark	ἐκπρολιπγοῦσα	ἐκπρολιπγ́ειμι
EL	glaux_pairs.json	orphaned_tonal_mark	ἐξερεύξαιντο	ἐκριυγ́ξαιμαι
EL	glaux_pairs.json	orphaned_tonal_mark	ἐκτεθηλυμένῳ	ἐκτεθηλ́ω
EL	glaux_pairs.json	orphaned_tonal_mark	ἐκτένοντες	ἐκτεπ́ω
EL	glaux_pairs.json	orphaned_tonal_mark	ἐκτέραπται	ἐκτιραπ́σκω
EL	glaux_pairs.json	orphaned_tonal_mark	ἐλὼν	ἐλ́ειμι
EL	glaux_pairs.json	orphaned_tonal_mark	ἐλσὼν	ἐλσ́ειμι
EL	glaux_pairs.json	orphaned_tonal_mark	ἐμβολὼν	ἐμ́-βλῴσκω
EL	glaux_pairs.json	orphaned_tonal_mark	ἔμβκλε	ἐμβκ́λω
EL	glaux_pairs.json	orphaned_tonal_mark	ἐμβραχέντων	ἐμβραχ́ημι
EL	glaux_pairs.json	orphaned_tonal_mark	ἐμπεπτωκένει	ἐμπεπτωκεπ́ω
EL	glaux_pairs.json	orphaned_tonal_mark	ἐμπιπλεὶς	ἐμπιπλ́ημι
EL	glaux_pairs.json	orphaned_tonal_mark	ἐμπλαστῶδες	ἐμπλαστωιδ͂δεσκω
EL	glaux_pairs.json	orphaned_tonal_mark	ἐναπομορχθείσης	ἐναπομορ́γω
EL	glaux_pairs.json	orphaned_tonal_mark	ἐνδεικυμένη	ἐνδεικ́ομαι
EL	glaux_pairs.json	orphaned_tonal_mark	ἐξῇρα	ἐξ͂ραμι
EL	glaux_pairs.json	orphaned_tonal_mark	ἐξημελγμένον	ἐξαμελ́λγω
EL	glaux_pairs.json	orphaned_tonal_mark	ἐξηρθρηκός	ἐξαρθρ́ληο
EL	glaux_pairs.json	orphaned_tonal_mark	ἐξηρθρηκὸς	ἐξαρθρ́ληο
EL	glaux_pairs.json	orphaned_tonal_mark	ἐξολογεῖσθε	ἐξολογ́ζομαι
EL	glaux_pairs.json	orphaned_tonal_mark	ἐξομολγησόμεθα	ἐξομολ́σσω
EL	glaux_pairs.json	orphaned_tonal_mark	ἐπῇρα	ἐπ͂ραμι
EL	glaux_pairs.json	orphaned_tonal_mark	ἐπαυχμήεις	ἐπαυχμ́εις
EL	glaux_pairs.json	orphaned_tonal_mark	ἐπαφίεναι	ἐπαφ́ερχομαι
EL	glaux_pairs.json	orphaned_tonal_mark	ἐπενήνεγκται	ἐπενανεγ́σσω
EL	glaux_pairs.json	orphaned_tonal_mark	ἐπευκτέα	ἐπευκ́ω
EL	glaux_pairs.json	orphaned_tonal_mark	ἐπηνώρθωται	ἐπηνορθ́ωω
EL	glaux_pairs.json	orphaned_tonal_mark	ἐπιβιὸν	ἐπιβ́ιειμι
EL	glaux_pairs.json	orphaned_tonal_mark	ἐπέβραχον	ἐπιβραχ́ω
EL	glaux_pairs.json	orphaned_tonal_mark	ἐπέμψε	ἐπιμ́πω
EL	glaux_pairs.json	orphaned_tonal_mark	ἐπεπλήμμυρε	ἐπιπλημμυρ́ω
EL	glaux_pairs.json	orphaned_tonal_mark	ἐρέθοντες	ἐρ ́εθω
EL	glaux_pairs.json	orphaned_tonal_mark	ἐρέθουσα	ἐρ ́εθω
EL	glaux_pairs.json	orphaned_tonal_mark	ἤρεθον	ἐρ ́εθω
EL	glaux_pairs.json	orphaned_tonal_mark	ἤρεθε	ἐρ́εθω
EL	glaux_pairs.json	orphaned_tonal_mark	ἐρραστωνεῦσθαι	ἐρρ́-αστωνέω
EL	glaux_pairs.json	orphaned_tonal_mark	’ἔρρε	ἐρρ́ω
EL	glaux_pairs.json	orphaned_tonal_mark	ἔρχι	ἐρχ́ω
EL	glaux_pairs.json	orphaned_tonal_mark	εἰσῆλ	ἐσομ͂λ
EL	glaux_pairs.json	orphaned_tonal_mark	ἐστῖν	ἐστ́ω
EL	glaux_pairs.json	orphaned_tonal_mark	ἔστορι	ἐστορ́ρχομαι
EL	glaux_pairs.json	orphaned_tonal_mark	ἔστωταν	ἐστων́νω
EL	glaux_pairs.json	orphaned_tonal_mark	ἐφρανθησόμεθα	ἐφραν́ͅζω
EL	glaux_pairs.json	orphaned_tonal_mark	ἐχθροῦς	ἐχθ́ρεος
EL	glaux_pairs.json	orphaned_tonal_mark	ἱδὼν	ἑδ́ρχομαι
EL	glaux_pairs.json	orphaned_tonal_mark	ἑς	ἑες͂ς
EL	glaux_pairs.json	orphaned_tonal_mark	ἑλχθῇ	ἑλ́γνυμι
EL	glaux_pairs.json	orphaned_tonal_mark	ἑλχθέν	ἑλ́γω
EL	glaux_pairs.json	orphaned_tonal_mark	ἑλχθέντες	ἑλ́γω
EL	glaux_pairs.json	orphaned_tonal_mark	ἑλχθέντων	ἑλ́γω
EL	glaux_pairs.json	orphaned_tonal_mark	ἑλχθὲν	ἑλ́γω
EL	glaux_pairs.json	orphaned_tonal_mark	ἑλχθῆναι	ἑλ́σκω
EL	glaux_pairs.json	orphaned_tonal_mark	ἑλχθέντος	ἑλ́ττω
EL	glaux_pairs.json	orphaned_tonal_mark	ἑλχθεῖσα	ἑλ́ττω
EL	glaux_pairs.json	orphaned_tonal_mark	ἑλχθεῖσαν	ἑλ́ττω
EL	glaux_pairs.json	orphaned_tonal_mark	ἑλχθεῖσι	ἑλχ́ͅζω
EL	glaux_pairs.json	orphaned_tonal_mark	ἑρχθῇ	ἑρ́γνυμι
EL	glaux_pairs.json	orphaned_tonal_mark	ἑρχθέντας	ἑρ́γω
EL	glaux_pairs.json	orphaned_tonal_mark	ἑρχθέντες	ἑρ́γω
EL	glaux_pairs.json	orphaned_tonal_mark	ἑρχθεὶς	ἑρ́γω
EL	glaux_pairs.json	orphaned_tonal_mark	ἑρχθὲν	ἑρ́γω
EL	glaux_pairs.json	orphaned_tonal_mark	εἵρπυζον	ἑρπυζ́ω
EL	glaux_pairs.json	orphaned_tonal_mark	Ἐμμώρου	Ἐμ́μωρος
EL	glaux_pairs.json	orphaned_tonal_mark	Ἐρασιτράτου	Ἐρασ́ιτρατος
EL	glaux_pairs.json	orphaned_tonal_mark	Ἐρεβοίας	Ἐρεβ́οιος
EL	glaux_pairs.json	orphaned_tonal_mark	Ἑρμοπτσλέμου	Ἑρμοπτσ́λεμος
EL	glaux_pairs.json	orphaned_tonal_mark	ἠνεῳγμέναις	ἠναις́γνυμι
EL	glaux_pairs.json	orphaned_tonal_mark	ἠνοιγμένη	ἠνοιγ́ννυμι
EL	glaux_pairs.json	orphaned_tonal_mark	ἠνοιγμέναις	ἠνοιγ͂μαι
EL	glaux_pairs.json	orphaned_tonal_mark	ἠνεῳγμένοις	ἠνοις́γνυμι
EL	glaux_pairs.json	orphaned_tonal_mark	ἠνεῳγμένους	ἠνους́γνυμι
EL	glaux_pairs.json	orphaned_tonal_mark	ἠπειλημμένοις	ἠπό-ιλημ́ω
EL	glaux_pairs.json	orphaned_tonal_mark	ἡλίοα	ἡλ́ͅοος
EL	glaux_pairs.json	orphaned_tonal_mark	ἡρματισμέμη	ἡρματισ́μμημι
EL	glaux_pairs.json	orphaned_tonal_mark	ἡσυχέστερά	ἡσυχ͂ος
EL	glaux_pairs.json	orphaned_tonal_mark	’ἴδε	ἰδ́ω
EL	glaux_pairs.json	orphaned_tonal_mark	ἰσχυρότα	ἰσχ́ουρε
EL	glaux_pairs.json	orphaned_tonal_mark	ἰήτρεύοντας	ἴη-́ἰτρευω
EL	glaux_pairs.json	orphaned_tonal_mark	Ἰαμινί	Ἰαμιν́ς
EL	glaux_pairs.json	orphaned_tonal_mark	Ἰαχινί	Ἰαχιν́ς
EL	glaux_pairs.json	orphaned_tonal_mark	Ἰορδὰν	Ἰορεδ͂ος
EL	glaux_pairs.json	orphaned_tonal_mark	ὄγκωτο	ὀγκ́ννυμω
EL	glaux_pairs.json	orphaned_tonal_mark	ὀθνίας	ὀθ́νιος
EL	glaux_pairs.json	orphaned_tonal_mark	ὤμοκε	ὀμοκ́ω
EL	glaux_pairs.json	orphaned_tonal_mark	ὠμόμοκε	ὀμομοκ́ω
EL	glaux_pairs.json	orphaned_tonal_mark	ὀσφρανθήσονται	ὀσφραν́ͅζω
EL	glaux_pairs.json	orphaned_tonal_mark	ὀφθὴναι	ὀφ́θημι
EL	glaux_pairs.json	orphaned_tonal_mark	ὁμολόγεωσι	ὁμολοιγ́γεσκω
EL	glaux_pairs.json	orphaned_tonal_mark	ὁμρρούσης	ὁμρ́ρειμι
EL	glaux_pairs.json	orphaned_tonal_mark	ὁνομάτων	ὁν͂ομα
EL	glaux_pairs.json	orphaned_tonal_mark	ὁποινοῦν	ὁπ́οις
EL	glaux_pairs.json	orphaned_tonal_mark	ὁποσαπλασιονοῦν	ὁποσαπλασ́ιος
EL	glaux_pairs.json	orphaned_tonal_mark	ὅτιοῦν	ὁσ́τσιοῦν
EL	glaux_pairs.json	orphaned_tonal_mark	ὑπεραγαλλόμενος	ὑπέρ-ἀγαλ́λω
EL	glaux_pairs.json	orphaned_tonal_mark	ὑπενόμενσα	ὑπενομεν́ω
EL	glaux_pairs.json	orphaned_tonal_mark	ὑπερνηχόμενον	ὑπερν́ηχω
EL	glaux_pairs.json	orphaned_tonal_mark	ὑπερφαινό	ὑπερφαιν́υμι
EL	glaux_pairs.json	orphaned_tonal_mark	ὑπέστρε	ὑπισετ́ρω
EL	glaux_pairs.json	orphaned_tonal_mark	ὑποθύψας	ὑποθ́ψσκω
EL	glaux_pairs.json	orphaned_tonal_mark	ὑπεισχημένος	ὑποισχ́ηνυμαι
EL	glaux_pairs.json	orphaned_tonal_mark	ὑπολειφόντων	ὑπολειφ́ω
EL	glaux_pairs.json	orphaned_tonal_mark	ὑπερέβαλλεν’	ὑπορεβαλλεν’́ομαι
EL	glaux_pairs.json	orphaned_tonal_mark	ὑποσυνηλιμμένα	ὑποσυνηλιμ́ω
EL	glaux_pairs.json	orphaned_tonal_mark	ὑπεστορεσμένοις	ὑπό-στορεσ́ω
EL	glaux_pairs.json	orphaned_tonal_mark	ὠλιγορηκότα	ὠλιγορ́οηκε
EL	glaux_pairs.json	orphaned_tonal_mark	ᾀδόμενά	ᾀδ́ω
EL	glaux_pairs.json	orphaned_tonal_mark	ᾐρκότας	ᾀρ́ζω
EL	glaux_pairs.json	orphaned_tonal_mark	ᾅμα	ᾁ̈νμ́αμαι
EL	glaux_pairs.json	orphaned_tonal_mark	ᾗἀδικεῖται	ᾗἀδικ́ζομαι
EL	glaux_pairs.json	orphaned_tonal_mark	ᾠδίνουσα	ᾠδιπ́ω
EL	glaux_pairs.json	orphaned_tonal_mark	ῥρεύματος	ῥ́ρευμα
EL	glaux_pairs.json	orphaned_tonal_mark	ῥυέντης	ῥ͂υτη
EL	glaux_pairs.json	orphaned_tonal_mark	ῥιγέστατα	ῥιγ͂ος
EL	glaux_pairs.json	orphaned_tonal_mark	ῥλθέντων	ῥλ́θημι
EL	glaux_pairs.json	orphaned_tonal_mark	Ῥινοκουρούροις	Ῥ́ινοκουρουρος
EL	glaux_pairs.json	orphaned_tonal_mark	Ῥωσάνδρου	Ῥ́ωσανδρος
EL	glaux_pairs.json	orphaned_tonal_mark	––⏑⏑–σί	––⏑⏑–σ́ς
EL	glaux_pairs.json	orphaned_tonal_mark	’εἰπέ	’εεἰπ́υμι
EL	glaux_pairs.json	orphaned_tonal_mark	’κείνῃ	’κ́ες
AG	glaux_pairs.json	overline	αδιος	α̅δ̅ι̅ο̅ς̅
AG	glaux_pairs.json	overline	ακθ’	ακθ’̅
AG	glaux_pairs.json	overline	Β̅	β̅
AG	glaux_pairs.json	overline	β̅	β̅
AG	glaux_pairs.json	overline	Γ̅	γ̅
AG	glaux_pairs.json	overline	γ̅	γ̅
AG	glaux_pairs.json	overline	γγ̅	γγ̅
AG	glaux_pairs.json	overline	Δ̅	δ̅
AG	glaux_pairs.json	overline	δ̅	δ̅
AG	glaux_pairs.json	overline	Ζ̅	ζ̅
AG	glaux_pairs.json	overline	ζ̅	ζ̅
AG	glaux_pairs.json	overline	Θ̅	θ̅
AG	glaux_pairs.json	overline	θ̅	θ̅
AG	glaux_pairs.json	overline	Κ̅	κ̅
AG	glaux_pairs.json	overline	κ̅	κ̅
AG	glaux_pairs.json	overline	κτ	κ̅τ̅
AG	glaux_pairs.json	overline	κκ̅	κκ̅ʹ
AG	glaux_pairs.json	overline	λ̅	λ̅
AG	glaux_pairs.json	overline	λλ̅	λλ̅ʹ
AG	glaux_pairs.json	overline	Μ̅	μ̅
AG	glaux_pairs.json	overline	μ̅	μ̅
AG	glaux_pairs.json	overline	μμ̅	μμ̅
AG	glaux_pairs.json	overline	ν̅	ν̅
AG	glaux_pairs.json	overline	ξ̅	ξ̅
AG	glaux_pairs.json	overline	πτ	π̅τ̅
AG	glaux_pairs.json	overline	πτ̅	πτ̅
AG	glaux_pairs.json	overline	ρ̅	ρ̅
AG	glaux_pairs.json	overline	ρρ̅	ρρ̅ʹ
AG	glaux_pairs.json	overline	Σ̅	σ̅
AG	glaux_pairs.json	overline	σ̅	σ̅
AG	glaux_pairs.json	overline	σ̅σ̅	σ̅σ̅
AG	glaux_pairs.json	overline	σσ̅	σσ̅
AG	glaux_pairs.json	overline	στο	στο̅
AG	glaux_pairs.json	overline	τ̅	τ̅
AG	glaux_pairs.json	overline	ττ̅	ττ̅ʹ
AG	glaux_pairs.json	overline	φ̅	φ̅
AG	glaux_pairs.json	overline	Χ̅	χ̅
AG	glaux_pairs.json	overline	χ̅	χ̅
AG	glaux_pairs.json	overline	χ̅μ̅δ̅	χ̅μ̅δ̅ʹ
AG	glaux_pairs.json	overline	ψ̅	ψ̅
EL	glaux_pairs.json	overline	·καὶ	·καί̅
EL	glaux_pairs.json	overline	Μιδά	Μιδά̅
EL	glaux_pairs.json	overline	α̅	α̅
EL	glaux_pairs.json	overline	αδιος	α̅δ̅ι̅ο̅ς̅
EL	glaux_pairs.json	overline	αζω̅	αζω̅
EL	glaux_pairs.json	overline	αι̅	αι̅
EL	glaux_pairs.json	overline	αια̅	αια̅
EL	glaux_pairs.json	overline	ακθ’	ακθ’̅
EL	glaux_pairs.json	overline	ανω̅	ανω̅
EL	glaux_pairs.json	overline	αξ̅	αξ̅
EL	glaux_pairs.json	overline	αριον̅	αριον̅
EL	glaux_pairs.json	overline	αροσ̅	αροσ̅
EL	glaux_pairs.json	overline	ασ̅	ασ̅
EL	glaux_pairs.json	overline	αψ̅	αψ̅
EL	glaux_pairs.json	overline	Β̅	β̅
EL	glaux_pairs.json	overline	β̅	β̅
EL	glaux_pairs.json	overline	βα̅	βα̅ʹ
EL	glaux_pairs.json	overline	βε̅	βε̅ʹ
EL	glaux_pairs.json	overline	βι̅	βι̅ʹ
EL	glaux_pairs.json	overline	βο̅	βο̅
EL	glaux_pairs.json	overline	βυ̅	βυ̅
EL	glaux_pairs.json	overline	βω̅	βω̅ʹ
EL	glaux_pairs.json	overline	Γ̅	γ̅
EL	glaux_pairs.json	overline	γ̅	γ̅
EL	glaux_pairs.json	overline	γγ̅	γγ̅
EL	glaux_pairs.json	overline	γυναικίζοντεσ̅	γυναικίζοντεσ̅ʹ
EL	glaux_pairs.json	overline	Δ̅	δ̅
EL	glaux_pairs.json	overline	δ̅	δ̅
EL	glaux_pairs.json	overline	δοσ̅	δοσ̅
EL	glaux_pairs.json	overline	ε̅	ε̅
EL	glaux_pairs.json	overline	ε̅ι̅	ε̅ι̅
EL	glaux_pairs.json	overline	ευσ̅	ευσ̅ʹ
EL	glaux_pairs.json	overline	εἴτα	εἴτα̅
EL	glaux_pairs.json	overline	Ζ̅	ζ̅
EL	glaux_pairs.json	overline	ζ̅	ζ̅
EL	glaux_pairs.json	overline	ζε̅	ζε̅
EL	glaux_pairs.json	overline	ζω̅	ζω̅
EL	glaux_pairs.json	overline	η̅	η̅
EL	glaux_pairs.json	overline	η̅σ̅	η̅σ̅
EL	glaux_pairs.json	overline	Θ̅	θ̅
EL	glaux_pairs.json	overline	θ̅	θ̅
EL	glaux_pairs.json	overline	θα̅	θα̅ʹ
EL	glaux_pairs.json	overline	ι̅	ι̅
EL	glaux_pairs.json	overline	ιμοσ̅	ιμοσ̅
EL	glaux_pairs.json	overline	ινη̅	ινη̅
EL	glaux_pairs.json	overline	ινοσ̅	ινοσ̅
EL	glaux_pairs.json	overline	ισ̅	ισ̅
EL	glaux_pairs.json	overline	ιψ̅	ιψ̅ʹ
EL	glaux_pairs.json	overline	Κ̅	κ̅
EL	glaux_pairs.json	overline	κ̅	κ̅
EL	glaux_pairs.json	overline	κτ	κ̅τ̅
EL	glaux_pairs.json	overline	κάστωρ-καὶ	κάστωρ-κα̅ι̅
EL	glaux_pairs.json	overline	καὲ	καέ̅
EL	glaux_pairs.json	overline	κκ̅	κκ̅ʹ
EL	glaux_pairs.json	overline	λ̅	λ̅
EL	glaux_pairs.json	overline	λα̅	λα̅
EL	glaux_pairs.json	overline	λη̅	λη̅
EL	glaux_pairs.json	overline	λλ̅	λλ̅ʹ
EL	glaux_pairs.json	overline	λοσ̅	λοσ̅
EL	glaux_pairs.json	overline	Μ̅	μ̅
EL	glaux_pairs.json	overline	μ̅	μ̅
EL	glaux_pairs.json	overline	μα̅	μα̅
EL	glaux_pairs.json	overline	μι̅	μι̅ʹ
EL	glaux_pairs.json	overline	μμ̅	μμ̅
EL	glaux_pairs.json	overline	μοσ̅	μοσ̅
EL	glaux_pairs.json	overline	ν̅	ν̅
EL	glaux_pairs.json	overline	νη̅	νη̅
EL	glaux_pairs.json	overline	νοσ̅	νοσ̅
EL	glaux_pairs.json	overline	νοῦτο	νοῦτο̅
EL	glaux_pairs.json	overline	ξ̅	ξ̅
EL	glaux_pairs.json	overline	ο̅	ο̅
EL	glaux_pairs.json	overline	οι̅	οι̅ʹ
EL	glaux_pairs.json	overline	οσ̅	οσ̅
EL	glaux_pairs.json	overline	ου̅	ου̅ʹ
EL	glaux_pairs.json	overline	οὐτ-	οὐτ̅-̅
EL	glaux_pairs.json	overline	πτ	π̅τ̅
EL	glaux_pairs.json	overline	πολυ̅	πολυ̅
EL	glaux_pairs.json	overline	προ̅	προ̅ʹ
EL	glaux_pairs.json	overline	προηγεῖται’	προηγεῖται’̅
EL	glaux_pairs.json	overline	πτ̅	πτ̅
EL	glaux_pairs.json	overline	πτω̅	πτω̅
EL	glaux_pairs.json	overline	ρ̅	ρ̅
EL	glaux_pairs.json	overline	ρα̅	ρα̅ʹ
EL	glaux_pairs.json	overline	ροσ̅	ροσ̅
EL	glaux_pairs.json	overline	ρρ̅	ρρ̅ʹ
EL	glaux_pairs.json	overline	Σ̅	σ̅
EL	glaux_pairs.json	overline	σ̅	σ̅
EL	glaux_pairs.json	overline	σ̅σ̅	σ̅σ̅
EL	glaux_pairs.json	overline	σα̅	σα̅
EL	glaux_pairs.json	overline	σαι̅	σαι̅ʹ
EL	glaux_pairs.json	overline	σι̅	σι̅ʹ
EL	glaux_pairs.json	overline	σοσ̅	σοσ̅
EL	glaux_pairs.json	overline	σσ̅	σσ̅
EL	glaux_pairs.json	overline	σσων̅	σσων̅
EL	glaux_pairs.json	overline	συνη̅	συνη̅
EL	glaux_pairs.json	overline	σω̅	σω̅
EL	glaux_pairs.json	overline	τ̅	τ̅
EL	glaux_pairs.json	overline	τα̅	τα̅ʹ
EL	glaux_pairs.json	overline	τη̅	τη̅ʹ
EL	glaux_pairs.json	overline	τι̅	τι̅
EL	glaux_pairs.json	overline	τρι̅	τρι̅ʹ
EL	glaux_pairs.json	overline	τρια̅	τρια̅
EL	glaux_pairs.json	overline	ττ̅	ττ̅ʹ
EL	glaux_pairs.json	overline	υ̅	υ̅
EL	glaux_pairs.json	overline	φ̅	φ̅
EL	glaux_pairs.json	overline	Χ̅	χ̅
EL	glaux_pairs.json	overline	χ̅	χ̅
EL	glaux_pairs.json	overline	χ̅μ̅δ̅	χ̅μ̅δ̅ʹ
EL	glaux_pairs.json	overline	ψ̅	ψ̅
EL	glaux_pairs.json	overline	ψευδο̅	ψευδο̅
EL	glaux_pairs.json	overline	ω̅	ω̅
EL	glaux_pairs.json	overline	ων̅	ων̅ʹ
EL	glaux_pairs.json	overline	ωσ̅	ωσ̅
EL	glaux_pairs.json	overline	ἀντι̅	ἀντι̅ʹ
EL	glaux_pairs.json	overline	Ἐλβωϋδὰδ	Ἐλβωϋδάδ̅
EL	glaux_pairs.json	overline	ὁρμὴ-καὶ	ὁρμή-κα̅ι̅
EL	glaux_pairs.json	overline	ὑποχονδρ	ὑποχονδρ̅
AG	glaux_pairs.json	untrusted_grave	κλῃδὼν	κλῃδὼν
AG	glaux_pairs.json	untrusted_grave	περιέ	περιὲ
AG	glaux_pairs.json	untrusted_grave	ἐπιτοπουλὺ	ἐπιτοπουλὺ
AG	glaux_pairs.json	untrusted_grave	ὁπὸ	ὁπὸ
EL	glaux_pairs.json	untrusted_grave	·μὴ	·μὴ
EL	glaux_pairs.json	untrusted_grave	·μὴν	·μὴν
EL	glaux_pairs.json	untrusted_grave	Παντὸς	Παντὸς
EL	glaux_pairs.json	untrusted_grave	Πραντὸς	Πραντὸς
EL	glaux_pairs.json	untrusted_grave	απὸ	απὸ
EL	glaux_pairs.json	untrusted_grave	ατινά	ατινὰ
EL	glaux_pairs.json	untrusted_grave	αἰδάδ	αἰδὰδ
EL	glaux_pairs.json	untrusted_grave	αἰδὰδ	αἰδὰδ
EL	glaux_pairs.json	untrusted_grave	βαδόν	βαδὸν
EL	glaux_pairs.json	untrusted_grave	διασκέ	διασκὲ
EL	glaux_pairs.json	untrusted_grave	δέρ	δὲρ
EL	glaux_pairs.json	untrusted_grave	επὶ	επὶ
EL	glaux_pairs.json	untrusted_grave	ερὲς	ερὲς
EL	glaux_pairs.json	untrusted_grave	εἰσβάλ	εἰσβὰλ
EL	glaux_pairs.json	untrusted_grave	εἰσό	εἰσὸ
EL	glaux_pairs.json	untrusted_grave	ζβυχθηδόν	ζβυχθηδὸν
EL	glaux_pairs.json	untrusted_grave	ζβυχθηδὸν	ζβυχθηδὸν
EL	glaux_pairs.json	untrusted_grave	ικαὶ	ικαὶ
EL	glaux_pairs.json	untrusted_grave	ιὴν	ιὴν
EL	glaux_pairs.json	untrusted_grave	κακοζηλό	κακοζηλὸ
EL	glaux_pairs.json	untrusted_grave	καλύ	καλὺ
EL	glaux_pairs.json	untrusted_grave	κατακεέ	κατακεὲ
EL	glaux_pairs.json	untrusted_grave	καταμή	καταμὴ
EL	glaux_pairs.json	untrusted_grave	καταντικρὺς	καταντικρὺς
EL	glaux_pairs.json	untrusted_grave	κατοξὺ	κατοξὺ
EL	glaux_pairs.json	untrusted_grave	καὶι	καὶι
EL	glaux_pairs.json	untrusted_grave	κλιδόν	κλιδὸν
EL	glaux_pairs.json	untrusted_grave	κλιδὸν	κλιδὸν
EL	glaux_pairs.json	untrusted_grave	κλύ	κλὺ
EL	glaux_pairs.json	untrusted_grave	κλῃδών	κλῃδὼν
EL	glaux_pairs.json	untrusted_grave	κλῃδὼν	κλῃδὼν
EL	glaux_pairs.json	untrusted_grave	κρινό	κρινὸ
EL	glaux_pairs.json	untrusted_grave	κράξ	κρὰξ
EL	glaux_pairs.json	untrusted_grave	κάὶ	κὰι
EL	glaux_pairs.json	untrusted_grave	κό	κὸ
EL	glaux_pairs.json	untrusted_grave	κᾀπὸ	κᾀπὸ
EL	glaux_pairs.json	untrusted_grave	λὰς	λὰς
EL	glaux_pairs.json	untrusted_grave	μεσφὶ	μεσφὶ
EL	glaux_pairs.json	untrusted_grave	μεταπολὺ	μεταπολὺ
EL	glaux_pairs.json	untrusted_grave	μονονοὺχ	μονονοὺχ
EL	glaux_pairs.json	untrusted_grave	μπταξὺ	μπταξὺ
EL	glaux_pairs.json	untrusted_grave	νβοέ	νβοὲ
EL	glaux_pairs.json	untrusted_grave	ξὺγ	ξὺγ
EL	glaux_pairs.json	untrusted_grave	ουδὲ	ουδὲ
EL	glaux_pairs.json	untrusted_grave	οὃς	οὃς
EL	glaux_pairs.json	untrusted_grave	οὐδεγὸς	οὐδεγὸς
EL	glaux_pairs.json	untrusted_grave	οὐσὲ	οὐσὲ
EL	glaux_pairs.json	untrusted_grave	οὔν	οὒν
EL	glaux_pairs.json	untrusted_grave	παραπουλὺ	παραπουλὺ
EL	glaux_pairs.json	untrusted_grave	πλευρ’ὸν	πλευρ’ὸν
EL	glaux_pairs.json	untrusted_grave	πολλαχοὺ	πολλαχοὺ
EL	glaux_pairs.json	untrusted_grave	ποχὺ	ποχὺ
EL	glaux_pairs.json	untrusted_grave	προεκόψ	προεκὸψ
EL	glaux_pairs.json	untrusted_grave	προκατάρ	προκατὰρ
EL	glaux_pairs.json	untrusted_grave	προσιό	προσιὸ
EL	glaux_pairs.json	untrusted_grave	ροὰς	ροὰς
EL	glaux_pairs.json	untrusted_grave	ρυπαρὰ	ρυπαρὰ
EL	glaux_pairs.json	untrusted_grave	συνεκκρινό	συνεκκρινὸ
EL	glaux_pairs.json	untrusted_grave	σχιδακιδὸν	σχιδακιδὸν
EL	glaux_pairs.json	untrusted_grave	σύγ	σὺγ
EL	glaux_pairs.json	untrusted_grave	ταύτ	ταὺτ
EL	glaux_pairs.json	untrusted_grave	τεσσαρακοντὸν	τεσσαρακοντὸν
EL	glaux_pairs.json	untrusted_grave	τησδὶ	τησδὶ
EL	glaux_pairs.json	untrusted_grave	τοσαύ	τοσαὺ
EL	glaux_pairs.json	untrusted_grave	τοσησδί	τοσησδὶ
EL	glaux_pairs.json	untrusted_grave	τοσουδί	τοσουδὶ
EL	glaux_pairs.json	untrusted_grave	τριακονταὲν	τριακονταὲν
EL	glaux_pairs.json	untrusted_grave	τέξ	τὲξ
EL	glaux_pairs.json	untrusted_grave	υπεκπρὸ	υπεκπρὸ
EL	glaux_pairs.json	untrusted_grave	υπὸ	υπὸ
EL	glaux_pairs.json	untrusted_grave	χὂν	χὂν
EL	glaux_pairs.json	untrusted_grave	χὑμές	χὑμὲς
EL	glaux_pairs.json	untrusted_grave	Ϛʹποὺς	Ϛʹποὺς
EL	glaux_pairs.json	untrusted_grave	ἀμφαριστερὸν	ἀμφαριστερὸν
EL	glaux_pairs.json	untrusted_grave	ἀναθρέψ	ἀναθρὲψ
EL	glaux_pairs.json	untrusted_grave	ἀπαμπί	ἀπαμπὶ
EL	glaux_pairs.json	untrusted_grave	ἀπονή	ἀπονὴ
EL	glaux_pairs.json	untrusted_grave	ἀπτύ	ἀπτὺ
EL	glaux_pairs.json	untrusted_grave	ἀπήλ	ἀπὴλ
EL	glaux_pairs.json	untrusted_grave	ἀσθέ	ἀσθὲ
EL	glaux_pairs.json	untrusted_grave	κᾀπειδὴ	ἐͅπειδὴ
EL	glaux_pairs.json	untrusted_grave	ἐλέ	ἐλὲ
EL	glaux_pairs.json	untrusted_grave	ἐμβιβά	ἐμβιβὰ
EL	glaux_pairs.json	untrusted_grave	ἐνανκατὰ	ἐνανκατὰ
EL	glaux_pairs.json	untrusted_grave	ἐνέρ	ἐνὲρ
EL	glaux_pairs.json	untrusted_grave	ἐνὼχ	ἐνὼχ
EL	glaux_pairs.json	untrusted_grave	ἐνῳδὸν	ἐνῳδὸν
EL	glaux_pairs.json	untrusted_grave	ἐξελέ	ἐξελὲ
EL	glaux_pairs.json	untrusted_grave	ἐπειδἂν	ἐπειδἂν
EL	glaux_pairs.json	untrusted_grave	ἐπιεδὴ	ἐπιεδὴ
EL	glaux_pairs.json	untrusted_grave	ἐπιπουλὺ	ἐπιπουλὺ
EL	glaux_pairs.json	untrusted_grave	ἐπισκέ	ἐπισκὲ
EL	glaux_pairs.json	untrusted_grave	ἐπιτοπουλύ	ἐπιτοπουλὺ
EL	glaux_pairs.json	untrusted_grave	ἐπιτοπουλὺ	ἐπιτοπουλὺ
EL	glaux_pairs.json	untrusted_grave	ἐχρό	ἐχρὸ
EL	glaux_pairs.json	untrusted_grave	ἑλκό	ἑλκὸ
EL	glaux_pairs.json	untrusted_grave	ἑπομέ	ἑπομὲ
EL	glaux_pairs.json	untrusted_grave	ἑπό	ἑπὸ
EL	glaux_pairs.json	untrusted_grave	ἠπά	ἠπὰ
EL	glaux_pairs.json	untrusted_grave	ἢκ	ἢκ
EL	glaux_pairs.json	untrusted_grave	ὁντιναδὴ	ὁντιναδὴ
EL	glaux_pairs.json	untrusted_grave	ὁποθενδὴ	ὁποθενδὴ
EL	glaux_pairs.json	untrusted_grave	ὁπό	ὁπὸ
EL	glaux_pairs.json	untrusted_grave	ὁπὸ	ὁπὸ
EL	glaux_pairs.json	untrusted_grave	ὁτῳδή	ὁτῳδὴ
EL	glaux_pairs.json	untrusted_grave	ὑγρηδὸν	ὑγρηδὸν
EL	glaux_pairs.json	untrusted_grave	ὑδατός	ὑδατὸς
EL	glaux_pairs.json	untrusted_grave	ὑποζύ	ὑποζὺ
EL	glaux_pairs.json	untrusted_grave	ὑποτάτ	ὑποτὰτ
EL	glaux_pairs.json	untrusted_grave	ὑστέ	ὑστὲ
EL	glaux_pairs.json	untrusted_grave	ὓκ	ὓκ
EL	glaux_pairs.json	untrusted_grave	ὡσαύ	ὡσαὺ
EL	glaux_pairs.json	untrusted_grave	άτ	ὰτ
EL	glaux_pairs.json	untrusted_grave	ὲς	ὲς
EL	glaux_pairs.json	untrusted_grave	ᾐδὲ	ᾐδὲ
EL	glaux_pairs.json	untrusted_grave	ῥυζηδὸν	ῥυζηδὸν
EL	glaux_pairs.json	untrusted_grave	’γ’ὼ	’γ’ὼ
EL	glaux_pairs.json	untrusted_grave	’πλὴν	’πλὴν
EL	hnc_pairs.json	final_elision_mark	α'	Α''
EL	hnc_pairs.json	final_elision_mark	β'	Β''
EL	hnc_pairs.json	final_elision_mark	γ'	γ''
combined	lbg_headwords.json	editorial_siglum	(Ἡρακλειανο)κυροσεργ(ι)οπυρροπαυλοπετρῖται	(Ἡρακλειανο)κυροσεργ(ι)οπυρροπαυλοπετρῖται
combined	lbg_headwords.json	editorial_siglum	Βελ(λε)ιάνειος	Βελ(λε)ιάνειος
combined	lbg_headwords.json	editorial_siglum	Βισέλ(λ)ιος	Βισέλ(λ)ιος
combined	lbg_headwords.json	editorial_siglum	Δουλ(ε)ιανοί	Δουλ(ε)ιανοί
combined	lbg_headwords.json	editorial_siglum	Κιβυρ(ρ)αιώτης	Κιβυρ(ρ)αιώτης
combined	lbg_headwords.json	editorial_siglum	Συριατ(τ)ικός	Συριατ(τ)ικός
combined	lbg_headwords.json	editorial_siglum	Σύρισ(σ)α	Σύρισ(σ)α
combined	lbg_headwords.json	editorial_siglum	Τρεβελλιάν(ε)ιος	Τρεβελλιάν(ε)ιος
combined	lbg_headwords.json	editorial_siglum	Χαλαν(ν)ικός	Χαλαν(ν)ικός
combined	lbg_headwords.json	editorial_siglum	άμβλυ(ν)τήριος	άμβλυ(ν)τήριος
combined	lbg_headwords.json	editorial_siglum	αὐγό(ν)	αὐγό(ν)
combined	lbg_headwords.json	editorial_siglum	βαλκατοῦρι(ν)	βαλκατοῦρι(ν)
combined	lbg_headwords.json	editorial_siglum	βαρούν(ι)οι	βαρούν(ι)οι
combined	lbg_headwords.json	editorial_siglum	βατοκόπι(ο)ν	βατοκόπι(ο)ν
combined	lbg_headwords.json	editorial_siglum	βατόρ(ρ)ιζα	βατόρ(ρ)ιζα
combined	lbg_headwords.json	editorial_siglum	βερονίκι(ον)	βερονίκι(ον)
combined	lbg_headwords.json	editorial_siglum	βηρί(ο)ν	βηρί(ο)ν
combined	lbg_headwords.json	editorial_siglum	βιγλ(ι)οφόρος	βιγλ(ι)οφόρος
combined	lbg_headwords.json	editorial_siglum	βιπόσεσ(σ)ον	βιπόσεσ(σ)ον
combined	lbg_headwords.json	editorial_siglum	βιρ(ρ)ί(ο)ν	βιρ(ρ)ί(ο)ν
combined	lbg_headwords.json	editorial_siglum	βλατ(τ)οπώλης	βλατ(τ)οπώλης
combined	lbg_headwords.json	editorial_siglum	βλισκούνι(ο)ν	βλισκούνι(ο)ν
combined	lbg_headwords.json	editorial_siglum	βουκ(κ)ᾶς	βουκ(κ)ᾶς
combined	lbg_headwords.json	editorial_siglum	βουλ(λ)ωτός	βουλ(λ)ωτός
combined	lbg_headwords.json	editorial_siglum	βουτ(τ)ίον	βουτ(τ)ίον
combined	lbg_headwords.json	editorial_siglum	βούλ(λ)ισμα	βούλ(λ)ισμα
combined	lbg_headwords.json	editorial_siglum	βούτ(τ)η	βούτ(τ)η
combined	lbg_headwords.json	editorial_siglum	βροῦλ(λ)ον	βροῦλ(λ)ον
combined	lbg_headwords.json	editorial_siglum	βρύλ(λ)ον	βρύλ(λ)ον
combined	lbg_headwords.json	editorial_siglum	βυσ(σ)ίεντός	βυσ(σ)ίεντός
combined	lbg_headwords.json	editorial_siglum	βόδι(ν)	βόδι(ν)
combined	lbg_headwords.json	editorial_siglum	γει(ο)πονία	γει(ο)πονία
combined	lbg_headwords.json	editorial_siglum	γλυκόρ(ρ)ειθρος	γλυκόρ(ρ)ειθρος
combined	lbg_headwords.json	editorial_siglum	γλυκόρ(ρ)ιζον	γλυκόρ(ρ)ιζον
combined	lbg_headwords.json	editorial_siglum	γλυκύρ(ρ)ιζον	γλυκύρ(ρ)ιζον
combined	lbg_headwords.json	editorial_siglum	γογγύλι(ο)ν	γογγύλι(ο)ν
combined	lbg_headwords.json	editorial_siglum	γραδήλι(ο)ν	γραδήλι(ο)ν
combined	lbg_headwords.json	editorial_siglum	γσυλί(ν)	γσυλί(ν)
combined	lbg_headwords.json	editorial_siglum	δακτυλοκλείδι(ο)ν	δακτυλοκλείδι(ο)ν
combined	lbg_headwords.json	editorial_siglum	δε(ν)δροαναβάτης	δε(ν)δροαναβάτης
combined	lbg_headwords.json	editorial_siglum	δεκάνουμ(μ)θν	δεκάνουμ(μ)θν
combined	lbg_headwords.json	editorial_siglum	δεκατέν(ν)ατοζ	δεκατέν(ν)ατοζ
combined	lbg_headwords.json	editorial_siglum	δερμοκούκουλ(λ)ον	δερμοκούκουλ(λ)ον
combined	lbg_headwords.json	editorial_siglum	διάδε(σ)μα	διάδε(σ)μα
combined	lbg_headwords.json	editorial_siglum	διαγο(υ)μά(ς)	διαγο(υ)μά(ς)
combined	lbg_headwords.json	editorial_siglum	διβέλ(λ)ιον	διβέλ(λ)ιον
combined	lbg_headwords.json	editorial_siglum	διομ(μ)ατεύομαι	διομ(μ)ατεύομαι
combined	lbg_headwords.json	editorial_siglum	δουμάκι(ο)ν	δουμάκι(ο)ν
combined	lbg_headwords.json	editorial_siglum	δουμνικάλι(ο)ν	δουμνικάλι(ο)ν
combined	lbg_headwords.json	editorial_siglum	δουστράλι(ον)	δουστράλι(ον)
combined	lbg_headwords.json	editorial_siglum	δόρκ(ε)ιος	δόρκ(ε)ιος
combined	lbg_headwords.json	editorial_siglum	εἰσένε(γ)ξις	εἰσένε(γ)ξις
combined	lbg_headwords.json	editorial_siglum	εὐκτ(ε)ία	εὐκτ(ε)ία
combined	lbg_headwords.json	editorial_siglum	ζιζίβερ(ις)	ζιζίβερ(ις)
combined	lbg_headwords.json	editorial_siglum	ζινζίβερ(ις)	ζινζίβερ(ις)
combined	lbg_headwords.json	editorial_siglum	ζουλάπι(ο)ν	ζουλάπι(ο)ν
combined	lbg_headwords.json	editorial_siglum	ζυγοστατ(ε)ίον	ζυγοστατ(ε)ίον
combined	lbg_headwords.json	editorial_siglum	θαυμαστοορ(ε)ίτης	θαυμαστοορ(ε)ίτης
combined	lbg_headwords.json	editorial_siglum	θεομητόρ(ε)ιος	θεομητόρ(ε)ιος
combined	lbg_headwords.json	editorial_siglum	θρύλ(λ)ημα	θρύλ(λ)ημα
combined	lbg_headwords.json	editorial_siglum	καβαλ(λ)άριος	καβαλ(λ)άριος
combined	lbg_headwords.json	editorial_siglum	καβαλ(λ)ίνα	καβαλ(λ)ίνα
combined	lbg_headwords.json	editorial_siglum	καγκελ(λ)οθυρίς	καγκελ(λ)οθυρίς
combined	lbg_headwords.json	editorial_siglum	καδ(δ)ηνάλιος/καδδηνάριος/καδδινάλιος	καδ(δ)ηνάλιος/καδδηνάριος/καδδινάλιος
combined	lbg_headwords.json	editorial_siglum	καθυπο(μι)μνήσκω	καθυπο(μι)μνήσκω
combined	lbg_headwords.json	editorial_siglum	κανστρέ(ν)σιος/κανστρήσιος/κανστρί(ν)σιος	κανστρέ(ν)σιος/κανστρήσιος/κανστρί(ν)σιος
combined	lbg_headwords.json	editorial_siglum	καπ(π)αρόριζον	καπ(π)αρόριζον
combined	lbg_headwords.json	editorial_siglum	καπ(π)ελλάνος	καπ(π)ελλάνος
combined	lbg_headwords.json	editorial_siglum	καπετανίκι(ο)ν	καπετανίκι(ο)ν
combined	lbg_headwords.json	editorial_siglum	καρατέλ(λ)ον	καρατέλ(λ)ον
combined	lbg_headwords.json	editorial_siglum	καρβούνι(ον)/κάρβουνον	καρβούνι(ον)/κάρβουνον
combined	lbg_headwords.json	editorial_siglum	καρεοφλ(ο)ιά	καρεοφλ(ο)ιά
combined	lbg_headwords.json	editorial_siglum	καρούτι(ο)ν	καρούτι(ο)ν
combined	lbg_headwords.json	editorial_siglum	κατακνισ(σ)άω	κατακνισ(σ)άω
combined	lbg_headwords.json	editorial_siglum	καταρ(ρ)άχιν	καταρ(ρ)άχιν
combined	lbg_headwords.json	editorial_siglum	καταρ(ρ)ύακον	καταρ(ρ)ύακον
combined	lbg_headwords.json	editorial_siglum	κατεμπί(μ)πρημι/κατεμπι(μ)πράω	κατεμπί(μ)πρημι/κατεμπι(μ)πράω
combined	lbg_headwords.json	editorial_siglum	κατζί(ο)ν	κατζί(ο)ν
combined	lbg_headwords.json	editorial_siglum	κελλίτζι(ν)	κελλίτζι(ν)
combined	lbg_headwords.json	editorial_siglum	κεφαλούρι(ον)	κεφαλούρι(ον)
combined	lbg_headwords.json	editorial_siglum	κηνσι[σ]τικός	κηνσι[σ]τικός
combined	lbg_headwords.json	editorial_siglum	κηρί(ο)ν	κηρί(ο)ν
combined	lbg_headwords.json	editorial_siglum	κηφία(ς)	κηφία(ς)
combined	lbg_headwords.json	editorial_siglum	κιλίκι(ο)ν	κιλίκι(ο)ν
combined	lbg_headwords.json	editorial_siglum	κλεισούρι(ο)ν	κλεισούρι(ο)ν
combined	lbg_headwords.json	editorial_siglum	κλοτζα(ν)τοκοπέω	κλοτζα(ν)τοκοπέω
combined	lbg_headwords.json	editorial_siglum	κοιλιάρ(ι)ος	κοιλιάρ(ι)ος
combined	lbg_headwords.json	editorial_siglum	κοκκόνι(ον)	κοκκόνι(ον)
combined	lbg_headwords.json	editorial_siglum	κολίκ(λ)ος	κολίκ(λ)ος
combined	lbg_headwords.json	editorial_siglum	κομμίδι(ν)	κομμίδι(ν)
combined	lbg_headwords.json	editorial_siglum	κομπώσι(ον)	κομπώσι(ον)
combined	lbg_headwords.json	editorial_siglum	κον(ο)όρτα	κον(ο)όρτα
combined	lbg_headwords.json	editorial_siglum	κοπάρι(ον)	κοπάρι(ον)
combined	lbg_headwords.json	editorial_siglum	κουκκούμι(ο)ν	κουκκούμι(ο)ν
combined	lbg_headwords.json	editorial_siglum	κουκούλ(λ)ιον	κουκούλ(λ)ιον
combined	lbg_headwords.json	editorial_siglum	κουλούκι(ον)	κουλούκι(ον)
combined	lbg_headwords.json	editorial_siglum	κουπί(ον)	κουπί(ον)
combined	lbg_headwords.json	editorial_siglum	κουράλ(λ)ιος	κουράλ(λ)ιος
combined	lbg_headwords.json	editorial_siglum	κουρτζουβάκι(ον)	κουρτζουβάκι(ον)
combined	lbg_headwords.json	editorial_siglum	κραββατ(τ)όξυλον	κραββατ(τ)όξυλον
combined	lbg_headwords.json	editorial_siglum	κρεβάτι(ο)ν	κρεβάτι(ο)ν
combined	lbg_headwords.json	editorial_siglum	κρεβατοστρώσι(ο)ν	κρεβατοστρώσι(ο)ν
combined	lbg_headwords.json	editorial_siglum	κρόμμυ(δ)ον	κρόμμυ(δ)ον
combined	lbg_headwords.json	editorial_siglum	κυαιστώρισ(σ)α	κυαιστώρισ(σ)α
combined	lbg_headwords.json	editorial_siglum	κυβάσ(ε)ια	κυβάσ(ε)ια
combined	lbg_headwords.json	editorial_siglum	κυεστ(ι)ονάριος	κυεστ(ι)ονάριος
combined	lbg_headwords.json	editorial_siglum	κυνομάγ(γ)ων	κυνομάγ(γ)ων
combined	lbg_headwords.json	editorial_siglum	κωλοράδι(ν)	κωλοράδι(ν)
combined	lbg_headwords.json	editorial_siglum	κωπάρι(ον)	κωπάρι(ον)
combined	lbg_headwords.json	editorial_siglum	κόλβ(ι)α	κόλβ(ι)α
combined	lbg_headwords.json	editorial_siglum	κύπερι(ν)	κύπερι(ν)
combined	lbg_headwords.json	editorial_siglum	λαβούτι(ο)ν	λαβούτι(ο)ν
combined	lbg_headwords.json	editorial_siglum	λαγγάδι(ο)ν	λαγγάδι(ο)ν
combined	lbg_headwords.json	editorial_siglum	λαγκάδι(ο)ν	λαγκάδι(ο)ν
combined	lbg_headwords.json	editorial_siglum	λαγόνι(ο)ν	λαγόνι(ο)ν
combined	lbg_headwords.json	editorial_siglum	λαζούρι(ο)ν	λαζούρι(ο)ν
combined	lbg_headwords.json	editorial_siglum	λανάτι(ο)ν	λανάτι(ο)ν
combined	lbg_headwords.json	editorial_siglum	λαχχᾶ(ς)	λαχχᾶ(ς)
combined	lbg_headwords.json	editorial_siglum	λεβάντε(ς)	λεβάντε(ς)
combined	lbg_headwords.json	editorial_siglum	λεκέ(μ)βρα	λεκέ(μ)βρα
combined	lbg_headwords.json	editorial_siglum	λεπ(τ)οφόρος	λεπ(τ)οφόρος
combined	lbg_headwords.json	editorial_siglum	λευκάνθι(ο)ν	λευκάνθι(ο)ν
combined	lbg_headwords.json	editorial_siglum	λευκοχρυσοπυρσοτρισ(σ)ομορφέω	λευκοχρυσοπυρσοτρισ(σ)ομορφέω
combined	lbg_headwords.json	editorial_siglum	λιθρινάρι(ον)	λιθρινάρι(ον)
combined	lbg_headwords.json	editorial_siglum	λιμενάρι(ο)ν	λιμενάρι(ο)ν
combined	lbg_headwords.json	editorial_siglum	λινόμαλ(λ)ον	λινόμαλ(λ)ον
combined	lbg_headwords.json	editorial_siglum	λιπάρι(ο)ν	λιπάρι(ο)ν
combined	lbg_headwords.json	editorial_siglum	λισ(σ)αλάνθη	λισ(σ)αλάνθη
combined	lbg_headwords.json	editorial_siglum	λουρίκι(ον)	λουρίκι(ον)
combined	lbg_headwords.json	editorial_siglum	λοχώ(ς)	λοχώ(ς)
combined	lbg_headwords.json	editorial_siglum	λυθρινάρι(ον)	λυθρινάρι(ον)
combined	lbg_headwords.json	editorial_siglum	μαγίδι(ο)ν	μαγίδι(ο)ν
combined	lbg_headwords.json	editorial_siglum	μαιν(ι)άω	μαιν(ι)άω
combined	lbg_headwords.json	editorial_siglum	μακρυσκαμνί(ο)ν	μακρυσκαμνί(ο)ν
combined	lbg_headwords.json	editorial_siglum	μακρόρ(ρ)ινος	μακρόρ(ρ)ινος
combined	lbg_headwords.json	editorial_siglum	μακρόρ(ρ)υγχος	μακρόρ(ρ)υγχος
combined	lbg_headwords.json	editorial_siglum	μαλάχ(ε)ια	μαλάχ(ε)ια
combined	lbg_headwords.json	editorial_siglum	μαλί(ο)ν	μαλί(ο)ν
combined	lbg_headwords.json	editorial_siglum	μανδάτισ(σ)α	μανδάτισ(σ)α
combined	lbg_headwords.json	editorial_siglum	μανδροστάσι(ο)ν	μανδροστάσι(ο)ν
combined	lbg_headwords.json	editorial_siglum	μαντζι(ν)τζάνιον	μαντζι(ν)τζάνιον
combined	lbg_headwords.json	editorial_siglum	μαξίλ(λ)α	μαξίλ(λ)α
combined	lbg_headwords.json	editorial_siglum	μαξιλ(λ)άριον	μαξιλ(λ)άριον
combined	lbg_headwords.json	editorial_siglum	μαξιλ(λ)άριος	μαξιλ(λ)άριος
combined	lbg_headwords.json	editorial_siglum	μαραθρόρ(ρ)ιζον	μαραθρόρ(ρ)ιζον
combined	lbg_headwords.json	editorial_siglum	μεγαλόρ(ρ)ινος	μεγαλόρ(ρ)ινος
combined	lbg_headwords.json	editorial_siglum	μελισ(σ)όχορτον	μελισ(σ)όχορτον
combined	lbg_headwords.json	editorial_siglum	μενοάλι(ον)	μενοάλι(ον)
combined	lbg_headwords.json	editorial_siglum	μερμίγγι(ον)	μερμίγγι(ον)
combined	lbg_headwords.json	editorial_siglum	μεσοπυλ(ε)ών	μεσοπυλ(ε)ών
combined	lbg_headwords.json	editorial_siglum	μεσωπυλ(ε)ών	μεσωπυλ(ε)ών
combined	lbg_headwords.json	editorial_siglum	μεταχρων(ν)ύω	μεταχρων(ν)ύω
combined	lbg_headwords.json	editorial_siglum	μισάδι(ον)	μισάδι(ον)
combined	lbg_headwords.json	editorial_siglum	μολιβ(δ)-	μολιβ(δ)-
combined	lbg_headwords.json	editorial_siglum	μολυβ(δ)-	μολυβ(δ)-
combined	lbg_headwords.json	editorial_siglum	μολόχι(ο)ν	μολόχι(ο)ν
combined	lbg_headwords.json	editorial_siglum	μονόρ(ρ)αφος	μονόρ(ρ)αφος
combined	lbg_headwords.json	editorial_siglum	μοτζί(ο)ν	μοτζί(ο)ν
combined	lbg_headwords.json	editorial_siglum	μουζούρι(ον)	μουζούρι(ον)
combined	lbg_headwords.json	editorial_siglum	μουρσί(ο)ν	μουρσί(ο)ν
combined	lbg_headwords.json	editorial_siglum	μουσχάρι(ον)	μουσχάρι(ον)
combined	lbg_headwords.json	editorial_siglum	μουφερέχ(ιον)	μουφερέχ(ιον)
combined	lbg_headwords.json	editorial_siglum	μπολώνι(ον)	μπολώνι(ον)
combined	lbg_headwords.json	editorial_siglum	μυτζόκοκ(κ)ον	μυτζόκοκ(κ)ον
combined	lbg_headwords.json	editorial_siglum	νίκι(ο)ν	νίκι(ο)ν
combined	lbg_headwords.json	editorial_siglum	νεροφίδι(ον)	νεροφίδι(ον)
combined	lbg_headwords.json	editorial_siglum	νεόλυχ(ν)ος	νεόλυχ(ν)ος
combined	lbg_headwords.json	editorial_siglum	νιτ(τ)άριον	νιτ(τ)άριον
combined	lbg_headwords.json	editorial_siglum	νοίκι(ο)ν	νοίκι(ο)ν
combined	lbg_headwords.json	editorial_siglum	νουβελίσ(σ)ιμος	νουβελίσ(σ)ιμος
combined	lbg_headwords.json	editorial_siglum	ξίδι(ν)	ξίδι(ν)
combined	lbg_headwords.json	editorial_siglum	ξερορ(ρ)υάκιν	ξερορ(ρ)υάκιν
combined	lbg_headwords.json	editorial_siglum	ξηρορ(ρ)υάκι(ο)ν	ξηρορ(ρ)υάκι(ο)ν
combined	lbg_headwords.json	editorial_siglum	ξηρορ(ρ)ύακον	ξηρορ(ρ)ύακον
combined	lbg_headwords.json	editorial_siglum	ξηρορ(ρ)ύαξ	ξηρορ(ρ)ύαξ
combined	lbg_headwords.json	editorial_siglum	ξηροχείμαρ(ρ)ος	ξηροχείμαρ(ρ)ος
combined	lbg_headwords.json	editorial_siglum	οὐιγ(κ)λίδιον	οὐιγ(κ)λίδιον
combined	lbg_headwords.json	editorial_siglum	παλμένι(ο)ς	παλμένι(ο)ς
combined	lbg_headwords.json	editorial_siglum	πανί(ον)	πανί(ον)
combined	lbg_headwords.json	editorial_siglum	παννίτζι(ον)	παννίτζι(ον)
combined	lbg_headwords.json	editorial_siglum	παντοκρατόρισ(σ)α	παντοκρατόρισ(σ)α
combined	lbg_headwords.json	editorial_siglum	παντορ(ρ)ημοσύνη	παντορ(ρ)ημοσύνη
combined	lbg_headwords.json	editorial_siglum	παρακατεάσ(σ)ω	παρακατεάσ(σ)ω
combined	lbg_headwords.json	editorial_siglum	παρεμπ(τ)όριος	παρεμπ(τ)όριος
combined	lbg_headwords.json	editorial_siglum	πεντάρι(ον)	πεντάρι(ον)
combined	lbg_headwords.json	editorial_siglum	περτσέ(ς)	περτσέ(ς)
combined	lbg_headwords.json	editorial_siglum	πετόνι(ον)	πετόνι(ον)
combined	lbg_headwords.json	editorial_siglum	πινόλι(ον)	πινόλι(ον)
combined	lbg_headwords.json	editorial_siglum	πιτάρι(ο)ν	πιτάρι(ο)ν
combined	lbg_headwords.json	editorial_siglum	πλέν(ν)α	πλέν(ν)α
combined	lbg_headwords.json	editorial_siglum	πλεκ(τ)ηφόρος	πλεκ(τ)ηφόρος
combined	lbg_headwords.json	editorial_siglum	πλουβέρι(ο)ν	πλουβέρι(ο)ν
combined	lbg_headwords.json	editorial_siglum	πνευματορ(ρ)ήτωρ	πνευματορ(ρ)ήτωρ
combined	lbg_headwords.json	editorial_siglum	πορταΐτισ(σ)α	πορταΐτισ(σ)α
combined	lbg_headwords.json	editorial_siglum	πουκλάμι(ον)	πουκλάμι(ον)
combined	lbg_headwords.json	editorial_siglum	ποῖμα(ν)	ποῖμα(ν)
combined	lbg_headwords.json	editorial_siglum	πρασόβαμ(μ)α	πρασόβαμ(μ)α
combined	lbg_headwords.json	editorial_siglum	πριμ(μ)ικήριος	πριμ(μ)ικήριος
combined	lbg_headwords.json	editorial_siglum	πριμ(μ)ικηράτον	πριμ(μ)ικηράτον
combined	lbg_headwords.json	editorial_siglum	προεμμ(ε)ίγνυμι	προεμμ(ε)ίγνυμι
combined	lbg_headwords.json	editorial_siglum	προσ(σ)υνεπιτούτοις	προσ(σ)υνεπιτούτοις
combined	lbg_headwords.json	editorial_siglum	προσχεράριος/-χερ(ι)άρης	προσχεράριος/-χερ(ι)άρης
combined	lbg_headwords.json	editorial_siglum	προχερ(ι)άρης	προχερ(ι)άρης
combined	lbg_headwords.json	editorial_siglum	πρωταλλαγατώρισ(σ)α	πρωταλλαγατώρισ(σ)α
combined	lbg_headwords.json	editorial_siglum	πρωτονωβελ(λ)ίσ(σ)ιμος	πρωτονωβελ(λ)ίσ(σ)ιμος
combined	lbg_headwords.json	editorial_siglum	πρωτονωβελ(λ)ισ(σ)ιμοϋπέρτατος	πρωτονωβελ(λ)ισ(σ)ιμοϋπέρτατος
combined	lbg_headwords.json	editorial_siglum	πυρεμβόλι(ο)ν	πυρεμβόλι(ο)ν
combined	lbg_headwords.json	editorial_siglum	ρε(ι)ς	ρε(ι)ς
combined	lbg_headwords.json	editorial_siglum	σάκελ(λ)ον	σάκελ(λ)ον
combined	lbg_headwords.json	editorial_siglum	σίκερ(α)	σίκερ(α)
combined	lbg_headwords.json	editorial_siglum	σαβανικα(ν)	σαβανικα(ν)
combined	lbg_headwords.json	editorial_siglum	σαγμάτι(ο)ν	σαγμάτι(ο)ν
combined	lbg_headwords.json	editorial_siglum	σακ(κ)ελίζω	σακ(κ)ελίζω
combined	lbg_headwords.json	editorial_siglum	σακ(κ)ελιστήριον	σακ(κ)ελιστήριον
combined	lbg_headwords.json	editorial_siglum	σακκάρι(ον)	σακκάρι(ον)
combined	lbg_headwords.json	editorial_siglum	σακκορ(ρ)άφιον	σακκορ(ρ)άφιον
combined	lbg_headwords.json	editorial_siglum	σαλματογέν(ν)ης	σαλματογέν(ν)ης
combined	lbg_headwords.json	editorial_siglum	σαλότρ(ιν)	σαλότρ(ιν)
combined	lbg_headwords.json	editorial_siglum	σαρακοντατέσσαρε(ι)ς	σαρακοντατέσσαρε(ι)ς
combined	lbg_headwords.json	editorial_siglum	σαρούτ(ιον)	σαρούτ(ιον)
combined	lbg_headwords.json	editorial_siglum	σαχαροπούγγι(ον)	σαχαροπούγγι(ον)
combined	lbg_headwords.json	editorial_siglum	σβέν(ν)ω	σβέν(ν)ω
combined	lbg_headwords.json	editorial_siglum	σιναπίδι(ον)	σιναπίδι(ον)
combined	lbg_headwords.json	editorial_siglum	σκηνορ(ρ)άφιον	σκηνορ(ρ)άφιον
combined	lbg_headwords.json	editorial_siglum	σκνιφ(ε)ία	σκνιφ(ε)ία
combined	lbg_headwords.json	editorial_siglum	σκουλούδι(ν)	σκουλούδι(ν)
combined	lbg_headwords.json	editorial_siglum	σκυλλοκρόμμυ(δ)ον	σκυλλοκρόμμυ(δ)ον
combined	lbg_headwords.json	editorial_siglum	σου(β)ρικοπάλλιν	σου(β)ρικοπάλλιν
combined	lbg_headwords.json	editorial_siglum	σουκ(λ)οβάλανος	σουκ(λ)οβάλανος
combined	lbg_headwords.json	editorial_siglum	σπίτι(ο)ν	σπίτι(ο)ν
combined	lbg_headwords.json	editorial_siglum	σπερβέρι(ν)	σπερβέρι(ν)
combined	lbg_headwords.json	editorial_siglum	σπιτάλι(ο)ν	σπιτάλι(ο)ν
combined	lbg_headwords.json	editorial_siglum	στέλ(λ)ιος	στέλ(λ)ιος
combined	lbg_headwords.json	editorial_siglum	στα(μ)νοπλύτης	στα(μ)νοπλύτης
combined	lbg_headwords.json	editorial_siglum	σταλ(λ)ίων	σταλ(λ)ίων
combined	lbg_headwords.json	editorial_siglum	σταυρίτζι(ο)ν	σταυρίτζι(ο)ν
combined	lbg_headwords.json	editorial_siglum	στελ(λ)ιονάτον	στελ(λ)ιονάτον
combined	lbg_headwords.json	editorial_siglum	στερ(ρ)οδέρματος	στερ(ρ)οδέρματος
combined	lbg_headwords.json	editorial_siglum	στρίδι(ον)	στρίδι(ον)
combined	lbg_headwords.json	editorial_siglum	συ(σ)σαβατίζω	συ(σ)σαβατίζω
combined	lbg_headwords.json	editorial_siglum	συγκελαρ(ρ)ύζω	συγκελαρ(ρ)ύζω
combined	lbg_headwords.json	editorial_siglum	συκοτ(ρ)ίνα	συκοτ(ρ)ίνα
combined	lbg_headwords.json	editorial_siglum	συνάχι(ο)ν	συνάχι(ο)ν
combined	lbg_headwords.json	editorial_siglum	συνδιαγί(γ)νομαι	συνδιαγί(γ)νομαι
combined	lbg_headwords.json	editorial_siglum	συνεπιρρων(ν)ύω	συνεπιρρων(ν)ύω
combined	lbg_headwords.json	editorial_siglum	συρ(ρ)ιγάζομαι	συρ(ρ)ιγάζομαι
combined	lbg_headwords.json	editorial_siglum	σφάκελ(λ)ος	σφάκελ(λ)ος
combined	lbg_headwords.json	editorial_siglum	σφονδύλι(ο)ν	σφονδύλι(ο)ν
combined	lbg_headwords.json	editorial_siglum	σφουγγάρι(ο)ν	σφουγγάρι(ο)ν
combined	lbg_headwords.json	editorial_siglum	σχοινάνθι(ον)	σχοινάνθι(ον)
combined	lbg_headwords.json	editorial_siglum	ταβλί(ο)ν	ταβλί(ο)ν
combined	lbg_headwords.json	editorial_siglum	ταπσί(ον)	ταπσί(ον)
combined	lbg_headwords.json	editorial_siglum	τερμόνι(ο)ν	τερμόνι(ο)ν
combined	lbg_headwords.json	editorial_siglum	τετράγκα(ν)θον	τετράγκα(ν)θον
combined	lbg_headwords.json	editorial_siglum	τετρασ(σ)άριον	τετρασ(σ)άριον
combined	lbg_headwords.json	editorial_siglum	τζεντ(ζ)ουάριον	τζεντ(ζ)ουάριον
combined	lbg_headwords.json	editorial_siglum	τοξοβαλ(λ)ίστρα	τοξοβαλ(λ)ίστρα
combined	lbg_headwords.json	editorial_siglum	τοποτηρήτισ(σ)α	τοποτηρήτισ(σ)α
combined	lbg_headwords.json	editorial_siglum	τορνέσι(ον)	τορνέσι(ον)
combined	lbg_headwords.json	editorial_siglum	τουβάλλ(ι)α	τουβάλλ(ι)α
combined	lbg_headwords.json	editorial_siglum	τουβί(ν)	τουβί(ν)
combined	lbg_headwords.json	editorial_siglum	τουβί(ο)ν	τουβί(ο)ν
combined	lbg_headwords.json	editorial_siglum	τουφί(ο)ν	τουφί(ο)ν
combined	lbg_headwords.json	editorial_siglum	τρίσφυλ(λ)ος	τρίσφυλ(λ)ος
combined	lbg_headwords.json	editorial_siglum	τρίφαλ(λ)ος	τρίφαλ(λ)ος
combined	lbg_headwords.json	editorial_siglum	τρει(σ)καιδεκάς	τρει(σ)καιδεκάς
combined	lbg_headwords.json	editorial_siglum	τρισ(σ)όλεκτος	τρισ(σ)όλεκτος
combined	lbg_headwords.json	editorial_siglum	τρισ(σ)όπλουτος	τρισ(σ)όπλουτος
combined	lbg_headwords.json	editorial_siglum	τριφυλλάκι(ον)	τριφυλλάκι(ον)
combined	lbg_headwords.json	editorial_siglum	τρουλ(λ)άτον	τρουλ(λ)άτον
combined	lbg_headwords.json	editorial_siglum	τρουλ(λ)ίον	τρουλ(λ)ίον
combined	lbg_headwords.json	editorial_siglum	τρουλ(λ)ωτός	τρουλ(λ)ωτός
combined	lbg_headwords.json	editorial_siglum	τρουλί(ο)ν	τρουλί(ο)ν
combined	lbg_headwords.json	editorial_siglum	τροῦλ(λ)α	τροῦλ(λ)α
combined	lbg_headwords.json	editorial_siglum	τσα(ν)τσάλιν	τσα(ν)τσάλιν
combined	lbg_headwords.json	editorial_siglum	τσαρούκι(ον)	τσαρούκι(ον)
combined	lbg_headwords.json	editorial_siglum	τσούρ(ου)χος	τσούρ(ου)χος
combined	lbg_headwords.json	editorial_siglum	φ(ι)σκιάρια	φ(ι)σκιάρια
combined	lbg_headwords.json	editorial_siglum	φίσκο(ν)	φίσκο(ν)
combined	lbg_headwords.json	editorial_siglum	φαλκίδι(ο)ν	φαλκίδι(ο)ν
combined	lbg_headwords.json	editorial_siglum	φαμῶσ(σ)ον	φαμῶσ(σ)ον
combined	lbg_headwords.json	editorial_siglum	φελ(λ)οπάπουτζον	φελ(λ)οπάπουτζον
combined	lbg_headwords.json	editorial_siglum	φιβλί(ο)ν	φιβλί(ο)ν
combined	lbg_headwords.json	editorial_siglum	φιδεικομ(μ)ισ(σ)άριος	φιδεικομ(μ)ισ(σ)άριος
combined	lbg_headwords.json	editorial_siglum	φιδεικομ(μ)ισσαρίως	φιδεικομ(μ)ισσαρίως
combined	lbg_headwords.json	editorial_siglum	φιδεικόμ(μ)ισ(σ)ον	φιδεικόμ(μ)ισ(σ)ον
combined	lbg_headwords.json	editorial_siglum	φιμινάλι(ο)ν	φιμινάλι(ο)ν
combined	lbg_headwords.json	editorial_siglum	φισκ(ε)ία	φισκ(ε)ία
combined	lbg_headwords.json	editorial_siglum	φιτίλι(ον)	φιτίλι(ον)
combined	lbg_headwords.json	editorial_siglum	φιτύλι(ο)ν	φιτύλι(ο)ν
combined	lbg_headwords.json	editorial_siglum	φλαμ(μ)ουλάριος	φλαμ(μ)ουλάριος
combined	lbg_headwords.json	editorial_siglum	φοινικοπράτ(ης)	φοινικοπράτ(ης)
combined	lbg_headwords.json	editorial_siglum	φοσάτον/φοσί(ο)ν	φοσάτον/φοσί(ο)ν
combined	lbg_headwords.json	editorial_siglum	φουστάνι(ο)ν	φουστάνι(ο)ν
combined	lbg_headwords.json	editorial_siglum	φουφούδι(ο)ν	φουφούδι(ο)ν
combined	lbg_headwords.json	editorial_siglum	φράρ(ος)	φράρ(ος)
combined	lbg_headwords.json	editorial_siglum	φραγελ(λ)ίζω	φραγελ(λ)ίζω
combined	lbg_headwords.json	editorial_siglum	φρεμενούρ(ι)οι	φρεμενούρ(ι)οι
combined	lbg_headwords.json	editorial_siglum	φυτίλλι(ο)ν	φυτίλλι(ο)ν
combined	lbg_headwords.json	editorial_siglum	φυτοαμπέλι(ο)ν	φυτοαμπέλι(ο)ν
combined	lbg_headwords.json	editorial_siglum	φωτέλ(λ)ιον	φωτέλ(λ)ιον
combined	lbg_headwords.json	editorial_siglum	χέλι(ον)	χέλι(ον)
combined	lbg_headwords.json	editorial_siglum	χαλαζοκο(υ)πέω	χαλαζοκο(υ)πέω
combined	lbg_headwords.json	editorial_siglum	χαλαζοκο(υ)πία	χαλαζοκο(υ)πία
combined	lbg_headwords.json	editorial_siglum	χαλβάνι(ον)	χαλβάνι(ον)
combined	lbg_headwords.json	editorial_siglum	χαλκί(ν)	χαλκί(ν)
combined	lbg_headwords.json	editorial_siglum	χανούτι(ο)ν	χανούτι(ο)ν
combined	lbg_headwords.json	editorial_siglum	χαντάκι(ον)	χαντάκι(ον)
combined	lbg_headwords.json	editorial_siglum	χαράτζι(ον)	χαράτζι(ον)
combined	lbg_headwords.json	editorial_siglum	χαρτί(ν)	χαρτί(ν)
combined	lbg_headwords.json	editorial_siglum	χερ(σ)οκρατέω	χερ(σ)οκρατέω
combined	lbg_headwords.json	editorial_siglum	χρυσωρυχ(ε)ία	χρυσωρυχ(ε)ία
combined	lbg_headwords.json	editorial_siglum	χρυσόβολ(λ)ον/-ος	χρυσόβολ(λ)ον/-ος
combined	lbg_headwords.json	editorial_siglum	χωροκύρι(ο)ς	χωροκύρι(ο)ς
combined	lbg_headwords.json	editorial_siglum	χωσ(ι)άριοι	χωσ(ι)άριοι
combined	lbg_headwords.json	editorial_siglum	ψαλίδι(ο)ν	ψαλίδι(ο)ν
combined	lbg_headwords.json	editorial_siglum	ψιχί(ο)ν	ψιχί(ο)ν
combined	lbg_headwords.json	editorial_siglum	ψωλί(ο)ν	ψωλί(ο)ν
combined	lbg_headwords.json	editorial_siglum	ψωμί(ον)	ψωμί(ον)
combined	lbg_headwords.json	editorial_siglum	ψωμιάρι(ον)	ψωμιάρι(ον)
combined	lbg_headwords.json	editorial_siglum	ψόγ(ε)ιος	ψόγ(ε)ιος
combined	lbg_headwords.json	editorial_siglum	ἀγγελό(στατος)	ἀγγελό(στατος)
combined	lbg_headwords.json	editorial_siglum	ἀθρύλ(λ)ητος	ἀθρύλ(λ)ητος
combined	lbg_headwords.json	editorial_siglum	ἀλ(λ)ουβίων	ἀλ(λ)ουβίων
combined	lbg_headwords.json	editorial_siglum	ἀλαβαστ(ρ)οπώλης	ἀλαβαστ(ρ)οπώλης
combined	lbg_headwords.json	editorial_siglum	ἀνάρ(ρ)αχον	ἀνάρ(ρ)αχον
combined	lbg_headwords.json	editorial_siglum	ἀνάτα(γ)μα	ἀνάτα(γ)μα
combined	lbg_headwords.json	editorial_siglum	ἀνανά(γ)ια	ἀνανά(γ)ια
combined	lbg_headwords.json	editorial_siglum	ἀναπετάρι(ο)ν	ἀναπετάρι(ο)ν
combined	lbg_headwords.json	editorial_siglum	ἀναρ(ρ)ύακον	ἀναρ(ρ)ύακον
combined	lbg_headwords.json	editorial_siglum	ἀνασκυλευ(σ)μός	ἀνασκυλευ(σ)μός
combined	lbg_headwords.json	editorial_siglum	ἀνθυπάτισ(σ)α	ἀνθυπάτισ(σ)α
combined	lbg_headwords.json	editorial_siglum	ἀντιρ(ρ)υσιάζω	ἀντιρ(ρ)υσιάζω
combined	lbg_headwords.json	editorial_siglum	ἀντιρ(ρ)όημα	ἀντιρ(ρ)όημα
combined	lbg_headwords.json	editorial_siglum	ἀπ[π)ίδα	ἀπ[π)ίδα
combined	lbg_headwords.json	editorial_siglum	ἀπα(τη)τήριον	ἀπα(τη)τήριον
combined	lbg_headwords.json	editorial_siglum	ἀπερίσφι(γ)κτος	ἀπερίσφι(γ)κτος
combined	lbg_headwords.json	editorial_siglum	ἀπετά(ζ)ω	ἀπετά(ζ)ω
combined	lbg_headwords.json	editorial_siglum	ἀπογαμ(μ)άτισμα	ἀπογαμ(μ)άτισμα
combined	lbg_headwords.json	editorial_siglum	ἀποκόμβι(ο)ν	ἀποκόμβι(ο)ν
combined	lbg_headwords.json	editorial_siglum	ἀπορ(ρ)αβδόομαι	ἀπορ(ρ)αβδόομαι
combined	lbg_headwords.json	editorial_siglum	ἀπορ(ρ)αφανίδωσις	ἀπορ(ρ)αφανίδωσις
combined	lbg_headwords.json	editorial_siglum	ἀπορ(ρ)ἀχισμα	ἀπορ(ρ)ἀχισμα
combined	lbg_headwords.json	editorial_siglum	ἀπόκομ(μ)α	ἀπόκομ(μ)α
combined	lbg_headwords.json	editorial_siglum	ἀπόκτι(ο)ν	ἀπόκτι(ο)ν
combined	lbg_headwords.json	editorial_siglum	ἀρσενίκι(ο)ν	ἀρσενίκι(ο)ν
combined	lbg_headwords.json	editorial_siglum	ἁλυσ(ε)ιδόω	ἁλυσ(ε)ιδόω
combined	lbg_headwords.json	editorial_siglum	ἁλώνι(ον)	ἁλώνι(ον)
combined	lbg_headwords.json	editorial_siglum	ἄψελ(λ)ος	ἄψελ(λ)ος
combined	lbg_headwords.json	editorial_siglum	ἐγκρυμ(μ)ατώνομαι	ἐγκρυμ(μ)ατώνομαι
combined	lbg_headwords.json	editorial_siglum	ἐκλέπτυ(ν)σις	ἐκλέπτυ(ν)σις
combined	lbg_headwords.json	editorial_siglum	ἐκπελ(λ)εὐω	ἐκπελ(λ)εὐω
combined	lbg_headwords.json	editorial_siglum	ἐκφυλ(λ)οφορέω	ἐκφυλ(λ)οφορέω
combined	lbg_headwords.json	editorial_siglum	ἐλύμι(ο)ν	ἐλύμι(ο)ν
combined	lbg_headwords.json	editorial_siglum	ἐμπάλ(λ)ωμα	ἐμπάλ(λ)ωμα
combined	lbg_headwords.json	editorial_siglum	ἐμπράτ(τ)ως	ἐμπράτ(τ)ως
combined	lbg_headwords.json	editorial_siglum	ἐμπρασινίζα)	ἐμπρασινίζα)
combined	lbg_headwords.json	editorial_siglum	ἐμπροσθο(ο)πίσω	ἐμπροσθο(ο)πίσω
combined	lbg_headwords.json	editorial_siglum	ἐμπροστάλι(ο)ν	ἐμπροστάλι(ο)ν
combined	lbg_headwords.json	editorial_siglum	ἐμφύλ(λ)ισμα	ἐμφύλ(λ)ισμα
combined	lbg_headwords.json	editorial_siglum	ἐνσκιρ(ρ)όω	ἐνσκιρ(ρ)όω
combined	lbg_headwords.json	editorial_siglum	ἐντύβι(ο)ν	ἐντύβι(ο)ν
combined	lbg_headwords.json	editorial_siglum	ἐξατωρ(ε)ία	ἐξατωρ(ε)ία
combined	lbg_headwords.json	editorial_siglum	ἐξκουσ(σ)άτος	ἐξκουσ(σ)άτος
combined	lbg_headwords.json	editorial_siglum	ἐξκουσ(σ)ατίων	ἐξκουσ(σ)ατίων
combined	lbg_headwords.json	editorial_siglum	ἐξκουσ(σ)ατεύω	ἐξκουσ(σ)ατεύω
combined	lbg_headwords.json	editorial_siglum	ἐξκουσ(σ)εία	ἐξκουσ(σ)εία
combined	lbg_headwords.json	editorial_siglum	ἐξκουσ(σ)εύω	ἐξκουσ(σ)εύω
combined	lbg_headwords.json	editorial_siglum	ἐπάρχισ(σ)α	ἐπάρχισ(σ)α
combined	lbg_headwords.json	editorial_siglum	ἐπίν(ο)ιον	ἐπίν(ο)ιον
combined	lbg_headwords.json	editorial_siglum	ἐπεξελευ(σ)τέος	ἐπεξελευ(σ)τέος
combined	lbg_headwords.json	editorial_siglum	ἐπιδέν(ν)ω	ἐπιδέν(ν)ω
combined	lbg_headwords.json	editorial_siglum	ἐπιπαρέκτα(ν)σις	ἐπιπαρέκτα(ν)σις
combined	lbg_headwords.json	editorial_siglum	ἐπιρ(ρ)ωγολογέω	ἐπιρ(ρ)ωγολογέω
combined	lbg_headwords.json	editorial_siglum	ἐσωγεν(ν)ής	ἐσωγεν(ν)ής
combined	lbg_headwords.json	editorial_siglum	ἐφήβε(ι)ον	ἐφήβε(ι)ον
combined	lbg_headwords.json	editorial_siglum	ἑτερόρ(ρ)υθμος	ἑτερόρ(ρ)υθμος
combined	lbg_headwords.json	editorial_siglum	ἔστοντα(ς)	ἔστοντα(ς)
combined	lbg_headwords.json	editorial_siglum	Ἐριν(ν)υώδης	Ἐριν(ν)υώδης
combined	lbg_headwords.json	editorial_siglum	ἠντερέσσι(ν)	ἠντερέσσι(ν)
combined	lbg_headwords.json	editorial_siglum	ἡμίρ(ρ)ομβος	ἡμίρ(ρ)ομβος
combined	lbg_headwords.json	editorial_siglum	ἡμισαβέλλ(ε)ιος	ἡμισαβέλλ(ε)ιος
combined	lbg_headwords.json	editorial_siglum	ἰάζ(ι)	ἰάζ(ι)
combined	lbg_headwords.json	editorial_siglum	ἰντερ(ρ)ογατόριος	ἰντερ(ρ)ογατόριος
combined	lbg_headwords.json	editorial_siglum	ἰντερ(ρ)ουπτεύω	ἰντερ(ρ)ουπτεύω
combined	lbg_headwords.json	editorial_siglum	ἰντερκεσ(σ)ίων	ἰντερκεσ(σ)ίων
combined	lbg_headwords.json	editorial_siglum	ἰχάδι(ο)ν	ἰχάδι(ο)ν
combined	lbg_headwords.json	editorial_siglum	ἴνφα(ν)ς	ἴνφα(ν)ς
combined	lbg_headwords.json	editorial_siglum	ὀκτω(και)εικοσάκις	ὀκτω(και)εικοσάκις
combined	lbg_headwords.json	editorial_siglum	ὀλιγο(ρ)ρημοσύνη	ὀλιγο(ρ)ρημοσύνη
combined	lbg_headwords.json	editorial_siglum	ὀξυκοκ(κ)ία	ὀξυκοκ(κ)ία
combined	lbg_headwords.json	editorial_siglum	ὀξυπτέρι(ον)	ὀξυπτέρι(ον)
combined	lbg_headwords.json	editorial_siglum	ὀρέγι(ον)	ὀρέγι(ον)
combined	lbg_headwords.json	editorial_siglum	ὀρθούνι(ο)ν	ὀρθούνι(ο)ν
combined	lbg_headwords.json	editorial_siglum	ὀρνιθοχηνονητ(τ)οπερδικοπράτης	ὀρνιθοχηνονητ(τ)οπερδικοπράτης
combined	lbg_headwords.json	editorial_siglum	ὀσπιτοέδρι(ν)	ὀσπιτοέδρι(ν)
combined	lbg_headwords.json	editorial_siglum	ὁμορ(ρ)έω	ὁμορ(ρ)έω
combined	lbg_headwords.json	editorial_siglum	ὁσπίτι(ν)	ὁσπίτι(ν)
combined	lbg_headwords.json	editorial_siglum	ὄσφρα(ν)σις	ὄσφρα(ν)σις
combined	lbg_headwords.json	editorial_siglum	ὑέλι(ο)ν/-ί(ο)ν	ὑέλι(ο)ν/-ί(ο)ν
combined	lbg_headwords.json	editorial_siglum	ὑαλί(ο)ν	ὑαλί(ο)ν
combined	lbg_headwords.json	editorial_siglum	ὑπατίκι(ο)ν	ὑπατίκι(ο)ν
combined	lbg_headwords.json	editorial_siglum	ὑπεκδύ(ν)ω	ὑπεκδύ(ν)ω
combined	lbg_headwords.json	editorial_siglum	ὑπερμύρασ(ιν)	ὑπερμύρασ(ιν)
combined	lbg_headwords.json	editorial_siglum	ὑποδούλ(ε)ιος	ὑποδούλ(ε)ιος
combined	lbg_headwords.json	editorial_siglum	ὑψίβαθ(μ)ος	ὑψίβαθ(μ)ος
combined	lbg_headwords.json	editorial_siglum	ὠμήσ(τ)ιον	ὠμήσ(τ)ιον
combined	lbg_headwords.json	editorial_siglum	ὠμοβωλ(ίτης)	ὠμοβωλ(ίτης)
combined	lbg_headwords.json	editorial_siglum	ὠμόνυ(χος)	ὠμόνυ(χος)
combined	lbg_headwords.json	editorial_siglum	ῥαβ(β)ίς	ῥαβ(β)ίς
combined	lbg_headwords.json	editorial_siglum	ῥαπάνι(ον)	ῥαπάνι(ον)
combined	lbg_headwords.json	editorial_siglum	ῥεβίθι(ον)	ῥεβίθι(ον)
combined	lbg_headwords.json	editorial_siglum	ῥεμισ(σ)ίων	ῥεμισ(σ)ίων
combined	lbg_headwords.json	editorial_siglum	ῥεντε(ν)τίων	ῥεντε(ν)τίων
combined	lbg_headwords.json	editorial_siglum	ῥεσκισ(σ)ορίως	ῥεσκισ(σ)ορίως
combined	lbg_headwords.json	editorial_siglum	ῥεσκισ(σ)όριος	ῥεσκισ(σ)όριος
combined	lbg_headwords.json	editorial_siglum	ῥοδίτσι(ο)ν	ῥοδίτσι(ο)ν
combined	lbg_headwords.json	editorial_siglum	ῥοδόσταμα(ν)	ῥοδόσταμα(ν)
combined	lbg_headwords.json	editorial_siglum	ῥοντζίνι(ον)	ῥοντζίνι(ον)
combined	lbg_headwords.json	editorial_siglum	ῥουθούνι(ον)	ῥουθούνι(ον)
combined	lbg_pairs.json	editorial_siglum	συρισαιν	Σύρισ(σ)α
combined	lbg_pairs.json	editorial_siglum	συρισσα	Σύρισ(σ)α
combined	lbg_pairs.json	editorial_siglum	συρισσαι	Σύρισ(σ)α
combined	lbg_pairs.json	editorial_siglum	συρισσαιν	Σύρισ(σ)α
combined	lbg_pairs.json	editorial_siglum	συρισσαις	Σύρισ(σ)α
combined	lbg_pairs.json	editorial_siglum	συρισσαν	Σύρισ(σ)α
combined	lbg_pairs.json	editorial_siglum	συρισσας	Σύρισ(σ)α
combined	lbg_pairs.json	editorial_siglum	συρισσων	Σύρισ(σ)α
combined	lbg_pairs.json	editorial_siglum	βιποσεσα	βιπόσεσ(σ)ον
combined	lbg_pairs.json	editorial_siglum	βιποσεσοιν	βιπόσεσ(σ)ον
combined	lbg_pairs.json	editorial_siglum	βιποσεσοις	βιπόσεσ(σ)ον
combined	lbg_pairs.json	editorial_siglum	βιποσεσον	βιπόσεσ(σ)ον
combined	lbg_pairs.json	editorial_siglum	βιποσεσου	βιπόσεσ(σ)ον
combined	lbg_pairs.json	editorial_siglum	βιποσεσσα	βιπόσεσ(σ)ον
combined	lbg_pairs.json	editorial_siglum	βιποσεσσοιν	βιπόσεσ(σ)ον
combined	lbg_pairs.json	editorial_siglum	βιποσεσσοις	βιπόσεσ(σ)ον
combined	lbg_pairs.json	editorial_siglum	βιποσεσσον	βιπόσεσ(σ)ον
combined	lbg_pairs.json	editorial_siglum	βιποσεσσου	βιπόσεσ(σ)ον
combined	lbg_pairs.json	editorial_siglum	βιποσεσσω	βιπόσεσ(σ)ον
combined	lbg_pairs.json	editorial_siglum	βιποσεσσων	βιπόσεσ(σ)ον
combined	lbg_pairs.json	editorial_siglum	βιποσεσω	βιπόσεσ(σ)ον
combined	lbg_pairs.json	editorial_siglum	βιποσεσων	βιπόσεσ(σ)ον
combined	lbg_pairs.json	editorial_siglum	βλατοπωλα	βλατ(τ)οπώλης
combined	lbg_pairs.json	editorial_siglum	βλατοπωλαι	βλατ(τ)οπώλης
combined	lbg_pairs.json	editorial_siglum	βλατοπωλαιν	βλατ(τ)οπώλης
combined	lbg_pairs.json	editorial_siglum	βλατοπωλαις	βλατ(τ)οπώλης
combined	lbg_pairs.json	editorial_siglum	βλατοπωλας	βλατ(τ)οπώλης
combined	lbg_pairs.json	editorial_siglum	βλατοπωλη	βλατ(τ)οπώλης
combined	lbg_pairs.json	editorial_siglum	βλατοπωλην	βλατ(τ)οπώλης
combined	lbg_pairs.json	editorial_siglum	βλατοπωλης	βλατ(τ)οπώλης
combined	lbg_pairs.json	editorial_siglum	βλατοπωλου	βλατ(τ)οπώλης
combined	lbg_pairs.json	editorial_siglum	βλατοπωλων	βλατ(τ)οπώλης
combined	lbg_pairs.json	editorial_siglum	βλαττοπωλα	βλατ(τ)οπώλης
combined	lbg_pairs.json	editorial_siglum	βλαττοπωλαι	βλατ(τ)οπώλης
combined	lbg_pairs.json	editorial_siglum	βλαττοπωλαιν	βλατ(τ)οπώλης
combined	lbg_pairs.json	editorial_siglum	βλαττοπωλαις	βλατ(τ)οπώλης
combined	lbg_pairs.json	editorial_siglum	βλαττοπωλας	βλατ(τ)οπώλης
combined	lbg_pairs.json	editorial_siglum	βλαττοπωλη	βλατ(τ)οπώλης
combined	lbg_pairs.json	editorial_siglum	βλαττοπωλην	βλατ(τ)οπώλης
combined	lbg_pairs.json	editorial_siglum	βλαττοπωλης	βλατ(τ)οπώλης
combined	lbg_pairs.json	editorial_siglum	βλαττοπωλου	βλατ(τ)οπώλης
combined	lbg_pairs.json	editorial_siglum	βλαττοπωλων	βλατ(τ)οπώλης
combined	lbg_pairs.json	editorial_siglum	βουτιοιν	βουτ(τ)ίον
combined	lbg_pairs.json	editorial_siglum	βουτιοις	βουτ(τ)ίον
combined	lbg_pairs.json	editorial_siglum	βουτιου	βουτ(τ)ίον
combined	lbg_pairs.json	editorial_siglum	βουτιω	βουτ(τ)ίον
combined	lbg_pairs.json	editorial_siglum	βουλισμασι	βούλ(λ)ισμα
combined	lbg_pairs.json	editorial_siglum	βουλισμασιν	βούλ(λ)ισμα
combined	lbg_pairs.json	editorial_siglum	βουλισματα	βούλ(λ)ισμα
combined	lbg_pairs.json	editorial_siglum	βουλισματε	βούλ(λ)ισμα
combined	lbg_pairs.json	editorial_siglum	βουλισματι	βούλ(λ)ισμα
combined	lbg_pairs.json	editorial_siglum	βουλισματοιν	βούλ(λ)ισμα
combined	lbg_pairs.json	editorial_siglum	βουλισματος	βούλ(λ)ισμα
combined	lbg_pairs.json	editorial_siglum	βουλισματων	βούλ(λ)ισμα
combined	lbg_pairs.json	editorial_siglum	βουλλισμα	βούλ(λ)ισμα
combined	lbg_pairs.json	editorial_siglum	βουλλισμασι	βούλ(λ)ισμα
combined	lbg_pairs.json	editorial_siglum	βουλλισμασιν	βούλ(λ)ισμα
combined	lbg_pairs.json	editorial_siglum	βουλλισματα	βούλ(λ)ισμα
combined	lbg_pairs.json	editorial_siglum	βουλλισματε	βούλ(λ)ισμα
combined	lbg_pairs.json	editorial_siglum	βουλλισματι	βούλ(λ)ισμα
combined	lbg_pairs.json	editorial_siglum	βουλλισματοιν	βούλ(λ)ισμα
combined	lbg_pairs.json	editorial_siglum	βουλλισματος	βούλ(λ)ισμα
combined	lbg_pairs.json	editorial_siglum	βουλλισματων	βούλ(λ)ισμα
combined	lbg_pairs.json	editorial_siglum	βουτται	βούτ(τ)η
combined	lbg_pairs.json	editorial_siglum	βουτταιν	βούτ(τ)η
combined	lbg_pairs.json	editorial_siglum	βουτταις	βούτ(τ)η
combined	lbg_pairs.json	editorial_siglum	βουττη	βούτ(τ)η
combined	lbg_pairs.json	editorial_siglum	βουττην	βούτ(τ)η
combined	lbg_pairs.json	editorial_siglum	βουττης	βούτ(τ)η
combined	lbg_pairs.json	editorial_siglum	βουττων	βούτ(τ)η
combined	lbg_pairs.json	editorial_siglum	βρουλλοιν	βροῦλ(λ)ον
combined	lbg_pairs.json	editorial_siglum	βρουλλοις	βροῦλ(λ)ον
combined	lbg_pairs.json	editorial_siglum	βρουλλον	βροῦλ(λ)ον
combined	lbg_pairs.json	editorial_siglum	βρουλλω	βροῦλ(λ)ον
combined	lbg_pairs.json	editorial_siglum	βρυλα	βρύλ(λ)ον
combined	lbg_pairs.json	editorial_siglum	βρυλλα	βρύλ(λ)ον
combined	lbg_pairs.json	editorial_siglum	βρυλλοιν	βρύλ(λ)ον
combined	lbg_pairs.json	editorial_siglum	βρυλοιν	βρύλ(λ)ον
combined	lbg_pairs.json	editorial_siglum	βρυλοις	βρύλ(λ)ον
combined	lbg_pairs.json	editorial_siglum	βρυλον	βρύλ(λ)ον
combined	lbg_pairs.json	editorial_siglum	βρυλου	βρύλ(λ)ον
combined	lbg_pairs.json	editorial_siglum	βρυλω	βρύλ(λ)ον
combined	lbg_pairs.json	editorial_siglum	βρυλων	βρύλ(λ)ον
combined	lbg_pairs.json	editorial_siglum	γειοπονια	γει(ο)πονία
combined	lbg_pairs.json	editorial_siglum	γειοπονιαι	γει(ο)πονία
combined	lbg_pairs.json	editorial_siglum	γειοπονιαιν	γει(ο)πονία
combined	lbg_pairs.json	editorial_siglum	γειοπονιαις	γει(ο)πονία
combined	lbg_pairs.json	editorial_siglum	γειοπονιαν	γει(ο)πονία
combined	lbg_pairs.json	editorial_siglum	γειοπονιας	γει(ο)πονία
combined	lbg_pairs.json	editorial_siglum	γειοπονιων	γει(ο)πονία
combined	lbg_pairs.json	editorial_siglum	γειπονια	γει(ο)πονία
combined	lbg_pairs.json	editorial_siglum	γειπονιαι	γει(ο)πονία
combined	lbg_pairs.json	editorial_siglum	γειπονιαιν	γει(ο)πονία
combined	lbg_pairs.json	editorial_siglum	γειπονιαις	γει(ο)πονία
combined	lbg_pairs.json	editorial_siglum	γειπονιαν	γει(ο)πονία
combined	lbg_pairs.json	editorial_siglum	γειπονιας	γει(ο)πονία
combined	lbg_pairs.json	editorial_siglum	γειπονιων	γει(ο)πονία
combined	lbg_pairs.json	editorial_siglum	γλυκοριζοιν	γλυκόρ(ρ)ιζον
combined	lbg_pairs.json	editorial_siglum	γλυκοριζοις	γλυκόρ(ρ)ιζον
combined	lbg_pairs.json	editorial_siglum	γλυκοριζον	γλυκόρ(ρ)ιζον
combined	lbg_pairs.json	editorial_siglum	γλυκοριζου	γλυκόρ(ρ)ιζον
combined	lbg_pairs.json	editorial_siglum	γλυκοριζω	γλυκόρ(ρ)ιζον
combined	lbg_pairs.json	editorial_siglum	γλυκορριζοιν	γλυκόρ(ρ)ιζον
combined	lbg_pairs.json	editorial_siglum	γλυκορριζοις	γλυκόρ(ρ)ιζον
combined	lbg_pairs.json	editorial_siglum	γλυκορριζον	γλυκόρ(ρ)ιζον
combined	lbg_pairs.json	editorial_siglum	γλυκορριζου	γλυκόρ(ρ)ιζον
combined	lbg_pairs.json	editorial_siglum	γλυκορριζω	γλυκόρ(ρ)ιζον
combined	lbg_pairs.json	editorial_siglum	γλυκορριζων	γλυκόρ(ρ)ιζον
combined	lbg_pairs.json	editorial_siglum	γλυκυριζοιν	γλυκύρ(ρ)ιζον
combined	lbg_pairs.json	editorial_siglum	γλυκυριζοις	γλυκύρ(ρ)ιζον
combined	lbg_pairs.json	editorial_siglum	γλυκυριζον	γλυκύρ(ρ)ιζον
combined	lbg_pairs.json	editorial_siglum	γλυκυριζου	γλυκύρ(ρ)ιζον
combined	lbg_pairs.json	editorial_siglum	γλυκυριζω	γλυκύρ(ρ)ιζον
combined	lbg_pairs.json	editorial_siglum	γλυκυριζων	γλυκύρ(ρ)ιζον
combined	lbg_pairs.json	editorial_siglum	γλυκυρριζοιν	γλυκύρ(ρ)ιζον
combined	lbg_pairs.json	editorial_siglum	γλυκυρριζοις	γλυκύρ(ρ)ιζον
combined	lbg_pairs.json	editorial_siglum	γλυκυρριζου	γλυκύρ(ρ)ιζον
combined	lbg_pairs.json	editorial_siglum	γλυκυρριζω	γλυκύρ(ρ)ιζον
combined	lbg_pairs.json	editorial_siglum	δερμοκουκουλα	δερμοκούκουλ(λ)ον
combined	lbg_pairs.json	editorial_siglum	δερμοκουκουλλα	δερμοκούκουλ(λ)ον
combined	lbg_pairs.json	editorial_siglum	δερμοκουκουλλοιν	δερμοκούκουλ(λ)ον
combined	lbg_pairs.json	editorial_siglum	δερμοκουκουλλοις	δερμοκούκουλ(λ)ον
combined	lbg_pairs.json	editorial_siglum	δερμοκουκουλλον	δερμοκούκουλ(λ)ον
combined	lbg_pairs.json	editorial_siglum	δερμοκουκουλλου	δερμοκούκουλ(λ)ον
combined	lbg_pairs.json	editorial_siglum	δερμοκουκουλλω	δερμοκούκουλ(λ)ον
combined	lbg_pairs.json	editorial_siglum	δερμοκουκουλλων	δερμοκούκουλ(λ)ον
combined	lbg_pairs.json	editorial_siglum	δερμοκουκουλοιν	δερμοκούκουλ(λ)ον
combined	lbg_pairs.json	editorial_siglum	δερμοκουκουλοις	δερμοκούκουλ(λ)ον
combined	lbg_pairs.json	editorial_siglum	δερμοκουκουλον	δερμοκούκουλ(λ)ον
combined	lbg_pairs.json	editorial_siglum	δερμοκουκουλου	δερμοκούκουλ(λ)ον
combined	lbg_pairs.json	editorial_siglum	δερμοκουκουλω	δερμοκούκουλ(λ)ον
combined	lbg_pairs.json	editorial_siglum	δερμοκουκουλων	δερμοκούκουλ(λ)ον
combined	lbg_pairs.json	editorial_siglum	διαδεμα	διάδε(σ)μα
combined	lbg_pairs.json	editorial_siglum	διαδεμασι	διάδε(σ)μα
combined	lbg_pairs.json	editorial_siglum	διαδεμασιν	διάδε(σ)μα
combined	lbg_pairs.json	editorial_siglum	διαδεματα	διάδε(σ)μα
combined	lbg_pairs.json	editorial_siglum	διαδεματε	διάδε(σ)μα
combined	lbg_pairs.json	editorial_siglum	διαδεματι	διάδε(σ)μα
combined	lbg_pairs.json	editorial_siglum	διαδεματοιν	διάδε(σ)μα
combined	lbg_pairs.json	editorial_siglum	διαδεματος	διάδε(σ)μα
combined	lbg_pairs.json	editorial_siglum	διαδεματων	διάδε(σ)μα
combined	lbg_pairs.json	editorial_siglum	διαδεσμασι	διάδε(σ)μα
combined	lbg_pairs.json	editorial_siglum	διαδεσμασιν	διάδε(σ)μα
combined	lbg_pairs.json	editorial_siglum	διαδεσματα	διάδε(σ)μα
combined	lbg_pairs.json	editorial_siglum	διαδεσματε	διάδε(σ)μα
combined	lbg_pairs.json	editorial_siglum	διαδεσματι	διάδε(σ)μα
combined	lbg_pairs.json	editorial_siglum	διαδεσματοιν	διάδε(σ)μα
combined	lbg_pairs.json	editorial_siglum	διαδεσματος	διάδε(σ)μα
combined	lbg_pairs.json	editorial_siglum	διαδεσματων	διάδε(σ)μα
combined	lbg_pairs.json	editorial_siglum	διβελια	διβέλ(λ)ιον
combined	lbg_pairs.json	editorial_siglum	διβελιοιν	διβέλ(λ)ιον
combined	lbg_pairs.json	editorial_siglum	διβελιοις	διβέλ(λ)ιον
combined	lbg_pairs.json	editorial_siglum	διβελιον	διβέλ(λ)ιον
combined	lbg_pairs.json	editorial_siglum	διβελιου	διβέλ(λ)ιον
combined	lbg_pairs.json	editorial_siglum	διβελιω	διβέλ(λ)ιον
combined	lbg_pairs.json	editorial_siglum	διβελιων	διβέλ(λ)ιον
combined	lbg_pairs.json	editorial_siglum	διβελλια	διβέλ(λ)ιον
combined	lbg_pairs.json	editorial_siglum	διβελλιοιν	διβέλ(λ)ιον
combined	lbg_pairs.json	editorial_siglum	διβελλιοις	διβέλ(λ)ιον
combined	lbg_pairs.json	editorial_siglum	διβελλιον	διβέλ(λ)ιον
combined	lbg_pairs.json	editorial_siglum	διβελλιου	διβέλ(λ)ιον
combined	lbg_pairs.json	editorial_siglum	διβελλιω	διβέλ(λ)ιον
combined	lbg_pairs.json	editorial_siglum	διβελλιων	διβέλ(λ)ιον
combined	lbg_pairs.json	editorial_siglum	ευκτεια	εὐκτ(ε)ία
combined	lbg_pairs.json	editorial_siglum	ευκτειαι	εὐκτ(ε)ία
combined	lbg_pairs.json	editorial_siglum	ευκτειαιν	εὐκτ(ε)ία
combined	lbg_pairs.json	editorial_siglum	ευκτειαις	εὐκτ(ε)ία
combined	lbg_pairs.json	editorial_siglum	ευκτειαν	εὐκτ(ε)ία
combined	lbg_pairs.json	editorial_siglum	ευκτειας	εὐκτ(ε)ία
combined	lbg_pairs.json	editorial_siglum	ευκτειων	εὐκτ(ε)ία
combined	lbg_pairs.json	editorial_siglum	ευκτια	εὐκτ(ε)ία
combined	lbg_pairs.json	editorial_siglum	ευκτιαι	εὐκτ(ε)ία
combined	lbg_pairs.json	editorial_siglum	ευκτιαιν	εὐκτ(ε)ία
combined	lbg_pairs.json	editorial_siglum	ευκτιαις	εὐκτ(ε)ία
combined	lbg_pairs.json	editorial_siglum	ευκτιαν	εὐκτ(ε)ία
combined	lbg_pairs.json	editorial_siglum	ευκτιας	εὐκτ(ε)ία
combined	lbg_pairs.json	editorial_siglum	ευκτιων	εὐκτ(ε)ία
combined	lbg_pairs.json	editorial_siglum	ζυγοστατεια	ζυγοστατ(ε)ίον
combined	lbg_pairs.json	editorial_siglum	ζυγοστατειοιν	ζυγοστατ(ε)ίον
combined	lbg_pairs.json	editorial_siglum	ζυγοστατειοις	ζυγοστατ(ε)ίον
combined	lbg_pairs.json	editorial_siglum	ζυγοστατειον	ζυγοστατ(ε)ίον
combined	lbg_pairs.json	editorial_siglum	ζυγοστατειου	ζυγοστατ(ε)ίον
combined	lbg_pairs.json	editorial_siglum	ζυγοστατειω	ζυγοστατ(ε)ίον
combined	lbg_pairs.json	editorial_siglum	ζυγοστατειων	ζυγοστατ(ε)ίον
combined	lbg_pairs.json	editorial_siglum	ζυγοστατια	ζυγοστατ(ε)ίον
combined	lbg_pairs.json	editorial_siglum	ζυγοστατιοιν	ζυγοστατ(ε)ίον
combined	lbg_pairs.json	editorial_siglum	ζυγοστατιοις	ζυγοστατ(ε)ίον
combined	lbg_pairs.json	editorial_siglum	ζυγοστατιον	ζυγοστατ(ε)ίον
combined	lbg_pairs.json	editorial_siglum	ζυγοστατιου	ζυγοστατ(ε)ίον
combined	lbg_pairs.json	editorial_siglum	ζυγοστατιω	ζυγοστατ(ε)ίον
combined	lbg_pairs.json	editorial_siglum	ζυγοστατιων	ζυγοστατ(ε)ίον
combined	lbg_pairs.json	editorial_siglum	θρυλημασι	θρύλ(λ)ημα
combined	lbg_pairs.json	editorial_siglum	θρυλημασιν	θρύλ(λ)ημα
combined	lbg_pairs.json	editorial_siglum	θρυληματε	θρύλ(λ)ημα
combined	lbg_pairs.json	editorial_siglum	θρυληματι	θρύλ(λ)ημα
combined	lbg_pairs.json	editorial_siglum	θρυληματοιν	θρύλ(λ)ημα
combined	lbg_pairs.json	editorial_siglum	θρυλλημα	θρύλ(λ)ημα
combined	lbg_pairs.json	editorial_siglum	θρυλλημασι	θρύλ(λ)ημα
combined	lbg_pairs.json	editorial_siglum	θρυλλημασιν	θρύλ(λ)ημα
combined	lbg_pairs.json	editorial_siglum	θρυλληματα	θρύλ(λ)ημα
combined	lbg_pairs.json	editorial_siglum	θρυλληματε	θρύλ(λ)ημα
combined	lbg_pairs.json	editorial_siglum	θρυλληματι	θρύλ(λ)ημα
combined	lbg_pairs.json	editorial_siglum	θρυλληματοιν	θρύλ(λ)ημα
combined	lbg_pairs.json	editorial_siglum	θρυλληματος	θρύλ(λ)ημα
combined	lbg_pairs.json	editorial_siglum	θρυλληματων	θρύλ(λ)ημα
combined	lbg_pairs.json	editorial_siglum	καβαλιναι	καβαλ(λ)ίνα
combined	lbg_pairs.json	editorial_siglum	καβαλιναιν	καβαλ(λ)ίνα
combined	lbg_pairs.json	editorial_siglum	καβαλιναις	καβαλ(λ)ίνα
combined	lbg_pairs.json	editorial_siglum	καβαλιναν	καβαλ(λ)ίνα
combined	lbg_pairs.json	editorial_siglum	καβαλλινα	καβαλ(λ)ίνα
combined	lbg_pairs.json	editorial_siglum	καβαλλιναι	καβαλ(λ)ίνα
combined	lbg_pairs.json	editorial_siglum	καβαλλιναιν	καβαλ(λ)ίνα
combined	lbg_pairs.json	editorial_siglum	καβαλλιναις	καβαλ(λ)ίνα
combined	lbg_pairs.json	editorial_siglum	καβαλλιναν	καβαλ(λ)ίνα
combined	lbg_pairs.json	editorial_siglum	καβαλλινας	καβαλ(λ)ίνα
combined	lbg_pairs.json	editorial_siglum	καβαλλινων	καβαλ(λ)ίνα
combined	lbg_pairs.json	editorial_siglum	καθυπομιμνησκε	καθυπο(μι)μνήσκω
combined	lbg_pairs.json	editorial_siglum	καθυπομιμνησκει	καθυπο(μι)μνήσκω
combined	lbg_pairs.json	editorial_siglum	καθυπομιμνησκειν	καθυπο(μι)μνήσκω
combined	lbg_pairs.json	editorial_siglum	καθυπομιμνησκεις	καθυπο(μι)μνήσκω
combined	lbg_pairs.json	editorial_siglum	καθυπομιμνησκεσθαι	καθυπο(μι)μνήσκω
combined	lbg_pairs.json	editorial_siglum	καθυπομιμνησκεσθε	καθυπο(μι)μνήσκω
combined	lbg_pairs.json	editorial_siglum	καθυπομιμνησκεσθον	καθυπο(μι)μνήσκω
combined	lbg_pairs.json	editorial_siglum	καθυπομιμνησκεσθω	καθυπο(μι)μνήσκω
combined	lbg_pairs.json	editorial_siglum	καθυπομιμνησκεσθων	καθυπο(μι)μνήσκω
combined	lbg_pairs.json	editorial_siglum	καθυπομιμνησκεται	καθυπο(μι)μνήσκω
combined	lbg_pairs.json	editorial_siglum	καθυπομιμνησκετε	καθυπο(μι)μνήσκω
combined	lbg_pairs.json	editorial_siglum	καθυπομιμνησκετον	καθυπο(μι)μνήσκω
combined	lbg_pairs.json	editorial_siglum	καθυπομιμνησκετω	καθυπο(μι)μνήσκω
combined	lbg_pairs.json	editorial_siglum	καθυπομιμνησκετων	καθυπο(μι)μνήσκω
combined	lbg_pairs.json	editorial_siglum	καθυπομιμνησκη	καθυπο(μι)μνήσκω
combined	lbg_pairs.json	editorial_siglum	καθυπομιμνησκης	καθυπο(μι)μνήσκω
combined	lbg_pairs.json	editorial_siglum	καθυπομιμνησκησθε	καθυπο(μι)μνήσκω
combined	lbg_pairs.json	editorial_siglum	καθυπομιμνησκησθον	καθυπο(μι)μνήσκω
combined	lbg_pairs.json	editorial_siglum	καθυπομιμνησκηται	καθυπο(μι)μνήσκω
combined	lbg_pairs.json	editorial_siglum	καθυπομιμνησκητε	καθυπο(μι)μνήσκω
combined	lbg_pairs.json	editorial_siglum	καθυπομιμνησκητον	καθυπο(μι)μνήσκω
combined	lbg_pairs.json	editorial_siglum	καθυπομιμνησκοι	καθυπο(μι)μνήσκω
combined	lbg_pairs.json	editorial_siglum	καθυπομιμνησκοιεν	καθυπο(μι)μνήσκω
combined	lbg_pairs.json	editorial_siglum	καθυπομιμνησκοιμεθα	καθυπο(μι)μνήσκω
combined	lbg_pairs.json	editorial_siglum	καθυπομιμνησκοιμεν	καθυπο(μι)μνήσκω
combined	lbg_pairs.json	editorial_siglum	καθυπομιμνησκοιμην	καθυπο(μι)μνήσκω
combined	lbg_pairs.json	editorial_siglum	καθυπομιμνησκοιμι	καθυπο(μι)μνήσκω
combined	lbg_pairs.json	editorial_siglum	καθυπομιμνησκοιντο	καθυπο(μι)μνήσκω
combined	lbg_pairs.json	editorial_siglum	καθυπομιμνησκοιο	καθυπο(μι)μνήσκω
combined	lbg_pairs.json	editorial_siglum	καθυπομιμνησκοις	καθυπο(μι)μνήσκω
combined	lbg_pairs.json	editorial_siglum	καθυπομιμνησκοισθε	καθυπο(μι)μνήσκω
combined	lbg_pairs.json	editorial_siglum	καθυπομιμνησκοισθην	καθυπο(μι)μνήσκω
combined	lbg_pairs.json	editorial_siglum	καθυπομιμνησκοισθον	καθυπο(μι)μνήσκω
combined	lbg_pairs.json	editorial_siglum	καθυπομιμνησκοιτε	καθυπο(μι)μνήσκω
combined	lbg_pairs.json	editorial_siglum	καθυπομιμνησκοιτην	καθυπο(μι)μνήσκω
combined	lbg_pairs.json	editorial_siglum	καθυπομιμνησκοιτο	καθυπο(μι)μνήσκω
combined	lbg_pairs.json	editorial_siglum	καθυπομιμνησκοιτον	καθυπο(μι)μνήσκω
combined	lbg_pairs.json	editorial_siglum	καθυπομιμνησκομαι	καθυπο(μι)μνήσκω
combined	lbg_pairs.json	editorial_siglum	καθυπομιμνησκομεθα	καθυπο(μι)μνήσκω
combined	lbg_pairs.json	editorial_siglum	καθυπομιμνησκομεν	καθυπο(μι)μνήσκω
combined	lbg_pairs.json	editorial_siglum	καθυπομιμνησκομενη	καθυπο(μι)μνήσκω
combined	lbg_pairs.json	editorial_siglum	καθυπομιμνησκομενον	καθυπο(μι)μνήσκω
combined	lbg_pairs.json	editorial_siglum	καθυπομιμνησκομενος	καθυπο(μι)μνήσκω
combined	lbg_pairs.json	editorial_siglum	καθυπομιμνησκον	καθυπο(μι)μνήσκω
combined	lbg_pairs.json	editorial_siglum	καθυπομιμνησκονται	καθυπο(μι)μνήσκω
combined	lbg_pairs.json	editorial_siglum	καθυπομιμνησκοντων	καθυπο(μι)μνήσκω
combined	lbg_pairs.json	editorial_siglum	καθυπομιμνησκου	καθυπο(μι)μνήσκω
combined	lbg_pairs.json	editorial_siglum	καθυπομιμνησκουσα	καθυπο(μι)μνήσκω
combined	lbg_pairs.json	editorial_siglum	καθυπομιμνησκω	καθυπο(μι)μνήσκω
combined	lbg_pairs.json	editorial_siglum	καθυπομιμνησκωμαι	καθυπο(μι)μνήσκω
combined	lbg_pairs.json	editorial_siglum	καθυπομιμνησκωμεθα	καθυπο(μι)μνήσκω
combined	lbg_pairs.json	editorial_siglum	καθυπομιμνησκωμεν	καθυπο(μι)μνήσκω
combined	lbg_pairs.json	editorial_siglum	καθυπομιμνησκων	καθυπο(μι)μνήσκω
combined	lbg_pairs.json	editorial_siglum	καθυπομιμνησκωνται	καθυπο(μι)μνήσκω
combined	lbg_pairs.json	editorial_siglum	καθυπομνησκε	καθυπο(μι)μνήσκω
combined	lbg_pairs.json	editorial_siglum	καθυπομνησκει	καθυπο(μι)μνήσκω
combined	lbg_pairs.json	editorial_siglum	καθυπομνησκειν	καθυπο(μι)μνήσκω
combined	lbg_pairs.json	editorial_siglum	καθυπομνησκεις	καθυπο(μι)μνήσκω
combined	lbg_pairs.json	editorial_siglum	καθυπομνησκεσθαι	καθυπο(μι)μνήσκω
combined	lbg_pairs.json	editorial_siglum	καθυπομνησκεσθε	καθυπο(μι)μνήσκω
combined	lbg_pairs.json	editorial_siglum	καθυπομνησκεσθον	καθυπο(μι)μνήσκω
combined	lbg_pairs.json	editorial_siglum	καθυπομνησκεσθω	καθυπο(μι)μνήσκω
combined	lbg_pairs.json	editorial_siglum	καθυπομνησκεσθων	καθυπο(μι)μνήσκω
combined	lbg_pairs.json	editorial_siglum	καθυπομνησκεται	καθυπο(μι)μνήσκω
combined	lbg_pairs.json	editorial_siglum	καθυπομνησκετε	καθυπο(μι)μνήσκω
combined	lbg_pairs.json	editorial_siglum	καθυπομνησκετον	καθυπο(μι)μνήσκω
combined	lbg_pairs.json	editorial_siglum	καθυπομνησκετω	καθυπο(μι)μνήσκω
combined	lbg_pairs.json	editorial_siglum	καθυπομνησκετων	καθυπο(μι)μνήσκω
combined	lbg_pairs.json	editorial_siglum	καθυπομνησκη	καθυπο(μι)μνήσκω
combined	lbg_pairs.json	editorial_siglum	καθυπομνησκης	καθυπο(μι)μνήσκω
combined	lbg_pairs.json	editorial_siglum	καθυπομνησκησθε	καθυπο(μι)μνήσκω
combined	lbg_pairs.json	editorial_siglum	καθυπομνησκησθον	καθυπο(μι)μνήσκω
combined	lbg_pairs.json	editorial_siglum	καθυπομνησκηται	καθυπο(μι)μνήσκω
combined	lbg_pairs.json	editorial_siglum	καθυπομνησκητε	καθυπο(μι)μνήσκω
combined	lbg_pairs.json	editorial_siglum	καθυπομνησκητον	καθυπο(μι)μνήσκω
combined	lbg_pairs.json	editorial_siglum	καθυπομνησκοι	καθυπο(μι)μνήσκω
combined	lbg_pairs.json	editorial_siglum	καθυπομνησκοιεν	καθυπο(μι)μνήσκω
combined	lbg_pairs.json	editorial_siglum	καθυπομνησκοιμεθα	καθυπο(μι)μνήσκω
combined	lbg_pairs.json	editorial_siglum	καθυπομνησκοιμεν	καθυπο(μι)μνήσκω
combined	lbg_pairs.json	editorial_siglum	καθυπομνησκοιμην	καθυπο(μι)μνήσκω
combined	lbg_pairs.json	editorial_siglum	καθυπομνησκοιμι	καθυπο(μι)μνήσκω
combined	lbg_pairs.json	editorial_siglum	καθυπομνησκοιντο	καθυπο(μι)μνήσκω
combined	lbg_pairs.json	editorial_siglum	καθυπομνησκοιο	καθυπο(μι)μνήσκω
combined	lbg_pairs.json	editorial_siglum	καθυπομνησκοις	καθυπο(μι)μνήσκω
combined	lbg_pairs.json	editorial_siglum	καθυπομνησκοισθε	καθυπο(μι)μνήσκω
combined	lbg_pairs.json	editorial_siglum	καθυπομνησκοισθην	καθυπο(μι)μνήσκω
combined	lbg_pairs.json	editorial_siglum	καθυπομνησκοισθον	καθυπο(μι)μνήσκω
combined	lbg_pairs.json	editorial_siglum	καθυπομνησκοιτε	καθυπο(μι)μνήσκω
combined	lbg_pairs.json	editorial_siglum	καθυπομνησκοιτην	καθυπο(μι)μνήσκω
combined	lbg_pairs.json	editorial_siglum	καθυπομνησκοιτο	καθυπο(μι)μνήσκω
combined	lbg_pairs.json	editorial_siglum	καθυπομνησκοιτον	καθυπο(μι)μνήσκω
combined	lbg_pairs.json	editorial_siglum	καθυπομνησκομαι	καθυπο(μι)μνήσκω
combined	lbg_pairs.json	editorial_siglum	καθυπομνησκομεθα	καθυπο(μι)μνήσκω
combined	lbg_pairs.json	editorial_siglum	καθυπομνησκομεν	καθυπο(μι)μνήσκω
combined	lbg_pairs.json	editorial_siglum	καθυπομνησκομενη	καθυπο(μι)μνήσκω
combined	lbg_pairs.json	editorial_siglum	καθυπομνησκομενον	καθυπο(μι)μνήσκω
combined	lbg_pairs.json	editorial_siglum	καθυπομνησκομενος	καθυπο(μι)μνήσκω
combined	lbg_pairs.json	editorial_siglum	καθυπομνησκον	καθυπο(μι)μνήσκω
combined	lbg_pairs.json	editorial_siglum	καθυπομνησκονται	καθυπο(μι)μνήσκω
combined	lbg_pairs.json	editorial_siglum	καθυπομνησκοντων	καθυπο(μι)μνήσκω
combined	lbg_pairs.json	editorial_siglum	καθυπομνησκου	καθυπο(μι)μνήσκω
combined	lbg_pairs.json	editorial_siglum	καθυπομνησκουσα	καθυπο(μι)μνήσκω
combined	lbg_pairs.json	editorial_siglum	καθυπομνησκω	καθυπο(μι)μνήσκω
combined	lbg_pairs.json	editorial_siglum	καθυπομνησκωμαι	καθυπο(μι)μνήσκω
combined	lbg_pairs.json	editorial_siglum	καθυπομνησκωμεθα	καθυπο(μι)μνήσκω
combined	lbg_pairs.json	editorial_siglum	καθυπομνησκωμεν	καθυπο(μι)μνήσκω
combined	lbg_pairs.json	editorial_siglum	καθυπομνησκων	καθυπο(μι)μνήσκω
combined	lbg_pairs.json	editorial_siglum	καθυπομνησκωνται	καθυπο(μι)μνήσκω
combined	lbg_pairs.json	editorial_siglum	καπαροριζα	καπ(π)αρόριζον
combined	lbg_pairs.json	editorial_siglum	καπαροριζοιν	καπ(π)αρόριζον
combined	lbg_pairs.json	editorial_siglum	καπαροριζοις	καπ(π)αρόριζον
combined	lbg_pairs.json	editorial_siglum	καπαροριζον	καπ(π)αρόριζον
combined	lbg_pairs.json	editorial_siglum	καπαροριζου	καπ(π)αρόριζον
combined	lbg_pairs.json	editorial_siglum	καπαροριζω	καπ(π)αρόριζον
combined	lbg_pairs.json	editorial_siglum	καπαροριζων	καπ(π)αρόριζον
combined	lbg_pairs.json	editorial_siglum	καππαροριζα	καπ(π)αρόριζον
combined	lbg_pairs.json	editorial_siglum	καππαροριζοιν	καπ(π)αρόριζον
combined	lbg_pairs.json	editorial_siglum	καππαροριζοις	καπ(π)αρόριζον
combined	lbg_pairs.json	editorial_siglum	καππαροριζον	καπ(π)αρόριζον
combined	lbg_pairs.json	editorial_siglum	καππαροριζου	καπ(π)αρόριζον
combined	lbg_pairs.json	editorial_siglum	καππαροριζω	καπ(π)αρόριζον
combined	lbg_pairs.json	editorial_siglum	καππαροριζων	καπ(π)αρόριζον
combined	lbg_pairs.json	editorial_siglum	καπελλανε	καπ(π)ελλάνος
combined	lbg_pairs.json	editorial_siglum	καπελλανοι	καπ(π)ελλάνος
combined	lbg_pairs.json	editorial_siglum	καπελλανοιν	καπ(π)ελλάνος
combined	lbg_pairs.json	editorial_siglum	καπελλανοις	καπ(π)ελλάνος
combined	lbg_pairs.json	editorial_siglum	καπελλανον	καπ(π)ελλάνος
combined	lbg_pairs.json	editorial_siglum	καπελλανος	καπ(π)ελλάνος
combined	lbg_pairs.json	editorial_siglum	καπελλανου	καπ(π)ελλάνος
combined	lbg_pairs.json	editorial_siglum	καπελλανους	καπ(π)ελλάνος
combined	lbg_pairs.json	editorial_siglum	καπελλανω	καπ(π)ελλάνος
combined	lbg_pairs.json	editorial_siglum	καπελλανων	καπ(π)ελλάνος
combined	lbg_pairs.json	editorial_siglum	καππελλανε	καπ(π)ελλάνος
combined	lbg_pairs.json	editorial_siglum	καππελλανοι	καπ(π)ελλάνος
combined	lbg_pairs.json	editorial_siglum	καππελλανοιν	καπ(π)ελλάνος
combined	lbg_pairs.json	editorial_siglum	καππελλανοις	καπ(π)ελλάνος
combined	lbg_pairs.json	editorial_siglum	καππελλανον	καπ(π)ελλάνος
combined	lbg_pairs.json	editorial_siglum	καππελλανος	καπ(π)ελλάνος
combined	lbg_pairs.json	editorial_siglum	καππελλανου	καπ(π)ελλάνος
combined	lbg_pairs.json	editorial_siglum	καππελλανους	καπ(π)ελλάνος
combined	lbg_pairs.json	editorial_siglum	καππελλανω	καπ(π)ελλάνος
combined	lbg_pairs.json	editorial_siglum	καππελλανων	καπ(π)ελλάνος
combined	lbg_pairs.json	editorial_siglum	καρατελα	καρατέλ(λ)ον
combined	lbg_pairs.json	editorial_siglum	καρατελλα	καρατέλ(λ)ον
combined	lbg_pairs.json	editorial_siglum	καρατελλοιν	καρατέλ(λ)ον
combined	lbg_pairs.json	editorial_siglum	καρατελλοις	καρατέλ(λ)ον
combined	lbg_pairs.json	editorial_siglum	καρατελλον	καρατέλ(λ)ον
combined	lbg_pairs.json	editorial_siglum	καρατελλου	καρατέλ(λ)ον
combined	lbg_pairs.json	editorial_siglum	καρατελλω	καρατέλ(λ)ον
combined	lbg_pairs.json	editorial_siglum	καρατελλων	καρατέλ(λ)ον
combined	lbg_pairs.json	editorial_siglum	καρατελοιν	καρατέλ(λ)ον
combined	lbg_pairs.json	editorial_siglum	καρατελοις	καρατέλ(λ)ον
combined	lbg_pairs.json	editorial_siglum	καρατελον	καρατέλ(λ)ον
combined	lbg_pairs.json	editorial_siglum	καρατελου	καρατέλ(λ)ον
combined	lbg_pairs.json	editorial_siglum	καρατελω	καρατέλ(λ)ον
combined	lbg_pairs.json	editorial_siglum	καρατελων	καρατέλ(λ)ον
combined	lbg_pairs.json	editorial_siglum	καρεοφλια	καρεοφλ(ο)ιά
combined	lbg_pairs.json	editorial_siglum	καρεοφλιαι	καρεοφλ(ο)ιά
combined	lbg_pairs.json	editorial_siglum	καρεοφλιαιν	καρεοφλ(ο)ιά
combined	lbg_pairs.json	editorial_siglum	καρεοφλιαις	καρεοφλ(ο)ιά
combined	lbg_pairs.json	editorial_siglum	καρεοφλιαν	καρεοφλ(ο)ιά
combined	lbg_pairs.json	editorial_siglum	καρεοφλιας	καρεοφλ(ο)ιά
combined	lbg_pairs.json	editorial_siglum	καρεοφλιων	καρεοφλ(ο)ιά
combined	lbg_pairs.json	editorial_siglum	καρεοφλοια	καρεοφλ(ο)ιά
combined	lbg_pairs.json	editorial_siglum	καρεοφλοιαι	καρεοφλ(ο)ιά
combined	lbg_pairs.json	editorial_siglum	καρεοφλοιαιν	καρεοφλ(ο)ιά
combined	lbg_pairs.json	editorial_siglum	καρεοφλοιαις	καρεοφλ(ο)ιά
combined	lbg_pairs.json	editorial_siglum	καρεοφλοιαν	καρεοφλ(ο)ιά
combined	lbg_pairs.json	editorial_siglum	καρεοφλοιας	καρεοφλ(ο)ιά
combined	lbg_pairs.json	editorial_siglum	καρεοφλοιων	καρεοφλ(ο)ιά
combined	lbg_pairs.json	editorial_siglum	κατακνισα	κατακνισ(σ)άω
combined	lbg_pairs.json	editorial_siglum	κατακνισαε	κατακνισ(σ)άω
combined	lbg_pairs.json	editorial_siglum	κατακνισαει	κατακνισ(σ)άω
combined	lbg_pairs.json	editorial_siglum	κατακνισαειν	κατακνισ(σ)άω
combined	lbg_pairs.json	editorial_siglum	κατακνισαεις	κατακνισ(σ)άω
combined	lbg_pairs.json	editorial_siglum	κατακνισαεσθαι	κατακνισ(σ)άω
combined	lbg_pairs.json	editorial_siglum	κατακνισαεσθε	κατακνισ(σ)άω
combined	lbg_pairs.json	editorial_siglum	κατακνισαεσθον	κατακνισ(σ)άω
combined	lbg_pairs.json	editorial_siglum	κατακνισαεσθω	κατακνισ(σ)άω
combined	lbg_pairs.json	editorial_siglum	κατακνισαεσθων	κατακνισ(σ)άω
combined	lbg_pairs.json	editorial_siglum	κατακνισαεται	κατακνισ(σ)άω
combined	lbg_pairs.json	editorial_siglum	κατακνισαετε	κατακνισ(σ)άω
combined	lbg_pairs.json	editorial_siglum	κατακνισαετον	κατακνισ(σ)άω
combined	lbg_pairs.json	editorial_siglum	κατακνισαετω	κατακνισ(σ)άω
combined	lbg_pairs.json	editorial_siglum	κατακνισαετων	κατακνισ(σ)άω
combined	lbg_pairs.json	editorial_siglum	κατακνισαη	κατακνισ(σ)άω
combined	lbg_pairs.json	editorial_siglum	κατακνισαης	κατακνισ(σ)άω
combined	lbg_pairs.json	editorial_siglum	κατακνισαησθε	κατακνισ(σ)άω
combined	lbg_pairs.json	editorial_siglum	κατακνισαησθον	κατακνισ(σ)άω
combined	lbg_pairs.json	editorial_siglum	κατακνισαηται	κατακνισ(σ)άω
combined	lbg_pairs.json	editorial_siglum	κατακνισαητε	κατακνισ(σ)άω
combined	lbg_pairs.json	editorial_siglum	κατακνισαητον	κατακνισ(σ)άω
combined	lbg_pairs.json	editorial_siglum	κατακνισαν	κατακνισ(σ)άω
combined	lbg_pairs.json	editorial_siglum	κατακνισαοι	κατακνισ(σ)άω
combined	lbg_pairs.json	editorial_siglum	κατακνισαοιεν	κατακνισ(σ)άω
combined	lbg_pairs.json	editorial_siglum	κατακνισαοιμεθα	κατακνισ(σ)άω
combined	lbg_pairs.json	editorial_siglum	κατακνισαοιμεν	κατακνισ(σ)άω
combined	lbg_pairs.json	editorial_siglum	κατακνισαοιμην	κατακνισ(σ)άω
combined	lbg_pairs.json	editorial_siglum	κατακνισαοιμι	κατακνισ(σ)άω
combined	lbg_pairs.json	editorial_siglum	κατακνισαοιντο	κατακνισ(σ)άω
combined	lbg_pairs.json	editorial_siglum	κατακνισαοιο	κατακνισ(σ)άω
combined	lbg_pairs.json	editorial_siglum	κατακνισαοις	κατακνισ(σ)άω
combined	lbg_pairs.json	editorial_siglum	κατακνισαοισθε	κατακνισ(σ)άω
combined	lbg_pairs.json	editorial_siglum	κατακνισαοισθην	κατακνισ(σ)άω
combined	lbg_pairs.json	editorial_siglum	κατακνισαοισθον	κατακνισ(σ)άω
combined	lbg_pairs.json	editorial_siglum	κατακνισαοιτε	κατακνισ(σ)άω
combined	lbg_pairs.json	editorial_siglum	κατακνισαοιτην	κατακνισ(σ)άω
combined	lbg_pairs.json	editorial_siglum	κατακνισαοιτο	κατακνισ(σ)άω
combined	lbg_pairs.json	editorial_siglum	κατακνισαοιτον	κατακνισ(σ)άω
combined	lbg_pairs.json	editorial_siglum	κατακνισαομαι	κατακνισ(σ)άω
combined	lbg_pairs.json	editorial_siglum	κατακνισαομεθα	κατακνισ(σ)άω
combined	lbg_pairs.json	editorial_siglum	κατακνισαομεν	κατακνισ(σ)άω
combined	lbg_pairs.json	editorial_siglum	κατακνισαομενη	κατακνισ(σ)άω
combined	lbg_pairs.json	editorial_siglum	κατακνισαομενον	κατακνισ(σ)άω
combined	lbg_pairs.json	editorial_siglum	κατακνισαομενος	κατακνισ(σ)άω
combined	lbg_pairs.json	editorial_siglum	κατακνισαον	κατακνισ(σ)άω
combined	lbg_pairs.json	editorial_siglum	κατακνισαονται	κατακνισ(σ)άω
combined	lbg_pairs.json	editorial_siglum	κατακνισαοντων	κατακνισ(σ)άω
combined	lbg_pairs.json	editorial_siglum	κατακνισαου	κατακνισ(σ)άω
combined	lbg_pairs.json	editorial_siglum	κατακνισαουσα	κατακνισ(σ)άω
combined	lbg_pairs.json	editorial_siglum	κατακνισας	κατακνισ(σ)άω
combined	lbg_pairs.json	editorial_siglum	κατακνισασθαι	κατακνισ(σ)άω
combined	lbg_pairs.json	editorial_siglum	κατακνισασθε	κατακνισ(σ)άω
combined	lbg_pairs.json	editorial_siglum	κατακνισασθον	κατακνισ(σ)άω
combined	lbg_pairs.json	editorial_siglum	κατακνισασθω	κατακνισ(σ)άω
combined	lbg_pairs.json	editorial_siglum	κατακνισασθων	κατακνισ(σ)άω
combined	lbg_pairs.json	editorial_siglum	κατακνισαται	κατακνισ(σ)άω
combined	lbg_pairs.json	editorial_siglum	κατακνισατε	κατακνισ(σ)άω
combined	lbg_pairs.json	editorial_siglum	κατακνισατον	κατακνισ(σ)άω
combined	lbg_pairs.json	editorial_siglum	κατακνισατω	κατακνισ(σ)άω
combined	lbg_pairs.json	editorial_siglum	κατακνισατων	κατακνισ(σ)άω
combined	lbg_pairs.json	editorial_siglum	κατακνισαω	κατακνισ(σ)άω
combined	lbg_pairs.json	editorial_siglum	κατακνισαωμαι	κατακνισ(σ)άω
combined	lbg_pairs.json	editorial_siglum	κατακνισαωμεθα	κατακνισ(σ)άω
combined	lbg_pairs.json	editorial_siglum	κατακνισαωμεν	κατακνισ(σ)άω
combined	lbg_pairs.json	editorial_siglum	κατακνισαων	κατακνισ(σ)άω
combined	lbg_pairs.json	editorial_siglum	κατακνισαωνται	κατακνισ(σ)άω
combined	lbg_pairs.json	editorial_siglum	κατακνισσα	κατακνισ(σ)άω
combined	lbg_pairs.json	editorial_siglum	κατακνισσαε	κατακνισ(σ)άω
combined	lbg_pairs.json	editorial_siglum	κατακνισσαει	κατακνισ(σ)άω
combined	lbg_pairs.json	editorial_siglum	κατακνισσαειν	κατακνισ(σ)άω
combined	lbg_pairs.json	editorial_siglum	κατακνισσαεις	κατακνισ(σ)άω
combined	lbg_pairs.json	editorial_siglum	κατακνισσαεσθαι	κατακνισ(σ)άω
combined	lbg_pairs.json	editorial_siglum	κατακνισσαεσθε	κατακνισ(σ)άω
combined	lbg_pairs.json	editorial_siglum	κατακνισσαεσθον	κατακνισ(σ)άω
combined	lbg_pairs.json	editorial_siglum	κατακνισσαεσθω	κατακνισ(σ)άω
combined	lbg_pairs.json	editorial_siglum	κατακνισσαεσθων	κατακνισ(σ)άω
combined	lbg_pairs.json	editorial_siglum	κατακνισσαεται	κατακνισ(σ)άω
combined	lbg_pairs.json	editorial_siglum	κατακνισσαετε	κατακνισ(σ)άω
combined	lbg_pairs.json	editorial_siglum	κατακνισσαετον	κατακνισ(σ)άω
combined	lbg_pairs.json	editorial_siglum	κατακνισσαετω	κατακνισ(σ)άω
combined	lbg_pairs.json	editorial_siglum	κατακνισσαετων	κατακνισ(σ)άω
combined	lbg_pairs.json	editorial_siglum	κατακνισσαη	κατακνισ(σ)άω
combined	lbg_pairs.json	editorial_siglum	κατακνισσαης	κατακνισ(σ)άω
combined	lbg_pairs.json	editorial_siglum	κατακνισσαησθε	κατακνισ(σ)άω
combined	lbg_pairs.json	editorial_siglum	κατακνισσαησθον	κατακνισ(σ)άω
combined	lbg_pairs.json	editorial_siglum	κατακνισσαηται	κατακνισ(σ)άω
combined	lbg_pairs.json	editorial_siglum	κατακνισσαητε	κατακνισ(σ)άω
combined	lbg_pairs.json	editorial_siglum	κατακνισσαητον	κατακνισ(σ)άω
combined	lbg_pairs.json	editorial_siglum	κατακνισσαν	κατακνισ(σ)άω
combined	lbg_pairs.json	editorial_siglum	κατακνισσαοι	κατακνισ(σ)άω
combined	lbg_pairs.json	editorial_siglum	κατακνισσαοιεν	κατακνισ(σ)άω
combined	lbg_pairs.json	editorial_siglum	κατακνισσαοιμεθα	κατακνισ(σ)άω
combined	lbg_pairs.json	editorial_siglum	κατακνισσαοιμεν	κατακνισ(σ)άω
combined	lbg_pairs.json	editorial_siglum	κατακνισσαοιμην	κατακνισ(σ)άω
combined	lbg_pairs.json	editorial_siglum	κατακνισσαοιμι	κατακνισ(σ)άω
combined	lbg_pairs.json	editorial_siglum	κατακνισσαοιντο	κατακνισ(σ)άω
combined	lbg_pairs.json	editorial_siglum	κατακνισσαοιο	κατακνισ(σ)άω
combined	lbg_pairs.json	editorial_siglum	κατακνισσαοις	κατακνισ(σ)άω
combined	lbg_pairs.json	editorial_siglum	κατακνισσαοισθε	κατακνισ(σ)άω
combined	lbg_pairs.json	editorial_siglum	κατακνισσαοισθην	κατακνισ(σ)άω
combined	lbg_pairs.json	editorial_siglum	κατακνισσαοισθον	κατακνισ(σ)άω
combined	lbg_pairs.json	editorial_siglum	κατακνισσαοιτε	κατακνισ(σ)άω
combined	lbg_pairs.json	editorial_siglum	κατακνισσαοιτην	κατακνισ(σ)άω
combined	lbg_pairs.json	editorial_siglum	κατακνισσαοιτο	κατακνισ(σ)άω
combined	lbg_pairs.json	editorial_siglum	κατακνισσαοιτον	κατακνισ(σ)άω
combined	lbg_pairs.json	editorial_siglum	κατακνισσαομαι	κατακνισ(σ)άω
combined	lbg_pairs.json	editorial_siglum	κατακνισσαομεθα	κατακνισ(σ)άω
combined	lbg_pairs.json	editorial_siglum	κατακνισσαομεν	κατακνισ(σ)άω
combined	lbg_pairs.json	editorial_siglum	κατακνισσαομενη	κατακνισ(σ)άω
combined	lbg_pairs.json	editorial_siglum	κατακνισσαομενον	κατακνισ(σ)άω
combined	lbg_pairs.json	editorial_siglum	κατακνισσαομενος	κατακνισ(σ)άω
combined	lbg_pairs.json	editorial_siglum	κατακνισσαον	κατακνισ(σ)άω
combined	lbg_pairs.json	editorial_siglum	κατακνισσαονται	κατακνισ(σ)άω
combined	lbg_pairs.json	editorial_siglum	κατακνισσαοντων	κατακνισ(σ)άω
combined	lbg_pairs.json	editorial_siglum	κατακνισσαου	κατακνισ(σ)άω
combined	lbg_pairs.json	editorial_siglum	κατακνισσαουσα	κατακνισ(σ)άω
combined	lbg_pairs.json	editorial_siglum	κατακνισσας	κατακνισ(σ)άω
combined	lbg_pairs.json	editorial_siglum	κατακνισσασθαι	κατακνισ(σ)άω
combined	lbg_pairs.json	editorial_siglum	κατακνισσασθε	κατακνισ(σ)άω
combined	lbg_pairs.json	editorial_siglum	κατακνισσασθον	κατακνισ(σ)άω
combined	lbg_pairs.json	editorial_siglum	κατακνισσασθω	κατακνισ(σ)άω
combined	lbg_pairs.json	editorial_siglum	κατακνισσασθων	κατακνισ(σ)άω
combined	lbg_pairs.json	editorial_siglum	κατακνισσαται	κατακνισ(σ)άω
combined	lbg_pairs.json	editorial_siglum	κατακνισσατε	κατακνισ(σ)άω
combined	lbg_pairs.json	editorial_siglum	κατακνισσατον	κατακνισ(σ)άω
combined	lbg_pairs.json	editorial_siglum	κατακνισσατω	κατακνισ(σ)άω
combined	lbg_pairs.json	editorial_siglum	κατακνισσατων	κατακνισ(σ)άω
combined	lbg_pairs.json	editorial_siglum	κατακνισσαω	κατακνισ(σ)άω
combined	lbg_pairs.json	editorial_siglum	κατακνισσαωμαι	κατακνισ(σ)άω
combined	lbg_pairs.json	editorial_siglum	κατακνισσαωμεθα	κατακνισ(σ)άω
combined	lbg_pairs.json	editorial_siglum	κατακνισσαωμεν	κατακνισ(σ)άω
combined	lbg_pairs.json	editorial_siglum	κατακνισσαων	κατακνισ(σ)άω
combined	lbg_pairs.json	editorial_siglum	κατακνισσαωνται	κατακνισ(σ)άω
combined	lbg_pairs.json	editorial_siglum	κατακνισσω	κατακνισ(σ)άω
combined	lbg_pairs.json	editorial_siglum	κατακνισσωεν	κατακνισ(σ)άω
combined	lbg_pairs.json	editorial_siglum	κατακνισσωη	κατακνισ(σ)άω
combined	lbg_pairs.json	editorial_siglum	κατακνισσωημεν	κατακνισ(σ)άω
combined	lbg_pairs.json	editorial_siglum	κατακνισσωην	κατακνισ(σ)άω
combined	lbg_pairs.json	editorial_siglum	κατακνισσωης	κατακνισ(σ)άω
combined	lbg_pairs.json	editorial_siglum	κατακνισσωησαν	κατακνισ(σ)άω
combined	lbg_pairs.json	editorial_siglum	κατακνισσωητε	κατακνισ(σ)άω
combined	lbg_pairs.json	editorial_siglum	κατακνισσωητην	κατακνισ(σ)άω
combined	lbg_pairs.json	editorial_siglum	κατακνισσωητον	κατακνισ(σ)άω
combined	lbg_pairs.json	editorial_siglum	κατακνισσωμαι	κατακνισ(σ)άω
combined	lbg_pairs.json	editorial_siglum	κατακνισσωμεθα	κατακνισ(σ)άω
combined	lbg_pairs.json	editorial_siglum	κατακνισσωμεν	κατακνισ(σ)άω
combined	lbg_pairs.json	editorial_siglum	κατακνισσωμενη	κατακνισ(σ)άω
combined	lbg_pairs.json	editorial_siglum	κατακνισσωμενον	κατακνισ(σ)άω
combined	lbg_pairs.json	editorial_siglum	κατακνισσωμενος	κατακνισ(σ)άω
combined	lbg_pairs.json	editorial_siglum	κατακνισσωμην	κατακνισ(σ)άω
combined	lbg_pairs.json	editorial_siglum	κατακνισσωμι	κατακνισ(σ)άω
combined	lbg_pairs.json	editorial_siglum	κατακνισσων	κατακνισ(σ)άω
combined	lbg_pairs.json	editorial_siglum	κατακνισσωνται	κατακνισ(σ)άω
combined	lbg_pairs.json	editorial_siglum	κατακνισσωντο	κατακνισ(σ)άω
combined	lbg_pairs.json	editorial_siglum	κατακνισσωντων	κατακνισ(σ)άω
combined	lbg_pairs.json	editorial_siglum	κατακνισσωο	κατακνισ(σ)άω
combined	lbg_pairs.json	editorial_siglum	κατακνισσως	κατακνισ(σ)άω
combined	lbg_pairs.json	editorial_siglum	κατακνισσωσα	κατακνισ(σ)άω
combined	lbg_pairs.json	editorial_siglum	κατακνισσωσθε	κατακνισ(σ)άω
combined	lbg_pairs.json	editorial_siglum	κατακνισσωσθην	κατακνισ(σ)άω
combined	lbg_pairs.json	editorial_siglum	κατακνισσωσθον	κατακνισ(σ)άω
combined	lbg_pairs.json	editorial_siglum	κατακνισσωτε	κατακνισ(σ)άω
combined	lbg_pairs.json	editorial_siglum	κατακνισσωτην	κατακνισ(σ)άω
combined	lbg_pairs.json	editorial_siglum	κατακνισσωτο	κατακνισ(σ)άω
combined	lbg_pairs.json	editorial_siglum	κατακνισσωτον	κατακνισ(σ)άω
combined	lbg_pairs.json	editorial_siglum	κατακνισω	κατακνισ(σ)άω
combined	lbg_pairs.json	editorial_siglum	κατακνισωεν	κατακνισ(σ)άω
combined	lbg_pairs.json	editorial_siglum	κατακνισωη	κατακνισ(σ)άω
combined	lbg_pairs.json	editorial_siglum	κατακνισωημεν	κατακνισ(σ)άω
combined	lbg_pairs.json	editorial_siglum	κατακνισωην	κατακνισ(σ)άω
combined	lbg_pairs.json	editorial_siglum	κατακνισωης	κατακνισ(σ)άω
combined	lbg_pairs.json	editorial_siglum	κατακνισωησαν	κατακνισ(σ)άω
combined	lbg_pairs.json	editorial_siglum	κατακνισωητε	κατακνισ(σ)άω
combined	lbg_pairs.json	editorial_siglum	κατακνισωητην	κατακνισ(σ)άω
combined	lbg_pairs.json	editorial_siglum	κατακνισωητον	κατακνισ(σ)άω
combined	lbg_pairs.json	editorial_siglum	κατακνισωμαι	κατακνισ(σ)άω
combined	lbg_pairs.json	editorial_siglum	κατακνισωμεθα	κατακνισ(σ)άω
combined	lbg_pairs.json	editorial_siglum	κατακνισωμεν	κατακνισ(σ)άω
combined	lbg_pairs.json	editorial_siglum	κατακνισωμενη	κατακνισ(σ)άω
combined	lbg_pairs.json	editorial_siglum	κατακνισωμενον	κατακνισ(σ)άω
combined	lbg_pairs.json	editorial_siglum	κατακνισωμενος	κατακνισ(σ)άω
combined	lbg_pairs.json	editorial_siglum	κατακνισωμην	κατακνισ(σ)άω
combined	lbg_pairs.json	editorial_siglum	κατακνισωμι	κατακνισ(σ)άω
combined	lbg_pairs.json	editorial_siglum	κατακνισων	κατακνισ(σ)άω
combined	lbg_pairs.json	editorial_siglum	κατακνισωνται	κατακνισ(σ)άω
combined	lbg_pairs.json	editorial_siglum	κατακνισωντο	κατακνισ(σ)άω
combined	lbg_pairs.json	editorial_siglum	κατακνισωντων	κατακνισ(σ)άω
combined	lbg_pairs.json	editorial_siglum	κατακνισωο	κατακνισ(σ)άω
combined	lbg_pairs.json	editorial_siglum	κατακνισως	κατακνισ(σ)άω
combined	lbg_pairs.json	editorial_siglum	κατακνισωσα	κατακνισ(σ)άω
combined	lbg_pairs.json	editorial_siglum	κατακνισωσθε	κατακνισ(σ)άω
combined	lbg_pairs.json	editorial_siglum	κατακνισωσθην	κατακνισ(σ)άω
combined	lbg_pairs.json	editorial_siglum	κατακνισωσθον	κατακνισ(σ)άω
combined	lbg_pairs.json	editorial_siglum	κατακνισωτε	κατακνισ(σ)άω
combined	lbg_pairs.json	editorial_siglum	κατακνισωτην	κατακνισ(σ)άω
combined	lbg_pairs.json	editorial_siglum	κατακνισωτο	κατακνισ(σ)άω
combined	lbg_pairs.json	editorial_siglum	κατακνισωτον	κατακνισ(σ)άω
combined	lbg_pairs.json	editorial_siglum	καταρρυακα	καταρ(ρ)ύακον
combined	lbg_pairs.json	editorial_siglum	καταρρυακοιν	καταρ(ρ)ύακον
combined	lbg_pairs.json	editorial_siglum	καταρρυακοις	καταρ(ρ)ύακον
combined	lbg_pairs.json	editorial_siglum	καταρρυακον	καταρ(ρ)ύακον
combined	lbg_pairs.json	editorial_siglum	καταρρυακου	καταρ(ρ)ύακον
combined	lbg_pairs.json	editorial_siglum	καταρρυακω	καταρ(ρ)ύακον
combined	lbg_pairs.json	editorial_siglum	καταρρυακων	καταρ(ρ)ύακον
combined	lbg_pairs.json	editorial_siglum	καταρυακα	καταρ(ρ)ύακον
combined	lbg_pairs.json	editorial_siglum	καταρυακοιν	καταρ(ρ)ύακον
combined	lbg_pairs.json	editorial_siglum	καταρυακοις	καταρ(ρ)ύακον
combined	lbg_pairs.json	editorial_siglum	καταρυακον	καταρ(ρ)ύακον
combined	lbg_pairs.json	editorial_siglum	καταρυακου	καταρ(ρ)ύακον
combined	lbg_pairs.json	editorial_siglum	καταρυακω	καταρ(ρ)ύακον
combined	lbg_pairs.json	editorial_siglum	καταρυακων	καταρ(ρ)ύακον
combined	lbg_pairs.json	editorial_siglum	κηνσι[σ]τικε	κηνσι[σ]τικός
combined	lbg_pairs.json	editorial_siglum	κηνσι[σ]τικοι	κηνσι[σ]τικός
combined	lbg_pairs.json	editorial_siglum	κηνσι[σ]τικοιν	κηνσι[σ]τικός
combined	lbg_pairs.json	editorial_siglum	κηνσι[σ]τικοις	κηνσι[σ]τικός
combined	lbg_pairs.json	editorial_siglum	κηνσι[σ]τικον	κηνσι[σ]τικός
combined	lbg_pairs.json	editorial_siglum	κηνσι[σ]τικος	κηνσι[σ]τικός
combined	lbg_pairs.json	editorial_siglum	κηνσι[σ]τικου	κηνσι[σ]τικός
combined	lbg_pairs.json	editorial_siglum	κηνσι[σ]τικους	κηνσι[σ]τικός
combined	lbg_pairs.json	editorial_siglum	κηνσι[σ]τικω	κηνσι[σ]τικός
combined	lbg_pairs.json	editorial_siglum	κηνσι[σ]τικων	κηνσι[σ]τικός
combined	lbg_pairs.json	editorial_siglum	κλοτζαντοκοπεε	κλοτζα(ν)τοκοπέω
combined	lbg_pairs.json	editorial_siglum	κλοτζαντοκοπεει	κλοτζα(ν)τοκοπέω
combined	lbg_pairs.json	editorial_siglum	κλοτζαντοκοπεειν	κλοτζα(ν)τοκοπέω
combined	lbg_pairs.json	editorial_siglum	κλοτζαντοκοπεεις	κλοτζα(ν)τοκοπέω
combined	lbg_pairs.json	editorial_siglum	κλοτζαντοκοπεεσθαι	κλοτζα(ν)τοκοπέω
combined	lbg_pairs.json	editorial_siglum	κλοτζαντοκοπεεσθε	κλοτζα(ν)τοκοπέω
combined	lbg_pairs.json	editorial_siglum	κλοτζαντοκοπεεσθον	κλοτζα(ν)τοκοπέω
combined	lbg_pairs.json	editorial_siglum	κλοτζαντοκοπεεσθω	κλοτζα(ν)τοκοπέω
combined	lbg_pairs.json	editorial_siglum	κλοτζαντοκοπεεσθων	κλοτζα(ν)τοκοπέω
combined	lbg_pairs.json	editorial_siglum	κλοτζαντοκοπεεται	κλοτζα(ν)τοκοπέω
combined	lbg_pairs.json	editorial_siglum	κλοτζαντοκοπεετε	κλοτζα(ν)τοκοπέω
combined	lbg_pairs.json	editorial_siglum	κλοτζαντοκοπεετον	κλοτζα(ν)τοκοπέω
combined	lbg_pairs.json	editorial_siglum	κλοτζαντοκοπεετω	κλοτζα(ν)τοκοπέω
combined	lbg_pairs.json	editorial_siglum	κλοτζαντοκοπεετων	κλοτζα(ν)τοκοπέω
combined	lbg_pairs.json	editorial_siglum	κλοτζαντοκοπεη	κλοτζα(ν)τοκοπέω
combined	lbg_pairs.json	editorial_siglum	κλοτζαντοκοπεης	κλοτζα(ν)τοκοπέω
combined	lbg_pairs.json	editorial_siglum	κλοτζαντοκοπεησθε	κλοτζα(ν)τοκοπέω
combined	lbg_pairs.json	editorial_siglum	κλοτζαντοκοπεησθον	κλοτζα(ν)τοκοπέω
combined	lbg_pairs.json	editorial_siglum	κλοτζαντοκοπεηται	κλοτζα(ν)τοκοπέω
combined	lbg_pairs.json	editorial_siglum	κλοτζαντοκοπεητε	κλοτζα(ν)τοκοπέω
combined	lbg_pairs.json	editorial_siglum	κλοτζαντοκοπεητον	κλοτζα(ν)τοκοπέω
combined	lbg_pairs.json	editorial_siglum	κλοτζαντοκοπει	κλοτζα(ν)τοκοπέω
combined	lbg_pairs.json	editorial_siglum	κλοτζαντοκοπειν	κλοτζα(ν)τοκοπέω
combined	lbg_pairs.json	editorial_siglum	κλοτζαντοκοπεις	κλοτζα(ν)τοκοπέω
combined	lbg_pairs.json	editorial_siglum	κλοτζαντοκοπεισθαι	κλοτζα(ν)τοκοπέω
combined	lbg_pairs.json	editorial_siglum	κλοτζαντοκοπεισθε	κλοτζα(ν)τοκοπέω
combined	lbg_pairs.json	editorial_siglum	κλοτζαντοκοπεισθον	κλοτζα(ν)τοκοπέω
combined	lbg_pairs.json	editorial_siglum	κλοτζαντοκοπεισθω	κλοτζα(ν)τοκοπέω
combined	lbg_pairs.json	editorial_siglum	κλοτζαντοκοπεισθων	κλοτζα(ν)τοκοπέω
combined	lbg_pairs.json	editorial_siglum	κλοτζαντοκοπειται	κλοτζα(ν)τοκοπέω
combined	lbg_pairs.json	editorial_siglum	κλοτζαντοκοπειτε	κλοτζα(ν)τοκοπέω
combined	lbg_pairs.json	editorial_siglum	κλοτζαντοκοπειτον	κλοτζα(ν)τοκοπέω
combined	lbg_pairs.json	editorial_siglum	κλοτζαντοκοπειτω	κλοτζα(ν)τοκοπέω
combined	lbg_pairs.json	editorial_siglum	κλοτζαντοκοπειτων	κλοτζα(ν)τοκοπέω
combined	lbg_pairs.json	editorial_siglum	κλοτζαντοκοπεοι	κλοτζα(ν)τοκοπέω
combined	lbg_pairs.json	editorial_siglum	κλοτζαντοκοπεοιεν	κλοτζα(ν)τοκοπέω
combined	lbg_pairs.json	editorial_siglum	κλοτζαντοκοπεοιμεθα	κλοτζα(ν)τοκοπέω
combined	lbg_pairs.json	editorial_siglum	κλοτζαντοκοπεοιμεν	κλοτζα(ν)τοκοπέω
combined	lbg_pairs.json	editorial_siglum	κλοτζαντοκοπεοιμην	κλοτζα(ν)τοκοπέω
combined	lbg_pairs.json	editorial_siglum	κλοτζαντοκοπεοιμι	κλοτζα(ν)τοκοπέω
combined	lbg_pairs.json	editorial_siglum	κλοτζαντοκοπεοιντο	κλοτζα(ν)τοκοπέω
combined	lbg_pairs.json	editorial_siglum	κλοτζαντοκοπεοιο	κλοτζα(ν)τοκοπέω
combined	lbg_pairs.json	editorial_siglum	κλοτζαντοκοπεοις	κλοτζα(ν)τοκοπέω
combined	lbg_pairs.json	editorial_siglum	κλοτζαντοκοπεοισθε	κλοτζα(ν)τοκοπέω
combined	lbg_pairs.json	editorial_siglum	κλοτζαντοκοπεοισθην	κλοτζα(ν)τοκοπέω
combined	lbg_pairs.json	editorial_siglum	κλοτζαντοκοπεοισθον	κλοτζα(ν)τοκοπέω
combined	lbg_pairs.json	editorial_siglum	κλοτζαντοκοπεοιτε	κλοτζα(ν)τοκοπέω
combined	lbg_pairs.json	editorial_siglum	κλοτζαντοκοπεοιτην	κλοτζα(ν)τοκοπέω
combined	lbg_pairs.json	editorial_siglum	κλοτζαντοκοπεοιτο	κλοτζα(ν)τοκοπέω
combined	lbg_pairs.json	editorial_siglum	κλοτζαντοκοπεοιτον	κλοτζα(ν)τοκοπέω
combined	lbg_pairs.json	editorial_siglum	κλοτζαντοκοπεομαι	κλοτζα(ν)τοκοπέω
combined	lbg_pairs.json	editorial_siglum	κλοτζαντοκοπεομεθα	κλοτζα(ν)τοκοπέω
combined	lbg_pairs.json	editorial_siglum	κλοτζαντοκοπεομεν	κλοτζα(ν)τοκοπέω
combined	lbg_pairs.json	editorial_siglum	κλοτζαντοκοπεομενη	κλοτζα(ν)τοκοπέω
combined	lbg_pairs.json	editorial_siglum	κλοτζαντοκοπεομενον	κλοτζα(ν)τοκοπέω
combined	lbg_pairs.json	editorial_siglum	κλοτζαντοκοπεομενος	κλοτζα(ν)τοκοπέω
combined	lbg_pairs.json	editorial_siglum	κλοτζαντοκοπεον	κλοτζα(ν)τοκοπέω
combined	lbg_pairs.json	editorial_siglum	κλοτζαντοκοπεονται	κλοτζα(ν)τοκοπέω
combined	lbg_pairs.json	editorial_siglum	κλοτζαντοκοπεοντων	κλοτζα(ν)τοκοπέω
combined	lbg_pairs.json	editorial_siglum	κλοτζαντοκοπεου	κλοτζα(ν)τοκοπέω
combined	lbg_pairs.json	editorial_siglum	κλοτζαντοκοπεουσα	κλοτζα(ν)τοκοπέω
combined	lbg_pairs.json	editorial_siglum	κλοτζαντοκοπεω	κλοτζα(ν)τοκοπέω
combined	lbg_pairs.json	editorial_siglum	κλοτζαντοκοπεωμαι	κλοτζα(ν)τοκοπέω
combined	lbg_pairs.json	editorial_siglum	κλοτζαντοκοπεωμεθα	κλοτζα(ν)τοκοπέω
combined	lbg_pairs.json	editorial_siglum	κλοτζαντοκοπεωμεν	κλοτζα(ν)τοκοπέω
combined	lbg_pairs.json	editorial_siglum	κλοτζαντοκοπεων	κλοτζα(ν)τοκοπέω
combined	lbg_pairs.json	editorial_siglum	κλοτζαντοκοπεωνται	κλοτζα(ν)τοκοπέω
combined	lbg_pairs.json	editorial_siglum	κλοτζαντοκοπη	κλοτζα(ν)τοκοπέω
combined	lbg_pairs.json	editorial_siglum	κλοτζαντοκοπης	κλοτζα(ν)τοκοπέω
combined	lbg_pairs.json	editorial_siglum	κλοτζαντοκοπησθε	κλοτζα(ν)τοκοπέω
combined	lbg_pairs.json	editorial_siglum	κλοτζαντοκοπησθον	κλοτζα(ν)τοκοπέω
combined	lbg_pairs.json	editorial_siglum	κλοτζαντοκοπηται	κλοτζα(ν)τοκοπέω
combined	lbg_pairs.json	editorial_siglum	κλοτζαντοκοπητε	κλοτζα(ν)τοκοπέω
combined	lbg_pairs.json	editorial_siglum	κλοτζαντοκοπητον	κλοτζα(ν)τοκοπέω
combined	lbg_pairs.json	editorial_siglum	κλοτζαντοκοποι	κλοτζα(ν)τοκοπέω
combined	lbg_pairs.json	editorial_siglum	κλοτζαντοκοποιεν	κλοτζα(ν)τοκοπέω
combined	lbg_pairs.json	editorial_siglum	κλοτζαντοκοποιη	κλοτζα(ν)τοκοπέω
combined	lbg_pairs.json	editorial_siglum	κλοτζαντοκοποιημεν	κλοτζα(ν)τοκοπέω
combined	lbg_pairs.json	editorial_siglum	κλοτζαντοκοποιην	κλοτζα(ν)τοκοπέω
combined	lbg_pairs.json	editorial_siglum	κλοτζαντοκοποιης	κλοτζα(ν)τοκοπέω
combined	lbg_pairs.json	editorial_siglum	κλοτζαντοκοποιησαν	κλοτζα(ν)τοκοπέω
combined	lbg_pairs.json	editorial_siglum	κλοτζαντοκοποιητε	κλοτζα(ν)τοκοπέω
combined	lbg_pairs.json	editorial_siglum	κλοτζαντοκοποιητην	κλοτζα(ν)τοκοπέω
combined	lbg_pairs.json	editorial_siglum	κλοτζαντοκοποιητον	κλοτζα(ν)τοκοπέω
combined	lbg_pairs.json	editorial_siglum	κλοτζαντοκοποιμεθα	κλοτζα(ν)τοκοπέω
combined	lbg_pairs.json	editorial_siglum	κλοτζαντοκοποιμεν	κλοτζα(ν)τοκοπέω
combined	lbg_pairs.json	editorial_siglum	κλοτζαντοκοποιμην	κλοτζα(ν)τοκοπέω
combined	lbg_pairs.json	editorial_siglum	κλοτζαντοκοποιμι	κλοτζα(ν)τοκοπέω
combined	lbg_pairs.json	editorial_siglum	κλοτζαντοκοποιντο	κλοτζα(ν)τοκοπέω
combined	lbg_pairs.json	editorial_siglum	κλοτζαντοκοποιο	κλοτζα(ν)τοκοπέω
combined	lbg_pairs.json	editorial_siglum	κλοτζαντοκοποις	κλοτζα(ν)τοκοπέω
combined	lbg_pairs.json	editorial_siglum	κλοτζαντοκοποισθε	κλοτζα(ν)τοκοπέω
combined	lbg_pairs.json	editorial_siglum	κλοτζαντοκοποισθην	κλοτζα(ν)τοκοπέω
combined	lbg_pairs.json	editorial_siglum	κλοτζαντοκοποισθον	κλοτζα(ν)τοκοπέω
combined	lbg_pairs.json	editorial_siglum	κλοτζαντοκοποιτε	κλοτζα(ν)τοκοπέω
combined	lbg_pairs.json	editorial_siglum	κλοτζαντοκοποιτην	κλοτζα(ν)τοκοπέω
combined	lbg_pairs.json	editorial_siglum	κλοτζαντοκοποιτο	κλοτζα(ν)τοκοπέω
combined	lbg_pairs.json	editorial_siglum	κλοτζαντοκοποιτον	κλοτζα(ν)τοκοπέω
combined	lbg_pairs.json	editorial_siglum	κλοτζαντοκοπου	κλοτζα(ν)τοκοπέω
combined	lbg_pairs.json	editorial_siglum	κλοτζαντοκοπουμαι	κλοτζα(ν)τοκοπέω
combined	lbg_pairs.json	editorial_siglum	κλοτζαντοκοπουμεθα	κλοτζα(ν)τοκοπέω
combined	lbg_pairs.json	editorial_siglum	κλοτζαντοκοπουμεν	κλοτζα(ν)τοκοπέω
combined	lbg_pairs.json	editorial_siglum	κλοτζαντοκοπουμενη	κλοτζα(ν)τοκοπέω
combined	lbg_pairs.json	editorial_siglum	κλοτζαντοκοπουμενον	κλοτζα(ν)τοκοπέω
combined	lbg_pairs.json	editorial_siglum	κλοτζαντοκοπουμενος	κλοτζα(ν)τοκοπέω
combined	lbg_pairs.json	editorial_siglum	κλοτζαντοκοπουν	κλοτζα(ν)τοκοπέω
combined	lbg_pairs.json	editorial_siglum	κλοτζαντοκοπουνται	κλοτζα(ν)τοκοπέω
combined	lbg_pairs.json	editorial_siglum	κλοτζαντοκοπουντων	κλοτζα(ν)τοκοπέω
combined	lbg_pairs.json	editorial_siglum	κλοτζαντοκοπουσα	κλοτζα(ν)τοκοπέω
combined	lbg_pairs.json	editorial_siglum	κλοτζαντοκοπω	κλοτζα(ν)τοκοπέω
combined	lbg_pairs.json	editorial_siglum	κλοτζαντοκοπωμαι	κλοτζα(ν)τοκοπέω
combined	lbg_pairs.json	editorial_siglum	κλοτζαντοκοπωμεθα	κλοτζα(ν)τοκοπέω
combined	lbg_pairs.json	editorial_siglum	κλοτζαντοκοπωμεν	κλοτζα(ν)τοκοπέω
combined	lbg_pairs.json	editorial_siglum	κλοτζαντοκοπων	κλοτζα(ν)τοκοπέω
combined	lbg_pairs.json	editorial_siglum	κλοτζαντοκοπωνται	κλοτζα(ν)τοκοπέω
combined	lbg_pairs.json	editorial_siglum	κλοτζατοκοπεε	κλοτζα(ν)τοκοπέω
combined	lbg_pairs.json	editorial_siglum	κλοτζατοκοπεει	κλοτζα(ν)τοκοπέω
combined	lbg_pairs.json	editorial_siglum	κλοτζατοκοπεειν	κλοτζα(ν)τοκοπέω
combined	lbg_pairs.json	editorial_siglum	κλοτζατοκοπεεις	κλοτζα(ν)τοκοπέω
combined	lbg_pairs.json	editorial_siglum	κλοτζατοκοπεεσθαι	κλοτζα(ν)τοκοπέω
combined	lbg_pairs.json	editorial_siglum	κλοτζατοκοπεεσθε	κλοτζα(ν)τοκοπέω
combined	lbg_pairs.json	editorial_siglum	κλοτζατοκοπεεσθον	κλοτζα(ν)τοκοπέω
combined	lbg_pairs.json	editorial_siglum	κλοτζατοκοπεεσθω	κλοτζα(ν)τοκοπέω
combined	lbg_pairs.json	editorial_siglum	κλοτζατοκοπεεσθων	κλοτζα(ν)τοκοπέω
combined	lbg_pairs.json	editorial_siglum	κλοτζατοκοπεεται	κλοτζα(ν)τοκοπέω
combined	lbg_pairs.json	editorial_siglum	κλοτζατοκοπεετε	κλοτζα(ν)τοκοπέω
combined	lbg_pairs.json	editorial_siglum	κλοτζατοκοπεετον	κλοτζα(ν)τοκοπέω
combined	lbg_pairs.json	editorial_siglum	κλοτζατοκοπεετω	κλοτζα(ν)τοκοπέω
combined	lbg_pairs.json	editorial_siglum	κλοτζατοκοπεετων	κλοτζα(ν)τοκοπέω
combined	lbg_pairs.json	editorial_siglum	κλοτζατοκοπεη	κλοτζα(ν)τοκοπέω
combined	lbg_pairs.json	editorial_siglum	κλοτζατοκοπεης	κλοτζα(ν)τοκοπέω
combined	lbg_pairs.json	editorial_siglum	κλοτζατοκοπεησθε	κλοτζα(ν)τοκοπέω
combined	lbg_pairs.json	editorial_siglum	κλοτζατοκοπεησθον	κλοτζα(ν)τοκοπέω
combined	lbg_pairs.json	editorial_siglum	κλοτζατοκοπεηται	κλοτζα(ν)τοκοπέω
combined	lbg_pairs.json	editorial_siglum	κλοτζατοκοπεητε	κλοτζα(ν)τοκοπέω
combined	lbg_pairs.json	editorial_siglum	κλοτζατοκοπεητον	κλοτζα(ν)τοκοπέω
combined	lbg_pairs.json	editorial_siglum	κλοτζατοκοπει	κλοτζα(ν)τοκοπέω
combined	lbg_pairs.json	editorial_siglum	κλοτζατοκοπειν	κλοτζα(ν)τοκοπέω
combined	lbg_pairs.json	editorial_siglum	κλοτζατοκοπεις	κλοτζα(ν)τοκοπέω
combined	lbg_pairs.json	editorial_siglum	κλοτζατοκοπεισθαι	κλοτζα(ν)τοκοπέω
combined	lbg_pairs.json	editorial_siglum	κλοτζατοκοπεισθε	κλοτζα(ν)τοκοπέω
combined	lbg_pairs.json	editorial_siglum	κλοτζατοκοπεισθον	κλοτζα(ν)τοκοπέω
combined	lbg_pairs.json	editorial_siglum	κλοτζατοκοπεισθω	κλοτζα(ν)τοκοπέω
combined	lbg_pairs.json	editorial_siglum	κλοτζατοκοπεισθων	κλοτζα(ν)τοκοπέω
combined	lbg_pairs.json	editorial_siglum	κλοτζατοκοπειται	κλοτζα(ν)τοκοπέω
combined	lbg_pairs.json	editorial_siglum	κλοτζατοκοπειτε	κλοτζα(ν)τοκοπέω
combined	lbg_pairs.json	editorial_siglum	κλοτζατοκοπειτον	κλοτζα(ν)τοκοπέω
combined	lbg_pairs.json	editorial_siglum	κλοτζατοκοπειτω	κλοτζα(ν)τοκοπέω
combined	lbg_pairs.json	editorial_siglum	κλοτζατοκοπειτων	κλοτζα(ν)τοκοπέω
combined	lbg_pairs.json	editorial_siglum	κλοτζατοκοπεοι	κλοτζα(ν)τοκοπέω
combined	lbg_pairs.json	editorial_siglum	κλοτζατοκοπεοιεν	κλοτζα(ν)τοκοπέω
combined	lbg_pairs.json	editorial_siglum	κλοτζατοκοπεοιμεθα	κλοτζα(ν)τοκοπέω
combined	lbg_pairs.json	editorial_siglum	κλοτζατοκοπεοιμεν	κλοτζα(ν)τοκοπέω
combined	lbg_pairs.json	editorial_siglum	κλοτζατοκοπεοιμην	κλοτζα(ν)τοκοπέω
combined	lbg_pairs.json	editorial_siglum	κλοτζατοκοπεοιμι	κλοτζα(ν)τοκοπέω
combined	lbg_pairs.json	editorial_siglum	κλοτζατοκοπεοιντο	κλοτζα(ν)τοκοπέω
combined	lbg_pairs.json	editorial_siglum	κλοτζατοκοπεοιο	κλοτζα(ν)τοκοπέω
combined	lbg_pairs.json	editorial_siglum	κλοτζατοκοπεοις	κλοτζα(ν)τοκοπέω
combined	lbg_pairs.json	editorial_siglum	κλοτζατοκοπεοισθε	κλοτζα(ν)τοκοπέω
combined	lbg_pairs.json	editorial_siglum	κλοτζατοκοπεοισθην	κλοτζα(ν)τοκοπέω
combined	lbg_pairs.json	editorial_siglum	κλοτζατοκοπεοισθον	κλοτζα(ν)τοκοπέω
combined	lbg_pairs.json	editorial_siglum	κλοτζατοκοπεοιτε	κλοτζα(ν)τοκοπέω
combined	lbg_pairs.json	editorial_siglum	κλοτζατοκοπεοιτην	κλοτζα(ν)τοκοπέω
combined	lbg_pairs.json	editorial_siglum	κλοτζατοκοπεοιτο	κλοτζα(ν)τοκοπέω
combined	lbg_pairs.json	editorial_siglum	κλοτζατοκοπεοιτον	κλοτζα(ν)τοκοπέω
combined	lbg_pairs.json	editorial_siglum	κλοτζατοκοπεομαι	κλοτζα(ν)τοκοπέω
combined	lbg_pairs.json	editorial_siglum	κλοτζατοκοπεομεθα	κλοτζα(ν)τοκοπέω
combined	lbg_pairs.json	editorial_siglum	κλοτζατοκοπεομεν	κλοτζα(ν)τοκοπέω
combined	lbg_pairs.json	editorial_siglum	κλοτζατοκοπεομενη	κλοτζα(ν)τοκοπέω
combined	lbg_pairs.json	editorial_siglum	κλοτζατοκοπεομενον	κλοτζα(ν)τοκοπέω
combined	lbg_pairs.json	editorial_siglum	κλοτζατοκοπεομενος	κλοτζα(ν)τοκοπέω
combined	lbg_pairs.json	editorial_siglum	κλοτζατοκοπεον	κλοτζα(ν)τοκοπέω
combined	lbg_pairs.json	editorial_siglum	κλοτζατοκοπεονται	κλοτζα(ν)τοκοπέω
combined	lbg_pairs.json	editorial_siglum	κλοτζατοκοπεοντων	κλοτζα(ν)τοκοπέω
combined	lbg_pairs.json	editorial_siglum	κλοτζατοκοπεου	κλοτζα(ν)τοκοπέω
combined	lbg_pairs.json	editorial_siglum	κλοτζατοκοπεουσα	κλοτζα(ν)τοκοπέω
combined	lbg_pairs.json	editorial_siglum	κλοτζατοκοπεω	κλοτζα(ν)τοκοπέω
combined	lbg_pairs.json	editorial_siglum	κλοτζατοκοπεωμαι	κλοτζα(ν)τοκοπέω
combined	lbg_pairs.json	editorial_siglum	κλοτζατοκοπεωμεθα	κλοτζα(ν)τοκοπέω
combined	lbg_pairs.json	editorial_siglum	κλοτζατοκοπεωμεν	κλοτζα(ν)τοκοπέω
combined	lbg_pairs.json	editorial_siglum	κλοτζατοκοπεων	κλοτζα(ν)τοκοπέω
combined	lbg_pairs.json	editorial_siglum	κλοτζατοκοπεωνται	κλοτζα(ν)τοκοπέω
combined	lbg_pairs.json	editorial_siglum	κλοτζατοκοπη	κλοτζα(ν)τοκοπέω
combined	lbg_pairs.json	editorial_siglum	κλοτζατοκοπης	κλοτζα(ν)τοκοπέω
combined	lbg_pairs.json	editorial_siglum	κλοτζατοκοπησθε	κλοτζα(ν)τοκοπέω
combined	lbg_pairs.json	editorial_siglum	κλοτζατοκοπησθον	κλοτζα(ν)τοκοπέω
combined	lbg_pairs.json	editorial_siglum	κλοτζατοκοπηται	κλοτζα(ν)τοκοπέω
combined	lbg_pairs.json	editorial_siglum	κλοτζατοκοπητε	κλοτζα(ν)τοκοπέω
combined	lbg_pairs.json	editorial_siglum	κλοτζατοκοπητον	κλοτζα(ν)τοκοπέω
combined	lbg_pairs.json	editorial_siglum	κλοτζατοκοποι	κλοτζα(ν)τοκοπέω
combined	lbg_pairs.json	editorial_siglum	κλοτζατοκοποιεν	κλοτζα(ν)τοκοπέω
combined	lbg_pairs.json	editorial_siglum	κλοτζατοκοποιη	κλοτζα(ν)τοκοπέω
combined	lbg_pairs.json	editorial_siglum	κλοτζατοκοποιημεν	κλοτζα(ν)τοκοπέω
combined	lbg_pairs.json	editorial_siglum	κλοτζατοκοποιην	κλοτζα(ν)τοκοπέω
combined	lbg_pairs.json	editorial_siglum	κλοτζατοκοποιης	κλοτζα(ν)τοκοπέω
combined	lbg_pairs.json	editorial_siglum	κλοτζατοκοποιησαν	κλοτζα(ν)τοκοπέω
combined	lbg_pairs.json	editorial_siglum	κλοτζατοκοποιητε	κλοτζα(ν)τοκοπέω
combined	lbg_pairs.json	editorial_siglum	κλοτζατοκοποιητην	κλοτζα(ν)τοκοπέω
combined	lbg_pairs.json	editorial_siglum	κλοτζατοκοποιητον	κλοτζα(ν)τοκοπέω
combined	lbg_pairs.json	editorial_siglum	κλοτζατοκοποιμεθα	κλοτζα(ν)τοκοπέω
combined	lbg_pairs.json	editorial_siglum	κλοτζατοκοποιμεν	κλοτζα(ν)τοκοπέω
combined	lbg_pairs.json	editorial_siglum	κλοτζατοκοποιμην	κλοτζα(ν)τοκοπέω
combined	lbg_pairs.json	editorial_siglum	κλοτζατοκοποιμι	κλοτζα(ν)τοκοπέω
combined	lbg_pairs.json	editorial_siglum	κλοτζατοκοποιντο	κλοτζα(ν)τοκοπέω
combined	lbg_pairs.json	editorial_siglum	κλοτζατοκοποιο	κλοτζα(ν)τοκοπέω
combined	lbg_pairs.json	editorial_siglum	κλοτζατοκοποις	κλοτζα(ν)τοκοπέω
combined	lbg_pairs.json	editorial_siglum	κλοτζατοκοποισθε	κλοτζα(ν)τοκοπέω
combined	lbg_pairs.json	editorial_siglum	κλοτζατοκοποισθην	κλοτζα(ν)τοκοπέω
combined	lbg_pairs.json	editorial_siglum	κλοτζατοκοποισθον	κλοτζα(ν)τοκοπέω
combined	lbg_pairs.json	editorial_siglum	κλοτζατοκοποιτε	κλοτζα(ν)τοκοπέω
combined	lbg_pairs.json	editorial_siglum	κλοτζατοκοποιτην	κλοτζα(ν)τοκοπέω
combined	lbg_pairs.json	editorial_siglum	κλοτζατοκοποιτο	κλοτζα(ν)τοκοπέω
combined	lbg_pairs.json	editorial_siglum	κλοτζατοκοποιτον	κλοτζα(ν)τοκοπέω
combined	lbg_pairs.json	editorial_siglum	κλοτζατοκοπου	κλοτζα(ν)τοκοπέω
combined	lbg_pairs.json	editorial_siglum	κλοτζατοκοπουμαι	κλοτζα(ν)τοκοπέω
combined	lbg_pairs.json	editorial_siglum	κλοτζατοκοπουμεθα	κλοτζα(ν)τοκοπέω
combined	lbg_pairs.json	editorial_siglum	κλοτζατοκοπουμεν	κλοτζα(ν)τοκοπέω
combined	lbg_pairs.json	editorial_siglum	κλοτζατοκοπουμενη	κλοτζα(ν)τοκοπέω
combined	lbg_pairs.json	editorial_siglum	κλοτζατοκοπουμενον	κλοτζα(ν)τοκοπέω
combined	lbg_pairs.json	editorial_siglum	κλοτζατοκοπουμενος	κλοτζα(ν)τοκοπέω
combined	lbg_pairs.json	editorial_siglum	κλοτζατοκοπουν	κλοτζα(ν)τοκοπέω
combined	lbg_pairs.json	editorial_siglum	κλοτζατοκοπουνται	κλοτζα(ν)τοκοπέω
combined	lbg_pairs.json	editorial_siglum	κλοτζατοκοπουντων	κλοτζα(ν)τοκοπέω
combined	lbg_pairs.json	editorial_siglum	κλοτζατοκοπουσα	κλοτζα(ν)τοκοπέω
combined	lbg_pairs.json	editorial_siglum	κλοτζατοκοπω	κλοτζα(ν)τοκοπέω
combined	lbg_pairs.json	editorial_siglum	κλοτζατοκοπωμαι	κλοτζα(ν)τοκοπέω
combined	lbg_pairs.json	editorial_siglum	κλοτζατοκοπωμεθα	κλοτζα(ν)τοκοπέω
combined	lbg_pairs.json	editorial_siglum	κλοτζατοκοπωμεν	κλοτζα(ν)τοκοπέω
combined	lbg_pairs.json	editorial_siglum	κλοτζατοκοπων	κλοτζα(ν)τοκοπέω
combined	lbg_pairs.json	editorial_siglum	κλοτζατοκοπωνται	κλοτζα(ν)τοκοπέω
combined	lbg_pairs.json	editorial_siglum	κουκουλιοιν	κουκούλ(λ)ιον
combined	lbg_pairs.json	editorial_siglum	κουκουλιοις	κουκούλ(λ)ιον
combined	lbg_pairs.json	editorial_siglum	κουκουλιω	κουκούλ(λ)ιον
combined	lbg_pairs.json	editorial_siglum	κουκουλλια	κουκούλ(λ)ιον
combined	lbg_pairs.json	editorial_siglum	κουκουλλιοιν	κουκούλ(λ)ιον
combined	lbg_pairs.json	editorial_siglum	κουκουλλιοις	κουκούλ(λ)ιον
combined	lbg_pairs.json	editorial_siglum	κουκουλλιον	κουκούλ(λ)ιον
combined	lbg_pairs.json	editorial_siglum	κουκουλλιου	κουκούλ(λ)ιον
combined	lbg_pairs.json	editorial_siglum	κουκουλλιω	κουκούλ(λ)ιον
combined	lbg_pairs.json	editorial_siglum	κουκουλλιων	κουκούλ(λ)ιον
combined	lbg_pairs.json	editorial_siglum	κραββατοξυλα	κραββατ(τ)όξυλον
combined	lbg_pairs.json	editorial_siglum	κραββατοξυλοιν	κραββατ(τ)όξυλον
combined	lbg_pairs.json	editorial_siglum	κραββατοξυλοις	κραββατ(τ)όξυλον
combined	lbg_pairs.json	editorial_siglum	κραββατοξυλον	κραββατ(τ)όξυλον
combined	lbg_pairs.json	editorial_siglum	κραββατοξυλου	κραββατ(τ)όξυλον
combined	lbg_pairs.json	editorial_siglum	κραββατοξυλω	κραββατ(τ)όξυλον
combined	lbg_pairs.json	editorial_siglum	κραββατοξυλων	κραββατ(τ)όξυλον
combined	lbg_pairs.json	editorial_siglum	κραββαττοξυλα	κραββατ(τ)όξυλον
combined	lbg_pairs.json	editorial_siglum	κραββαττοξυλοιν	κραββατ(τ)όξυλον
combined	lbg_pairs.json	editorial_siglum	κραββαττοξυλοις	κραββατ(τ)όξυλον
combined	lbg_pairs.json	editorial_siglum	κραββαττοξυλον	κραββατ(τ)όξυλον
combined	lbg_pairs.json	editorial_siglum	κραββαττοξυλου	κραββατ(τ)όξυλον
combined	lbg_pairs.json	editorial_siglum	κραββαττοξυλω	κραββατ(τ)όξυλον
combined	lbg_pairs.json	editorial_siglum	κραββαττοξυλων	κραββατ(τ)όξυλον
combined	lbg_pairs.json	editorial_siglum	κυαιστωρισα	κυαιστώρισ(σ)α
combined	lbg_pairs.json	editorial_siglum	κυαιστωρισαι	κυαιστώρισ(σ)α
combined	lbg_pairs.json	editorial_siglum	κυαιστωρισαιν	κυαιστώρισ(σ)α
combined	lbg_pairs.json	editorial_siglum	κυαιστωρισαις	κυαιστώρισ(σ)α
combined	lbg_pairs.json	editorial_siglum	κυαιστωρισαν	κυαιστώρισ(σ)α
combined	lbg_pairs.json	editorial_siglum	κυαιστωρισας	κυαιστώρισ(σ)α
combined	lbg_pairs.json	editorial_siglum	κυαιστωρισσα	κυαιστώρισ(σ)α
combined	lbg_pairs.json	editorial_siglum	κυαιστωρισσαι	κυαιστώρισ(σ)α
combined	lbg_pairs.json	editorial_siglum	κυαιστωρισσαιν	κυαιστώρισ(σ)α
combined	lbg_pairs.json	editorial_siglum	κυαιστωρισσαις	κυαιστώρισ(σ)α
combined	lbg_pairs.json	editorial_siglum	κυαιστωρισσαν	κυαιστώρισ(σ)α
combined	lbg_pairs.json	editorial_siglum	κυαιστωρισσας	κυαιστώρισ(σ)α
combined	lbg_pairs.json	editorial_siglum	κυαιστωρισσων	κυαιστώρισ(σ)α
combined	lbg_pairs.json	editorial_siglum	κυαιστωρισων	κυαιστώρισ(σ)α
combined	lbg_pairs.json	editorial_siglum	κυβασεια	κυβάσ(ε)ια
combined	lbg_pairs.json	editorial_siglum	κυβασειαι	κυβάσ(ε)ια
combined	lbg_pairs.json	editorial_siglum	κυβασειαιν	κυβάσ(ε)ια
combined	lbg_pairs.json	editorial_siglum	κυβασειαις	κυβάσ(ε)ια
combined	lbg_pairs.json	editorial_siglum	κυβασειαν	κυβάσ(ε)ια
combined	lbg_pairs.json	editorial_siglum	κυβασειας	κυβάσ(ε)ια
combined	lbg_pairs.json	editorial_siglum	κυβασειων	κυβάσ(ε)ια
combined	lbg_pairs.json	editorial_siglum	κυβασια	κυβάσ(ε)ια
combined	lbg_pairs.json	editorial_siglum	κυβασιαι	κυβάσ(ε)ια
combined	lbg_pairs.json	editorial_siglum	κυβασιαιν	κυβάσ(ε)ια
combined	lbg_pairs.json	editorial_siglum	κυβασιαις	κυβάσ(ε)ια
combined	lbg_pairs.json	editorial_siglum	κυβασιαν	κυβάσ(ε)ια
combined	lbg_pairs.json	editorial_siglum	κυβασιας	κυβάσ(ε)ια
combined	lbg_pairs.json	editorial_siglum	κυβασιων	κυβάσ(ε)ια
combined	lbg_pairs.json	editorial_siglum	λευκοχρυσοπυρσοτρισομορφεε	λευκοχρυσοπυρσοτρισ(σ)ομορφέω
combined	lbg_pairs.json	editorial_siglum	λευκοχρυσοπυρσοτρισομορφεει	λευκοχρυσοπυρσοτρισ(σ)ομορφέω
combined	lbg_pairs.json	editorial_siglum	λευκοχρυσοπυρσοτρισομορφεειν	λευκοχρυσοπυρσοτρισ(σ)ομορφέω
combined	lbg_pairs.json	editorial_siglum	λευκοχρυσοπυρσοτρισομορφεεις	λευκοχρυσοπυρσοτρισ(σ)ομορφέω
combined	lbg_pairs.json	editorial_siglum	λευκοχρυσοπυρσοτρισομορφεεσθαι	λευκοχρυσοπυρσοτρισ(σ)ομορφέω
combined	lbg_pairs.json	editorial_siglum	λευκοχρυσοπυρσοτρισομορφεεσθε	λευκοχρυσοπυρσοτρισ(σ)ομορφέω
combined	lbg_pairs.json	editorial_siglum	λευκοχρυσοπυρσοτρισομορφεεσθον	λευκοχρυσοπυρσοτρισ(σ)ομορφέω
combined	lbg_pairs.json	editorial_siglum	λευκοχρυσοπυρσοτρισομορφεεσθω	λευκοχρυσοπυρσοτρισ(σ)ομορφέω
combined	lbg_pairs.json	editorial_siglum	λευκοχρυσοπυρσοτρισομορφεεσθων	λευκοχρυσοπυρσοτρισ(σ)ομορφέω
combined	lbg_pairs.json	editorial_siglum	λευκοχρυσοπυρσοτρισομορφεεται	λευκοχρυσοπυρσοτρισ(σ)ομορφέω
combined	lbg_pairs.json	editorial_siglum	λευκοχρυσοπυρσοτρισομορφεετε	λευκοχρυσοπυρσοτρισ(σ)ομορφέω
combined	lbg_pairs.json	editorial_siglum	λευκοχρυσοπυρσοτρισομορφεετον	λευκοχρυσοπυρσοτρισ(σ)ομορφέω
combined	lbg_pairs.json	editorial_siglum	λευκοχρυσοπυρσοτρισομορφεετω	λευκοχρυσοπυρσοτρισ(σ)ομορφέω
combined	lbg_pairs.json	editorial_siglum	λευκοχρυσοπυρσοτρισομορφεετων	λευκοχρυσοπυρσοτρισ(σ)ομορφέω
combined	lbg_pairs.json	editorial_siglum	λευκοχρυσοπυρσοτρισομορφεη	λευκοχρυσοπυρσοτρισ(σ)ομορφέω
combined	lbg_pairs.json	editorial_siglum	λευκοχρυσοπυρσοτρισομορφεης	λευκοχρυσοπυρσοτρισ(σ)ομορφέω
combined	lbg_pairs.json	editorial_siglum	λευκοχρυσοπυρσοτρισομορφεησθε	λευκοχρυσοπυρσοτρισ(σ)ομορφέω
combined	lbg_pairs.json	editorial_siglum	λευκοχρυσοπυρσοτρισομορφεησθον	λευκοχρυσοπυρσοτρισ(σ)ομορφέω
combined	lbg_pairs.json	editorial_siglum	λευκοχρυσοπυρσοτρισομορφεηται	λευκοχρυσοπυρσοτρισ(σ)ομορφέω
combined	lbg_pairs.json	editorial_siglum	λευκοχρυσοπυρσοτρισομορφεητε	λευκοχρυσοπυρσοτρισ(σ)ομορφέω
combined	lbg_pairs.json	editorial_siglum	λευκοχρυσοπυρσοτρισομορφεητον	λευκοχρυσοπυρσοτρισ(σ)ομορφέω
combined	lbg_pairs.json	editorial_siglum	λευκοχρυσοπυρσοτρισομορφει	λευκοχρυσοπυρσοτρισ(σ)ομορφέω
combined	lbg_pairs.json	editorial_siglum	λευκοχρυσοπυρσοτρισομορφειν	λευκοχρυσοπυρσοτρισ(σ)ομορφέω
combined	lbg_pairs.json	editorial_siglum	λευκοχρυσοπυρσοτρισομορφεις	λευκοχρυσοπυρσοτρισ(σ)ομορφέω
combined	lbg_pairs.json	editorial_siglum	λευκοχρυσοπυρσοτρισομορφεισθαι	λευκοχρυσοπυρσοτρισ(σ)ομορφέω
combined	lbg_pairs.json	editorial_siglum	λευκοχρυσοπυρσοτρισομορφεισθε	λευκοχρυσοπυρσοτρισ(σ)ομορφέω
combined	lbg_pairs.json	editorial_siglum	λευκοχρυσοπυρσοτρισομορφεισθον	λευκοχρυσοπυρσοτρισ(σ)ομορφέω
combined	lbg_pairs.json	editorial_siglum	λευκοχρυσοπυρσοτρισομορφεισθω	λευκοχρυσοπυρσοτρισ(σ)ομορφέω
combined	lbg_pairs.json	editorial_siglum	λευκοχρυσοπυρσοτρισομορφεισθων	λευκοχρυσοπυρσοτρισ(σ)ομορφέω
combined	lbg_pairs.json	editorial_siglum	λευκοχρυσοπυρσοτρισομορφειται	λευκοχρυσοπυρσοτρισ(σ)ομορφέω
combined	lbg_pairs.json	editorial_siglum	λευκοχρυσοπυρσοτρισομορφειτε	λευκοχρυσοπυρσοτρισ(σ)ομορφέω
combined	lbg_pairs.json	editorial_siglum	λευκοχρυσοπυρσοτρισομορφειτον	λευκοχρυσοπυρσοτρισ(σ)ομορφέω
combined	lbg_pairs.json	editorial_siglum	λευκοχρυσοπυρσοτρισομορφειτω	λευκοχρυσοπυρσοτρισ(σ)ομορφέω
combined	lbg_pairs.json	editorial_siglum	λευκοχρυσοπυρσοτρισομορφειτων	λευκοχρυσοπυρσοτρισ(σ)ομορφέω
combined	lbg_pairs.json	editorial_siglum	λευκοχρυσοπυρσοτρισομορφεοι	λευκοχρυσοπυρσοτρισ(σ)ομορφέω
combined	lbg_pairs.json	editorial_siglum	λευκοχρυσοπυρσοτρισομορφεοιεν	λευκοχρυσοπυρσοτρισ(σ)ομορφέω
combined	lbg_pairs.json	editorial_siglum	λευκοχρυσοπυρσοτρισομορφεοιμεθα	λευκοχρυσοπυρσοτρισ(σ)ομορφέω
combined	lbg_pairs.json	editorial_siglum	λευκοχρυσοπυρσοτρισομορφεοιμεν	λευκοχρυσοπυρσοτρισ(σ)ομορφέω
combined	lbg_pairs.json	editorial_siglum	λευκοχρυσοπυρσοτρισομορφεοιμην	λευκοχρυσοπυρσοτρισ(σ)ομορφέω
combined	lbg_pairs.json	editorial_siglum	λευκοχρυσοπυρσοτρισομορφεοιμι	λευκοχρυσοπυρσοτρισ(σ)ομορφέω
combined	lbg_pairs.json	editorial_siglum	λευκοχρυσοπυρσοτρισομορφεοιντο	λευκοχρυσοπυρσοτρισ(σ)ομορφέω
combined	lbg_pairs.json	editorial_siglum	λευκοχρυσοπυρσοτρισομορφεοιο	λευκοχρυσοπυρσοτρισ(σ)ομορφέω
combined	lbg_pairs.json	editorial_siglum	λευκοχρυσοπυρσοτρισομορφεοις	λευκοχρυσοπυρσοτρισ(σ)ομορφέω
combined	lbg_pairs.json	editorial_siglum	λευκοχρυσοπυρσοτρισομορφεοισθε	λευκοχρυσοπυρσοτρισ(σ)ομορφέω
combined	lbg_pairs.json	editorial_siglum	λευκοχρυσοπυρσοτρισομορφεοισθην	λευκοχρυσοπυρσοτρισ(σ)ομορφέω
combined	lbg_pairs.json	editorial_siglum	λευκοχρυσοπυρσοτρισομορφεοισθον	λευκοχρυσοπυρσοτρισ(σ)ομορφέω
combined	lbg_pairs.json	editorial_siglum	λευκοχρυσοπυρσοτρισομορφεοιτε	λευκοχρυσοπυρσοτρισ(σ)ομορφέω
combined	lbg_pairs.json	editorial_siglum	λευκοχρυσοπυρσοτρισομορφεοιτην	λευκοχρυσοπυρσοτρισ(σ)ομορφέω
combined	lbg_pairs.json	editorial_siglum	λευκοχρυσοπυρσοτρισομορφεοιτο	λευκοχρυσοπυρσοτρισ(σ)ομορφέω
combined	lbg_pairs.json	editorial_siglum	λευκοχρυσοπυρσοτρισομορφεοιτον	λευκοχρυσοπυρσοτρισ(σ)ομορφέω
combined	lbg_pairs.json	editorial_siglum	λευκοχρυσοπυρσοτρισομορφεομαι	λευκοχρυσοπυρσοτρισ(σ)ομορφέω
combined	lbg_pairs.json	editorial_siglum	λευκοχρυσοπυρσοτρισομορφεομεθα	λευκοχρυσοπυρσοτρισ(σ)ομορφέω
combined	lbg_pairs.json	editorial_siglum	λευκοχρυσοπυρσοτρισομορφεομεν	λευκοχρυσοπυρσοτρισ(σ)ομορφέω
combined	lbg_pairs.json	editorial_siglum	λευκοχρυσοπυρσοτρισομορφεομενη	λευκοχρυσοπυρσοτρισ(σ)ομορφέω
combined	lbg_pairs.json	editorial_siglum	λευκοχρυσοπυρσοτρισομορφεομενον	λευκοχρυσοπυρσοτρισ(σ)ομορφέω
combined	lbg_pairs.json	editorial_siglum	λευκοχρυσοπυρσοτρισομορφεομενος	λευκοχρυσοπυρσοτρισ(σ)ομορφέω
combined	lbg_pairs.json	editorial_siglum	λευκοχρυσοπυρσοτρισομορφεον	λευκοχρυσοπυρσοτρισ(σ)ομορφέω
combined	lbg_pairs.json	editorial_siglum	λευκοχρυσοπυρσοτρισομορφεονται	λευκοχρυσοπυρσοτρισ(σ)ομορφέω
combined	lbg_pairs.json	editorial_siglum	λευκοχρυσοπυρσοτρισομορφεοντων	λευκοχρυσοπυρσοτρισ(σ)ομορφέω
combined	lbg_pairs.json	editorial_siglum	λευκοχρυσοπυρσοτρισομορφεου	λευκοχρυσοπυρσοτρισ(σ)ομορφέω
combined	lbg_pairs.json	editorial_siglum	λευκοχρυσοπυρσοτρισομορφεουσα	λευκοχρυσοπυρσοτρισ(σ)ομορφέω
combined	lbg_pairs.json	editorial_siglum	λευκοχρυσοπυρσοτρισομορφεω	λευκοχρυσοπυρσοτρισ(σ)ομορφέω
combined	lbg_pairs.json	editorial_siglum	λευκοχρυσοπυρσοτρισομορφεωμαι	λευκοχρυσοπυρσοτρισ(σ)ομορφέω
combined	lbg_pairs.json	editorial_siglum	λευκοχρυσοπυρσοτρισομορφεωμεθα	λευκοχρυσοπυρσοτρισ(σ)ομορφέω
combined	lbg_pairs.json	editorial_siglum	λευκοχρυσοπυρσοτρισομορφεωμεν	λευκοχρυσοπυρσοτρισ(σ)ομορφέω
combined	lbg_pairs.json	editorial_siglum	λευκοχρυσοπυρσοτρισομορφεων	λευκοχρυσοπυρσοτρισ(σ)ομορφέω
combined	lbg_pairs.json	editorial_siglum	λευκοχρυσοπυρσοτρισομορφεωνται	λευκοχρυσοπυρσοτρισ(σ)ομορφέω
combined	lbg_pairs.json	editorial_siglum	λευκοχρυσοπυρσοτρισομορφη	λευκοχρυσοπυρσοτρισ(σ)ομορφέω
combined	lbg_pairs.json	editorial_siglum	λευκοχρυσοπυρσοτρισομορφης	λευκοχρυσοπυρσοτρισ(σ)ομορφέω
combined	lbg_pairs.json	editorial_siglum	λευκοχρυσοπυρσοτρισομορφησθε	λευκοχρυσοπυρσοτρισ(σ)ομορφέω
combined	lbg_pairs.json	editorial_siglum	λευκοχρυσοπυρσοτρισομορφησθον	λευκοχρυσοπυρσοτρισ(σ)ομορφέω
combined	lbg_pairs.json	editorial_siglum	λευκοχρυσοπυρσοτρισομορφηται	λευκοχρυσοπυρσοτρισ(σ)ομορφέω
combined	lbg_pairs.json	editorial_siglum	λευκοχρυσοπυρσοτρισομορφητε	λευκοχρυσοπυρσοτρισ(σ)ομορφέω
combined	lbg_pairs.json	editorial_siglum	λευκοχρυσοπυρσοτρισομορφητον	λευκοχρυσοπυρσοτρισ(σ)ομορφέω
combined	lbg_pairs.json	editorial_siglum	λευκοχρυσοπυρσοτρισομορφοι	λευκοχρυσοπυρσοτρισ(σ)ομορφέω
combined	lbg_pairs.json	editorial_siglum	λευκοχρυσοπυρσοτρισομορφοιεν	λευκοχρυσοπυρσοτρισ(σ)ομορφέω
combined	lbg_pairs.json	editorial_siglum	λευκοχρυσοπυρσοτρισομορφοιη	λευκοχρυσοπυρσοτρισ(σ)ομορφέω
combined	lbg_pairs.json	editorial_siglum	λευκοχρυσοπυρσοτρισομορφοιημεν	λευκοχρυσοπυρσοτρισ(σ)ομορφέω
combined	lbg_pairs.json	editorial_siglum	λευκοχρυσοπυρσοτρισομορφοιην	λευκοχρυσοπυρσοτρισ(σ)ομορφέω
combined	lbg_pairs.json	editorial_siglum	λευκοχρυσοπυρσοτρισομορφοιης	λευκοχρυσοπυρσοτρισ(σ)ομορφέω
combined	lbg_pairs.json	editorial_siglum	λευκοχρυσοπυρσοτρισομορφοιησαν	λευκοχρυσοπυρσοτρισ(σ)ομορφέω
combined	lbg_pairs.json	editorial_siglum	λευκοχρυσοπυρσοτρισομορφοιητε	λευκοχρυσοπυρσοτρισ(σ)ομορφέω
combined	lbg_pairs.json	editorial_siglum	λευκοχρυσοπυρσοτρισομορφοιητην	λευκοχρυσοπυρσοτρισ(σ)ομορφέω
combined	lbg_pairs.json	editorial_siglum	λευκοχρυσοπυρσοτρισομορφοιητον	λευκοχρυσοπυρσοτρισ(σ)ομορφέω
combined	lbg_pairs.json	editorial_siglum	λευκοχρυσοπυρσοτρισομορφοιμεθα	λευκοχρυσοπυρσοτρισ(σ)ομορφέω
combined	lbg_pairs.json	editorial_siglum	λευκοχρυσοπυρσοτρισομορφοιμεν	λευκοχρυσοπυρσοτρισ(σ)ομορφέω
combined	lbg_pairs.json	editorial_siglum	λευκοχρυσοπυρσοτρισομορφοιμην	λευκοχρυσοπυρσοτρισ(σ)ομορφέω
combined	lbg_pairs.json	editorial_siglum	λευκοχρυσοπυρσοτρισομορφοιμι	λευκοχρυσοπυρσοτρισ(σ)ομορφέω
combined	lbg_pairs.json	editorial_siglum	λευκοχρυσοπυρσοτρισομορφοιντο	λευκοχρυσοπυρσοτρισ(σ)ομορφέω
combined	lbg_pairs.json	editorial_siglum	λευκοχρυσοπυρσοτρισομορφοιο	λευκοχρυσοπυρσοτρισ(σ)ομορφέω
combined	lbg_pairs.json	editorial_siglum	λευκοχρυσοπυρσοτρισομορφοις	λευκοχρυσοπυρσοτρισ(σ)ομορφέω
combined	lbg_pairs.json	editorial_siglum	λευκοχρυσοπυρσοτρισομορφοισθε	λευκοχρυσοπυρσοτρισ(σ)ομορφέω
combined	lbg_pairs.json	editorial_siglum	λευκοχρυσοπυρσοτρισομορφοισθην	λευκοχρυσοπυρσοτρισ(σ)ομορφέω
combined	lbg_pairs.json	editorial_siglum	λευκοχρυσοπυρσοτρισομορφοισθον	λευκοχρυσοπυρσοτρισ(σ)ομορφέω
combined	lbg_pairs.json	editorial_siglum	λευκοχρυσοπυρσοτρισομορφοιτε	λευκοχρυσοπυρσοτρισ(σ)ομορφέω
combined	lbg_pairs.json	editorial_siglum	λευκοχρυσοπυρσοτρισομορφοιτην	λευκοχρυσοπυρσοτρισ(σ)ομορφέω
combined	lbg_pairs.json	editorial_siglum	λευκοχρυσοπυρσοτρισομορφοιτο	λευκοχρυσοπυρσοτρισ(σ)ομορφέω
combined	lbg_pairs.json	editorial_siglum	λευκοχρυσοπυρσοτρισομορφοιτον	λευκοχρυσοπυρσοτρισ(σ)ομορφέω
combined	lbg_pairs.json	editorial_siglum	λευκοχρυσοπυρσοτρισομορφου	λευκοχρυσοπυρσοτρισ(σ)ομορφέω
combined	lbg_pairs.json	editorial_siglum	λευκοχρυσοπυρσοτρισομορφουμαι	λευκοχρυσοπυρσοτρισ(σ)ομορφέω
combined	lbg_pairs.json	editorial_siglum	λευκοχρυσοπυρσοτρισομορφουμεθα	λευκοχρυσοπυρσοτρισ(σ)ομορφέω
combined	lbg_pairs.json	editorial_siglum	λευκοχρυσοπυρσοτρισομορφουμεν	λευκοχρυσοπυρσοτρισ(σ)ομορφέω
combined	lbg_pairs.json	editorial_siglum	λευκοχρυσοπυρσοτρισομορφουμενη	λευκοχρυσοπυρσοτρισ(σ)ομορφέω
combined	lbg_pairs.json	editorial_siglum	λευκοχρυσοπυρσοτρισομορφουμενον	λευκοχρυσοπυρσοτρισ(σ)ομορφέω
combined	lbg_pairs.json	editorial_siglum	λευκοχρυσοπυρσοτρισομορφουμενος	λευκοχρυσοπυρσοτρισ(σ)ομορφέω
combined	lbg_pairs.json	editorial_siglum	λευκοχρυσοπυρσοτρισομορφουν	λευκοχρυσοπυρσοτρισ(σ)ομορφέω
combined	lbg_pairs.json	editorial_siglum	λευκοχρυσοπυρσοτρισομορφουνται	λευκοχρυσοπυρσοτρισ(σ)ομορφέω
combined	lbg_pairs.json	editorial_siglum	λευκοχρυσοπυρσοτρισομορφουντων	λευκοχρυσοπυρσοτρισ(σ)ομορφέω
combined	lbg_pairs.json	editorial_siglum	λευκοχρυσοπυρσοτρισομορφουσα	λευκοχρυσοπυρσοτρισ(σ)ομορφέω
combined	lbg_pairs.json	editorial_siglum	λευκοχρυσοπυρσοτρισομορφω	λευκοχρυσοπυρσοτρισ(σ)ομορφέω
combined	lbg_pairs.json	editorial_siglum	λευκοχρυσοπυρσοτρισομορφωμαι	λευκοχρυσοπυρσοτρισ(σ)ομορφέω
combined	lbg_pairs.json	editorial_siglum	λευκοχρυσοπυρσοτρισομορφωμεθα	λευκοχρυσοπυρσοτρισ(σ)ομορφέω
combined	lbg_pairs.json	editorial_siglum	λευκοχρυσοπυρσοτρισομορφωμεν	λευκοχρυσοπυρσοτρισ(σ)ομορφέω
combined	lbg_pairs.json	editorial_siglum	λευκοχρυσοπυρσοτρισομορφων	λευκοχρυσοπυρσοτρισ(σ)ομορφέω
combined	lbg_pairs.json	editorial_siglum	λευκοχρυσοπυρσοτρισομορφωνται	λευκοχρυσοπυρσοτρισ(σ)ομορφέω
combined	lbg_pairs.json	editorial_siglum	λευκοχρυσοπυρσοτρισσομορφεε	λευκοχρυσοπυρσοτρισ(σ)ομορφέω
combined	lbg_pairs.json	editorial_siglum	λευκοχρυσοπυρσοτρισσομορφεει	λευκοχρυσοπυρσοτρισ(σ)ομορφέω
combined	lbg_pairs.json	editorial_siglum	λευκοχρυσοπυρσοτρισσομορφεειν	λευκοχρυσοπυρσοτρισ(σ)ομορφέω
combined	lbg_pairs.json	editorial_siglum	λευκοχρυσοπυρσοτρισσομορφεεις	λευκοχρυσοπυρσοτρισ(σ)ομορφέω
combined	lbg_pairs.json	editorial_siglum	λευκοχρυσοπυρσοτρισσομορφεεσθαι	λευκοχρυσοπυρσοτρισ(σ)ομορφέω
combined	lbg_pairs.json	editorial_siglum	λευκοχρυσοπυρσοτρισσομορφεεσθε	λευκοχρυσοπυρσοτρισ(σ)ομορφέω
combined	lbg_pairs.json	editorial_siglum	λευκοχρυσοπυρσοτρισσομορφεεσθον	λευκοχρυσοπυρσοτρισ(σ)ομορφέω
combined	lbg_pairs.json	editorial_siglum	λευκοχρυσοπυρσοτρισσομορφεεσθω	λευκοχρυσοπυρσοτρισ(σ)ομορφέω
combined	lbg_pairs.json	editorial_siglum	λευκοχρυσοπυρσοτρισσομορφεεσθων	λευκοχρυσοπυρσοτρισ(σ)ομορφέω
combined	lbg_pairs.json	editorial_siglum	λευκοχρυσοπυρσοτρισσομορφεεται	λευκοχρυσοπυρσοτρισ(σ)ομορφέω
combined	lbg_pairs.json	editorial_siglum	λευκοχρυσοπυρσοτρισσομορφεετε	λευκοχρυσοπυρσοτρισ(σ)ομορφέω
combined	lbg_pairs.json	editorial_siglum	λευκοχρυσοπυρσοτρισσομορφεετον	λευκοχρυσοπυρσοτρισ(σ)ομορφέω
combined	lbg_pairs.json	editorial_siglum	λευκοχρυσοπυρσοτρισσομορφεετω	λευκοχρυσοπυρσοτρισ(σ)ομορφέω
combined	lbg_pairs.json	editorial_siglum	λευκοχρυσοπυρσοτρισσομορφεετων	λευκοχρυσοπυρσοτρισ(σ)ομορφέω
combined	lbg_pairs.json	editorial_siglum	λευκοχρυσοπυρσοτρισσομορφεη	λευκοχρυσοπυρσοτρισ(σ)ομορφέω
combined	lbg_pairs.json	editorial_siglum	λευκοχρυσοπυρσοτρισσομορφεης	λευκοχρυσοπυρσοτρισ(σ)ομορφέω
combined	lbg_pairs.json	editorial_siglum	λευκοχρυσοπυρσοτρισσομορφεησθε	λευκοχρυσοπυρσοτρισ(σ)ομορφέω
combined	lbg_pairs.json	editorial_siglum	λευκοχρυσοπυρσοτρισσομορφεησθον	λευκοχρυσοπυρσοτρισ(σ)ομορφέω
combined	lbg_pairs.json	editorial_siglum	λευκοχρυσοπυρσοτρισσομορφεηται	λευκοχρυσοπυρσοτρισ(σ)ομορφέω
combined	lbg_pairs.json	editorial_siglum	λευκοχρυσοπυρσοτρισσομορφεητε	λευκοχρυσοπυρσοτρισ(σ)ομορφέω
combined	lbg_pairs.json	editorial_siglum	λευκοχρυσοπυρσοτρισσομορφεητον	λευκοχρυσοπυρσοτρισ(σ)ομορφέω
combined	lbg_pairs.json	editorial_siglum	λευκοχρυσοπυρσοτρισσομορφει	λευκοχρυσοπυρσοτρισ(σ)ομορφέω
combined	lbg_pairs.json	editorial_siglum	λευκοχρυσοπυρσοτρισσομορφειν	λευκοχρυσοπυρσοτρισ(σ)ομορφέω
combined	lbg_pairs.json	editorial_siglum	λευκοχρυσοπυρσοτρισσομορφεις	λευκοχρυσοπυρσοτρισ(σ)ομορφέω
combined	lbg_pairs.json	editorial_siglum	λευκοχρυσοπυρσοτρισσομορφεισθαι	λευκοχρυσοπυρσοτρισ(σ)ομορφέω
combined	lbg_pairs.json	editorial_siglum	λευκοχρυσοπυρσοτρισσομορφεισθε	λευκοχρυσοπυρσοτρισ(σ)ομορφέω
combined	lbg_pairs.json	editorial_siglum	λευκοχρυσοπυρσοτρισσομορφεισθον	λευκοχρυσοπυρσοτρισ(σ)ομορφέω
combined	lbg_pairs.json	editorial_siglum	λευκοχρυσοπυρσοτρισσομορφεισθω	λευκοχρυσοπυρσοτρισ(σ)ομορφέω
combined	lbg_pairs.json	editorial_siglum	λευκοχρυσοπυρσοτρισσομορφεισθων	λευκοχρυσοπυρσοτρισ(σ)ομορφέω
combined	lbg_pairs.json	editorial_siglum	λευκοχρυσοπυρσοτρισσομορφειται	λευκοχρυσοπυρσοτρισ(σ)ομορφέω
combined	lbg_pairs.json	editorial_siglum	λευκοχρυσοπυρσοτρισσομορφειτε	λευκοχρυσοπυρσοτρισ(σ)ομορφέω
combined	lbg_pairs.json	editorial_siglum	λευκοχρυσοπυρσοτρισσομορφειτον	λευκοχρυσοπυρσοτρισ(σ)ομορφέω
combined	lbg_pairs.json	editorial_siglum	λευκοχρυσοπυρσοτρισσομορφειτω	λευκοχρυσοπυρσοτρισ(σ)ομορφέω
combined	lbg_pairs.json	editorial_siglum	λευκοχρυσοπυρσοτρισσομορφειτων	λευκοχρυσοπυρσοτρισ(σ)ομορφέω
combined	lbg_pairs.json	editorial_siglum	λευκοχρυσοπυρσοτρισσομορφεοι	λευκοχρυσοπυρσοτρισ(σ)ομορφέω
combined	lbg_pairs.json	editorial_siglum	λευκοχρυσοπυρσοτρισσομορφεοιεν	λευκοχρυσοπυρσοτρισ(σ)ομορφέω
combined	lbg_pairs.json	editorial_siglum	λευκοχρυσοπυρσοτρισσομορφεοιμεθα	λευκοχρυσοπυρσοτρισ(σ)ομορφέω
combined	lbg_pairs.json	editorial_siglum	λευκοχρυσοπυρσοτρισσομορφεοιμεν	λευκοχρυσοπυρσοτρισ(σ)ομορφέω
combined	lbg_pairs.json	editorial_siglum	λευκοχρυσοπυρσοτρισσομορφεοιμην	λευκοχρυσοπυρσοτρισ(σ)ομορφέω
combined	lbg_pairs.json	editorial_siglum	λευκοχρυσοπυρσοτρισσομορφεοιμι	λευκοχρυσοπυρσοτρισ(σ)ομορφέω
combined	lbg_pairs.json	editorial_siglum	λευκοχρυσοπυρσοτρισσομορφεοιντο	λευκοχρυσοπυρσοτρισ(σ)ομορφέω
combined	lbg_pairs.json	editorial_siglum	λευκοχρυσοπυρσοτρισσομορφεοιο	λευκοχρυσοπυρσοτρισ(σ)ομορφέω
combined	lbg_pairs.json	editorial_siglum	λευκοχρυσοπυρσοτρισσομορφεοις	λευκοχρυσοπυρσοτρισ(σ)ομορφέω
combined	lbg_pairs.json	editorial_siglum	λευκοχρυσοπυρσοτρισσομορφεοισθε	λευκοχρυσοπυρσοτρισ(σ)ομορφέω
combined	lbg_pairs.json	editorial_siglum	λευκοχρυσοπυρσοτρισσομορφεοισθην	λευκοχρυσοπυρσοτρισ(σ)ομορφέω
combined	lbg_pairs.json	editorial_siglum	λευκοχρυσοπυρσοτρισσομορφεοισθον	λευκοχρυσοπυρσοτρισ(σ)ομορφέω
combined	lbg_pairs.json	editorial_siglum	λευκοχρυσοπυρσοτρισσομορφεοιτε	λευκοχρυσοπυρσοτρισ(σ)ομορφέω
combined	lbg_pairs.json	editorial_siglum	λευκοχρυσοπυρσοτρισσομορφεοιτην	λευκοχρυσοπυρσοτρισ(σ)ομορφέω
combined	lbg_pairs.json	editorial_siglum	λευκοχρυσοπυρσοτρισσομορφεοιτο	λευκοχρυσοπυρσοτρισ(σ)ομορφέω
combined	lbg_pairs.json	editorial_siglum	λευκοχρυσοπυρσοτρισσομορφεοιτον	λευκοχρυσοπυρσοτρισ(σ)ομορφέω
combined	lbg_pairs.json	editorial_siglum	λευκοχρυσοπυρσοτρισσομορφεομαι	λευκοχρυσοπυρσοτρισ(σ)ομορφέω
combined	lbg_pairs.json	editorial_siglum	λευκοχρυσοπυρσοτρισσομορφεομεθα	λευκοχρυσοπυρσοτρισ(σ)ομορφέω
combined	lbg_pairs.json	editorial_siglum	λευκοχρυσοπυρσοτρισσομορφεομεν	λευκοχρυσοπυρσοτρισ(σ)ομορφέω
combined	lbg_pairs.json	editorial_siglum	λευκοχρυσοπυρσοτρισσομορφεομενη	λευκοχρυσοπυρσοτρισ(σ)ομορφέω
combined	lbg_pairs.json	editorial_siglum	λευκοχρυσοπυρσοτρισσομορφεομενον	λευκοχρυσοπυρσοτρισ(σ)ομορφέω
combined	lbg_pairs.json	editorial_siglum	λευκοχρυσοπυρσοτρισσομορφεομενος	λευκοχρυσοπυρσοτρισ(σ)ομορφέω
combined	lbg_pairs.json	editorial_siglum	λευκοχρυσοπυρσοτρισσομορφεον	λευκοχρυσοπυρσοτρισ(σ)ομορφέω
combined	lbg_pairs.json	editorial_siglum	λευκοχρυσοπυρσοτρισσομορφεονται	λευκοχρυσοπυρσοτρισ(σ)ομορφέω
combined	lbg_pairs.json	editorial_siglum	λευκοχρυσοπυρσοτρισσομορφεοντων	λευκοχρυσοπυρσοτρισ(σ)ομορφέω
combined	lbg_pairs.json	editorial_siglum	λευκοχρυσοπυρσοτρισσομορφεου	λευκοχρυσοπυρσοτρισ(σ)ομορφέω
combined	lbg_pairs.json	editorial_siglum	λευκοχρυσοπυρσοτρισσομορφεουσα	λευκοχρυσοπυρσοτρισ(σ)ομορφέω
combined	lbg_pairs.json	editorial_siglum	λευκοχρυσοπυρσοτρισσομορφεω	λευκοχρυσοπυρσοτρισ(σ)ομορφέω
combined	lbg_pairs.json	editorial_siglum	λευκοχρυσοπυρσοτρισσομορφεωμαι	λευκοχρυσοπυρσοτρισ(σ)ομορφέω
combined	lbg_pairs.json	editorial_siglum	λευκοχρυσοπυρσοτρισσομορφεωμεθα	λευκοχρυσοπυρσοτρισ(σ)ομορφέω
combined	lbg_pairs.json	editorial_siglum	λευκοχρυσοπυρσοτρισσομορφεωμεν	λευκοχρυσοπυρσοτρισ(σ)ομορφέω
combined	lbg_pairs.json	editorial_siglum	λευκοχρυσοπυρσοτρισσομορφεων	λευκοχρυσοπυρσοτρισ(σ)ομορφέω
combined	lbg_pairs.json	editorial_siglum	λευκοχρυσοπυρσοτρισσομορφεωνται	λευκοχρυσοπυρσοτρισ(σ)ομορφέω
combined	lbg_pairs.json	editorial_siglum	λευκοχρυσοπυρσοτρισσομορφη	λευκοχρυσοπυρσοτρισ(σ)ομορφέω
combined	lbg_pairs.json	editorial_siglum	λευκοχρυσοπυρσοτρισσομορφης	λευκοχρυσοπυρσοτρισ(σ)ομορφέω
combined	lbg_pairs.json	editorial_siglum	λευκοχρυσοπυρσοτρισσομορφησθε	λευκοχρυσοπυρσοτρισ(σ)ομορφέω
combined	lbg_pairs.json	editorial_siglum	λευκοχρυσοπυρσοτρισσομορφησθον	λευκοχρυσοπυρσοτρισ(σ)ομορφέω
combined	lbg_pairs.json	editorial_siglum	λευκοχρυσοπυρσοτρισσομορφηται	λευκοχρυσοπυρσοτρισ(σ)ομορφέω
combined	lbg_pairs.json	editorial_siglum	λευκοχρυσοπυρσοτρισσομορφητε	λευκοχρυσοπυρσοτρισ(σ)ομορφέω
combined	lbg_pairs.json	editorial_siglum	λευκοχρυσοπυρσοτρισσομορφητον	λευκοχρυσοπυρσοτρισ(σ)ομορφέω
combined	lbg_pairs.json	editorial_siglum	λευκοχρυσοπυρσοτρισσομορφοι	λευκοχρυσοπυρσοτρισ(σ)ομορφέω
combined	lbg_pairs.json	editorial_siglum	λευκοχρυσοπυρσοτρισσομορφοιεν	λευκοχρυσοπυρσοτρισ(σ)ομορφέω
combined	lbg_pairs.json	editorial_siglum	λευκοχρυσοπυρσοτρισσομορφοιη	λευκοχρυσοπυρσοτρισ(σ)ομορφέω
combined	lbg_pairs.json	editorial_siglum	λευκοχρυσοπυρσοτρισσομορφοιημεν	λευκοχρυσοπυρσοτρισ(σ)ομορφέω
combined	lbg_pairs.json	editorial_siglum	λευκοχρυσοπυρσοτρισσομορφοιην	λευκοχρυσοπυρσοτρισ(σ)ομορφέω
combined	lbg_pairs.json	editorial_siglum	λευκοχρυσοπυρσοτρισσομορφοιης	λευκοχρυσοπυρσοτρισ(σ)ομορφέω
combined	lbg_pairs.json	editorial_siglum	λευκοχρυσοπυρσοτρισσομορφοιησαν	λευκοχρυσοπυρσοτρισ(σ)ομορφέω
combined	lbg_pairs.json	editorial_siglum	λευκοχρυσοπυρσοτρισσομορφοιητε	λευκοχρυσοπυρσοτρισ(σ)ομορφέω
combined	lbg_pairs.json	editorial_siglum	λευκοχρυσοπυρσοτρισσομορφοιητην	λευκοχρυσοπυρσοτρισ(σ)ομορφέω
combined	lbg_pairs.json	editorial_siglum	λευκοχρυσοπυρσοτρισσομορφοιητον	λευκοχρυσοπυρσοτρισ(σ)ομορφέω
combined	lbg_pairs.json	editorial_siglum	λευκοχρυσοπυρσοτρισσομορφοιμεθα	λευκοχρυσοπυρσοτρισ(σ)ομορφέω
combined	lbg_pairs.json	editorial_siglum	λευκοχρυσοπυρσοτρισσομορφοιμεν	λευκοχρυσοπυρσοτρισ(σ)ομορφέω
combined	lbg_pairs.json	editorial_siglum	λευκοχρυσοπυρσοτρισσομορφοιμην	λευκοχρυσοπυρσοτρισ(σ)ομορφέω
combined	lbg_pairs.json	editorial_siglum	λευκοχρυσοπυρσοτρισσομορφοιμι	λευκοχρυσοπυρσοτρισ(σ)ομορφέω
combined	lbg_pairs.json	editorial_siglum	λευκοχρυσοπυρσοτρισσομορφοιντο	λευκοχρυσοπυρσοτρισ(σ)ομορφέω
combined	lbg_pairs.json	editorial_siglum	λευκοχρυσοπυρσοτρισσομορφοιο	λευκοχρυσοπυρσοτρισ(σ)ομορφέω
combined	lbg_pairs.json	editorial_siglum	λευκοχρυσοπυρσοτρισσομορφοις	λευκοχρυσοπυρσοτρισ(σ)ομορφέω
combined	lbg_pairs.json	editorial_siglum	λευκοχρυσοπυρσοτρισσομορφοισθε	λευκοχρυσοπυρσοτρισ(σ)ομορφέω
combined	lbg_pairs.json	editorial_siglum	λευκοχρυσοπυρσοτρισσομορφοισθην	λευκοχρυσοπυρσοτρισ(σ)ομορφέω
combined	lbg_pairs.json	editorial_siglum	λευκοχρυσοπυρσοτρισσομορφοισθον	λευκοχρυσοπυρσοτρισ(σ)ομορφέω
combined	lbg_pairs.json	editorial_siglum	λευκοχρυσοπυρσοτρισσομορφοιτε	λευκοχρυσοπυρσοτρισ(σ)ομορφέω
combined	lbg_pairs.json	editorial_siglum	λευκοχρυσοπυρσοτρισσομορφοιτην	λευκοχρυσοπυρσοτρισ(σ)ομορφέω
combined	lbg_pairs.json	editorial_siglum	λευκοχρυσοπυρσοτρισσομορφοιτο	λευκοχρυσοπυρσοτρισ(σ)ομορφέω
combined	lbg_pairs.json	editorial_siglum	λευκοχρυσοπυρσοτρισσομορφοιτον	λευκοχρυσοπυρσοτρισ(σ)ομορφέω
combined	lbg_pairs.json	editorial_siglum	λευκοχρυσοπυρσοτρισσομορφου	λευκοχρυσοπυρσοτρισ(σ)ομορφέω
combined	lbg_pairs.json	editorial_siglum	λευκοχρυσοπυρσοτρισσομορφουμαι	λευκοχρυσοπυρσοτρισ(σ)ομορφέω
combined	lbg_pairs.json	editorial_siglum	λευκοχρυσοπυρσοτρισσομορφουμεθα	λευκοχρυσοπυρσοτρισ(σ)ομορφέω
combined	lbg_pairs.json	editorial_siglum	λευκοχρυσοπυρσοτρισσομορφουμεν	λευκοχρυσοπυρσοτρισ(σ)ομορφέω
combined	lbg_pairs.json	editorial_siglum	λευκοχρυσοπυρσοτρισσομορφουμενη	λευκοχρυσοπυρσοτρισ(σ)ομορφέω
combined	lbg_pairs.json	editorial_siglum	λευκοχρυσοπυρσοτρισσομορφουμενον	λευκοχρυσοπυρσοτρισ(σ)ομορφέω
combined	lbg_pairs.json	editorial_siglum	λευκοχρυσοπυρσοτρισσομορφουμενος	λευκοχρυσοπυρσοτρισ(σ)ομορφέω
combined	lbg_pairs.json	editorial_siglum	λευκοχρυσοπυρσοτρισσομορφουν	λευκοχρυσοπυρσοτρισ(σ)ομορφέω
combined	lbg_pairs.json	editorial_siglum	λευκοχρυσοπυρσοτρισσομορφουνται	λευκοχρυσοπυρσοτρισ(σ)ομορφέω
combined	lbg_pairs.json	editorial_siglum	λευκοχρυσοπυρσοτρισσομορφουντων	λευκοχρυσοπυρσοτρισ(σ)ομορφέω
combined	lbg_pairs.json	editorial_siglum	λευκοχρυσοπυρσοτρισσομορφουσα	λευκοχρυσοπυρσοτρισ(σ)ομορφέω
combined	lbg_pairs.json	editorial_siglum	λευκοχρυσοπυρσοτρισσομορφω	λευκοχρυσοπυρσοτρισ(σ)ομορφέω
combined	lbg_pairs.json	editorial_siglum	λευκοχρυσοπυρσοτρισσομορφωμαι	λευκοχρυσοπυρσοτρισ(σ)ομορφέω
combined	lbg_pairs.json	editorial_siglum	λευκοχρυσοπυρσοτρισσομορφωμεθα	λευκοχρυσοπυρσοτρισ(σ)ομορφέω
combined	lbg_pairs.json	editorial_siglum	λευκοχρυσοπυρσοτρισσομορφωμεν	λευκοχρυσοπυρσοτρισ(σ)ομορφέω
combined	lbg_pairs.json	editorial_siglum	λευκοχρυσοπυρσοτρισσομορφων	λευκοχρυσοπυρσοτρισ(σ)ομορφέω
combined	lbg_pairs.json	editorial_siglum	λευκοχρυσοπυρσοτρισσομορφωνται	λευκοχρυσοπυρσοτρισ(σ)ομορφέω
combined	lbg_pairs.json	editorial_siglum	λινομαλα	λινόμαλ(λ)ον
combined	lbg_pairs.json	editorial_siglum	λινομαλλα	λινόμαλ(λ)ον
combined	lbg_pairs.json	editorial_siglum	λινομαλλοιν	λινόμαλ(λ)ον
combined	lbg_pairs.json	editorial_siglum	λινομαλλοις	λινόμαλ(λ)ον
combined	lbg_pairs.json	editorial_siglum	λινομαλλον	λινόμαλ(λ)ον
combined	lbg_pairs.json	editorial_siglum	λινομαλλου	λινόμαλ(λ)ον
combined	lbg_pairs.json	editorial_siglum	λινομαλλω	λινόμαλ(λ)ον
combined	lbg_pairs.json	editorial_siglum	λινομαλλων	λινόμαλ(λ)ον
combined	lbg_pairs.json	editorial_siglum	λινομαλοιν	λινόμαλ(λ)ον
combined	lbg_pairs.json	editorial_siglum	λινομαλοις	λινόμαλ(λ)ον
combined	lbg_pairs.json	editorial_siglum	λινομαλον	λινόμαλ(λ)ον
combined	lbg_pairs.json	editorial_siglum	λινομαλου	λινόμαλ(λ)ον
combined	lbg_pairs.json	editorial_siglum	λινομαλω	λινόμαλ(λ)ον
combined	lbg_pairs.json	editorial_siglum	λινομαλων	λινόμαλ(λ)ον
combined	lbg_pairs.json	editorial_siglum	μαιναε	μαιν(ι)άω
combined	lbg_pairs.json	editorial_siglum	μαιναει	μαιν(ι)άω
combined	lbg_pairs.json	editorial_siglum	μαιναειν	μαιν(ι)άω
combined	lbg_pairs.json	editorial_siglum	μαιναεις	μαιν(ι)άω
combined	lbg_pairs.json	editorial_siglum	μαιναεσθαι	μαιν(ι)άω
combined	lbg_pairs.json	editorial_siglum	μαιναεσθε	μαιν(ι)άω
combined	lbg_pairs.json	editorial_siglum	μαιναεσθον	μαιν(ι)άω
combined	lbg_pairs.json	editorial_siglum	μαιναεσθω	μαιν(ι)άω
combined	lbg_pairs.json	editorial_siglum	μαιναεσθων	μαιν(ι)άω
combined	lbg_pairs.json	editorial_siglum	μαιναεται	μαιν(ι)άω
combined	lbg_pairs.json	editorial_siglum	μαιναετε	μαιν(ι)άω
combined	lbg_pairs.json	editorial_siglum	μαιναετον	μαιν(ι)άω
combined	lbg_pairs.json	editorial_siglum	μαιναετω	μαιν(ι)άω
combined	lbg_pairs.json	editorial_siglum	μαιναετων	μαιν(ι)άω
combined	lbg_pairs.json	editorial_siglum	μαιναη	μαιν(ι)άω
combined	lbg_pairs.json	editorial_siglum	μαιναης	μαιν(ι)άω
combined	lbg_pairs.json	editorial_siglum	μαιναησθε	μαιν(ι)άω
combined	lbg_pairs.json	editorial_siglum	μαιναησθον	μαιν(ι)άω
combined	lbg_pairs.json	editorial_siglum	μαιναηται	μαιν(ι)άω
combined	lbg_pairs.json	editorial_siglum	μαιναητε	μαιν(ι)άω
combined	lbg_pairs.json	editorial_siglum	μαιναητον	μαιν(ι)άω
combined	lbg_pairs.json	editorial_siglum	μαιναν	μαιν(ι)άω
combined	lbg_pairs.json	editorial_siglum	μαιναοι	μαιν(ι)άω
combined	lbg_pairs.json	editorial_siglum	μαιναοιεν	μαιν(ι)άω
combined	lbg_pairs.json	editorial_siglum	μαιναοιμεθα	μαιν(ι)άω
combined	lbg_pairs.json	editorial_siglum	μαιναοιμεν	μαιν(ι)άω
combined	lbg_pairs.json	editorial_siglum	μαιναοιμην	μαιν(ι)άω
combined	lbg_pairs.json	editorial_siglum	μαιναοιμι	μαιν(ι)άω
combined	lbg_pairs.json	editorial_siglum	μαιναοιντο	μαιν(ι)άω
combined	lbg_pairs.json	editorial_siglum	μαιναοιο	μαιν(ι)άω
combined	lbg_pairs.json	editorial_siglum	μαιναοις	μαιν(ι)άω
combined	lbg_pairs.json	editorial_siglum	μαιναοισθε	μαιν(ι)άω
combined	lbg_pairs.json	editorial_siglum	μαιναοισθην	μαιν(ι)άω
combined	lbg_pairs.json	editorial_siglum	μαιναοισθον	μαιν(ι)άω
combined	lbg_pairs.json	editorial_siglum	μαιναοιτε	μαιν(ι)άω
combined	lbg_pairs.json	editorial_siglum	μαιναοιτην	μαιν(ι)άω
combined	lbg_pairs.json	editorial_siglum	μαιναοιτο	μαιν(ι)άω
combined	lbg_pairs.json	editorial_siglum	μαιναοιτον	μαιν(ι)άω
combined	lbg_pairs.json	editorial_siglum	μαιναομαι	μαιν(ι)άω
combined	lbg_pairs.json	editorial_siglum	μαιναομεθα	μαιν(ι)άω
combined	lbg_pairs.json	editorial_siglum	μαιναομεν	μαιν(ι)άω
combined	lbg_pairs.json	editorial_siglum	μαιναομενη	μαιν(ι)άω
combined	lbg_pairs.json	editorial_siglum	μαιναομενον	μαιν(ι)άω
combined	lbg_pairs.json	editorial_siglum	μαιναομενος	μαιν(ι)άω
combined	lbg_pairs.json	editorial_siglum	μαιναον	μαιν(ι)άω
combined	lbg_pairs.json	editorial_siglum	μαιναονται	μαιν(ι)άω
combined	lbg_pairs.json	editorial_siglum	μαιναοντων	μαιν(ι)άω
combined	lbg_pairs.json	editorial_siglum	μαιναου	μαιν(ι)άω
combined	lbg_pairs.json	editorial_siglum	μαιναουσα	μαιν(ι)άω
combined	lbg_pairs.json	editorial_siglum	μαινασθαι	μαιν(ι)άω
combined	lbg_pairs.json	editorial_siglum	μαινασθε	μαιν(ι)άω
combined	lbg_pairs.json	editorial_siglum	μαινασθον	μαιν(ι)άω
combined	lbg_pairs.json	editorial_siglum	μαινασθω	μαιν(ι)άω
combined	lbg_pairs.json	editorial_siglum	μαινασθων	μαιν(ι)άω
combined	lbg_pairs.json	editorial_siglum	μαιναται	μαιν(ι)άω
combined	lbg_pairs.json	editorial_siglum	μαινατε	μαιν(ι)άω
combined	lbg_pairs.json	editorial_siglum	μαινατον	μαιν(ι)άω
combined	lbg_pairs.json	editorial_siglum	μαινατω	μαιν(ι)άω
combined	lbg_pairs.json	editorial_siglum	μαινατων	μαιν(ι)άω
combined	lbg_pairs.json	editorial_siglum	μαιναω	μαιν(ι)άω
combined	lbg_pairs.json	editorial_siglum	μαιναωμαι	μαιν(ι)άω
combined	lbg_pairs.json	editorial_siglum	μαιναωμεθα	μαιν(ι)άω
combined	lbg_pairs.json	editorial_siglum	μαιναωμεν	μαιν(ι)άω
combined	lbg_pairs.json	editorial_siglum	μαιναων	μαιν(ι)άω
combined	lbg_pairs.json	editorial_siglum	μαιναωνται	μαιν(ι)άω
combined	lbg_pairs.json	editorial_siglum	μαινια	μαιν(ι)άω
combined	lbg_pairs.json	editorial_siglum	μαινιαε	μαιν(ι)άω
combined	lbg_pairs.json	editorial_siglum	μαινιαει	μαιν(ι)άω
combined	lbg_pairs.json	editorial_siglum	μαινιαειν	μαιν(ι)άω
combined	lbg_pairs.json	editorial_siglum	μαινιαεις	μαιν(ι)άω
combined	lbg_pairs.json	editorial_siglum	μαινιαεσθαι	μαιν(ι)άω
combined	lbg_pairs.json	editorial_siglum	μαινιαεσθε	μαιν(ι)άω
combined	lbg_pairs.json	editorial_siglum	μαινιαεσθον	μαιν(ι)άω
combined	lbg_pairs.json	editorial_siglum	μαινιαεσθω	μαιν(ι)άω
combined	lbg_pairs.json	editorial_siglum	μαινιαεσθων	μαιν(ι)άω
combined	lbg_pairs.json	editorial_siglum	μαινιαεται	μαιν(ι)άω
combined	lbg_pairs.json	editorial_siglum	μαινιαετε	μαιν(ι)άω
combined	lbg_pairs.json	editorial_siglum	μαινιαετον	μαιν(ι)άω
combined	lbg_pairs.json	editorial_siglum	μαινιαετω	μαιν(ι)άω
combined	lbg_pairs.json	editorial_siglum	μαινιαετων	μαιν(ι)άω
combined	lbg_pairs.json	editorial_siglum	μαινιαη	μαιν(ι)άω
combined	lbg_pairs.json	editorial_siglum	μαινιαης	μαιν(ι)άω
combined	lbg_pairs.json	editorial_siglum	μαινιαησθε	μαιν(ι)άω
combined	lbg_pairs.json	editorial_siglum	μαινιαησθον	μαιν(ι)άω
combined	lbg_pairs.json	editorial_siglum	μαινιαηται	μαιν(ι)άω
combined	lbg_pairs.json	editorial_siglum	μαινιαητε	μαιν(ι)άω
combined	lbg_pairs.json	editorial_siglum	μαινιαητον	μαιν(ι)άω
combined	lbg_pairs.json	editorial_siglum	μαινιαν	μαιν(ι)άω
combined	lbg_pairs.json	editorial_siglum	μαινιαοι	μαιν(ι)άω
combined	lbg_pairs.json	editorial_siglum	μαινιαοιεν	μαιν(ι)άω
combined	lbg_pairs.json	editorial_siglum	μαινιαοιμεθα	μαιν(ι)άω
combined	lbg_pairs.json	editorial_siglum	μαινιαοιμεν	μαιν(ι)άω
combined	lbg_pairs.json	editorial_siglum	μαινιαοιμην	μαιν(ι)άω
combined	lbg_pairs.json	editorial_siglum	μαινιαοιμι	μαιν(ι)άω
combined	lbg_pairs.json	editorial_siglum	μαινιαοιντο	μαιν(ι)άω
combined	lbg_pairs.json	editorial_siglum	μαινιαοιο	μαιν(ι)άω
combined	lbg_pairs.json	editorial_siglum	μαινιαοις	μαιν(ι)άω
combined	lbg_pairs.json	editorial_siglum	μαινιαοισθε	μαιν(ι)άω
combined	lbg_pairs.json	editorial_siglum	μαινιαοισθην	μαιν(ι)άω
combined	lbg_pairs.json	editorial_siglum	μαινιαοισθον	μαιν(ι)άω
combined	lbg_pairs.json	editorial_siglum	μαινιαοιτε	μαιν(ι)άω
combined	lbg_pairs.json	editorial_siglum	μαινιαοιτην	μαιν(ι)άω
combined	lbg_pairs.json	editorial_siglum	μαινιαοιτο	μαιν(ι)άω
combined	lbg_pairs.json	editorial_siglum	μαινιαοιτον	μαιν(ι)άω
combined	lbg_pairs.json	editorial_siglum	μαινιαομαι	μαιν(ι)άω
combined	lbg_pairs.json	editorial_siglum	μαινιαομεθα	μαιν(ι)άω
combined	lbg_pairs.json	editorial_siglum	μαινιαομεν	μαιν(ι)άω
combined	lbg_pairs.json	editorial_siglum	μαινιαομενη	μαιν(ι)άω
combined	lbg_pairs.json	editorial_siglum	μαινιαομενον	μαιν(ι)άω
combined	lbg_pairs.json	editorial_siglum	μαινιαομενος	μαιν(ι)άω
combined	lbg_pairs.json	editorial_siglum	μαινιαον	μαιν(ι)άω
combined	lbg_pairs.json	editorial_siglum	μαινιαονται	μαιν(ι)άω
combined	lbg_pairs.json	editorial_siglum	μαινιαοντων	μαιν(ι)άω
combined	lbg_pairs.json	editorial_siglum	μαινιαου	μαιν(ι)άω
combined	lbg_pairs.json	editorial_siglum	μαινιαουσα	μαιν(ι)άω
combined	lbg_pairs.json	editorial_siglum	μαινιας	μαιν(ι)άω
combined	lbg_pairs.json	editorial_siglum	μαινιασθαι	μαιν(ι)άω
combined	lbg_pairs.json	editorial_siglum	μαινιασθε	μαιν(ι)άω
combined	lbg_pairs.json	editorial_siglum	μαινιασθον	μαιν(ι)άω
combined	lbg_pairs.json	editorial_siglum	μαινιασθω	μαιν(ι)άω
combined	lbg_pairs.json	editorial_siglum	μαινιασθων	μαιν(ι)άω
combined	lbg_pairs.json	editorial_siglum	μαινιαται	μαιν(ι)άω
combined	lbg_pairs.json	editorial_siglum	μαινιατε	μαιν(ι)άω
combined	lbg_pairs.json	editorial_siglum	μαινιατον	μαιν(ι)άω
combined	lbg_pairs.json	editorial_siglum	μαινιατω	μαιν(ι)άω
combined	lbg_pairs.json	editorial_siglum	μαινιατων	μαιν(ι)άω
combined	lbg_pairs.json	editorial_siglum	μαινιαω	μαιν(ι)άω
combined	lbg_pairs.json	editorial_siglum	μαινιαωμαι	μαιν(ι)άω
combined	lbg_pairs.json	editorial_siglum	μαινιαωμεθα	μαιν(ι)άω
combined	lbg_pairs.json	editorial_siglum	μαινιαωμεν	μαιν(ι)άω
combined	lbg_pairs.json	editorial_siglum	μαινιαων	μαιν(ι)άω
combined	lbg_pairs.json	editorial_siglum	μαινιαωνται	μαιν(ι)άω
combined	lbg_pairs.json	editorial_siglum	μαινιω	μαιν(ι)άω
combined	lbg_pairs.json	editorial_siglum	μαινιωεν	μαιν(ι)άω
combined	lbg_pairs.json	editorial_siglum	μαινιωη	μαιν(ι)άω
combined	lbg_pairs.json	editorial_siglum	μαινιωημεν	μαιν(ι)άω
combined	lbg_pairs.json	editorial_siglum	μαινιωην	μαιν(ι)άω
combined	lbg_pairs.json	editorial_siglum	μαινιωης	μαιν(ι)άω
combined	lbg_pairs.json	editorial_siglum	μαινιωησαν	μαιν(ι)άω
combined	lbg_pairs.json	editorial_siglum	μαινιωητε	μαιν(ι)άω
combined	lbg_pairs.json	editorial_siglum	μαινιωητην	μαιν(ι)άω
combined	lbg_pairs.json	editorial_siglum	μαινιωητον	μαιν(ι)άω
combined	lbg_pairs.json	editorial_siglum	μαινιωμαι	μαιν(ι)άω
combined	lbg_pairs.json	editorial_siglum	μαινιωμεθα	μαιν(ι)άω
combined	lbg_pairs.json	editorial_siglum	μαινιωμεν	μαιν(ι)άω
combined	lbg_pairs.json	editorial_siglum	μαινιωμενη	μαιν(ι)άω
combined	lbg_pairs.json	editorial_siglum	μαινιωμενον	μαιν(ι)άω
combined	lbg_pairs.json	editorial_siglum	μαινιωμενος	μαιν(ι)άω
combined	lbg_pairs.json	editorial_siglum	μαινιωμην	μαιν(ι)άω
combined	lbg_pairs.json	editorial_siglum	μαινιωμι	μαιν(ι)άω
combined	lbg_pairs.json	editorial_siglum	μαινιων	μαιν(ι)άω
combined	lbg_pairs.json	editorial_siglum	μαινιωνται	μαιν(ι)άω
combined	lbg_pairs.json	editorial_siglum	μαινιωντο	μαιν(ι)άω
combined	lbg_pairs.json	editorial_siglum	μαινιωντων	μαιν(ι)άω
combined	lbg_pairs.json	editorial_siglum	μαινιωο	μαιν(ι)άω
combined	lbg_pairs.json	editorial_siglum	μαινιως	μαιν(ι)άω
combined	lbg_pairs.json	editorial_siglum	μαινιωσα	μαιν(ι)άω
combined	lbg_pairs.json	editorial_siglum	μαινιωσθε	μαιν(ι)άω
combined	lbg_pairs.json	editorial_siglum	μαινιωσθην	μαιν(ι)άω
combined	lbg_pairs.json	editorial_siglum	μαινιωσθον	μαιν(ι)άω
combined	lbg_pairs.json	editorial_siglum	μαινιωτε	μαιν(ι)άω
combined	lbg_pairs.json	editorial_siglum	μαινιωτην	μαιν(ι)άω
combined	lbg_pairs.json	editorial_siglum	μαινιωτο	μαιν(ι)άω
combined	lbg_pairs.json	editorial_siglum	μαινιωτον	μαιν(ι)άω
combined	lbg_pairs.json	editorial_siglum	μαινω	μαιν(ι)άω
combined	lbg_pairs.json	editorial_siglum	μαινωεν	μαιν(ι)άω
combined	lbg_pairs.json	editorial_siglum	μαινωη	μαιν(ι)άω
combined	lbg_pairs.json	editorial_siglum	μαινωημεν	μαιν(ι)άω
combined	lbg_pairs.json	editorial_siglum	μαινωην	μαιν(ι)άω
combined	lbg_pairs.json	editorial_siglum	μαινωης	μαιν(ι)άω
combined	lbg_pairs.json	editorial_siglum	μαινωησαν	μαιν(ι)άω
combined	lbg_pairs.json	editorial_siglum	μαινωητε	μαιν(ι)άω
combined	lbg_pairs.json	editorial_siglum	μαινωητην	μαιν(ι)άω
combined	lbg_pairs.json	editorial_siglum	μαινωητον	μαιν(ι)άω
combined	lbg_pairs.json	editorial_siglum	μαινωμεν	μαιν(ι)άω
combined	lbg_pairs.json	editorial_siglum	μαινωμενη	μαιν(ι)άω
combined	lbg_pairs.json	editorial_siglum	μαινωμενον	μαιν(ι)άω
combined	lbg_pairs.json	editorial_siglum	μαινωμενος	μαιν(ι)άω
combined	lbg_pairs.json	editorial_siglum	μαινωμην	μαιν(ι)άω
combined	lbg_pairs.json	editorial_siglum	μαινωμι	μαιν(ι)άω
combined	lbg_pairs.json	editorial_siglum	μαινωντο	μαιν(ι)άω
combined	lbg_pairs.json	editorial_siglum	μαινωντων	μαιν(ι)άω
combined	lbg_pairs.json	editorial_siglum	μαινωο	μαιν(ι)άω
combined	lbg_pairs.json	editorial_siglum	μαινως	μαιν(ι)άω
combined	lbg_pairs.json	editorial_siglum	μαινωσα	μαιν(ι)άω
combined	lbg_pairs.json	editorial_siglum	μαινωσθε	μαιν(ι)άω
combined	lbg_pairs.json	editorial_siglum	μαινωσθην	μαιν(ι)άω
combined	lbg_pairs.json	editorial_siglum	μαινωσθον	μαιν(ι)άω
combined	lbg_pairs.json	editorial_siglum	μαινωτε	μαιν(ι)άω
combined	lbg_pairs.json	editorial_siglum	μαινωτην	μαιν(ι)άω
combined	lbg_pairs.json	editorial_siglum	μαινωτο	μαιν(ι)άω
combined	lbg_pairs.json	editorial_siglum	μαινωτον	μαιν(ι)άω
combined	lbg_pairs.json	editorial_siglum	μανδατισα	μανδάτισ(σ)α
combined	lbg_pairs.json	editorial_siglum	μανδατισαι	μανδάτισ(σ)α
combined	lbg_pairs.json	editorial_siglum	μανδατισαιν	μανδάτισ(σ)α
combined	lbg_pairs.json	editorial_siglum	μανδατισαις	μανδάτισ(σ)α
combined	lbg_pairs.json	editorial_siglum	μανδατισαν	μανδάτισ(σ)α
combined	lbg_pairs.json	editorial_siglum	μανδατισας	μανδάτισ(σ)α
combined	lbg_pairs.json	editorial_siglum	μανδατισσα	μανδάτισ(σ)α
combined	lbg_pairs.json	editorial_siglum	μανδατισσαι	μανδάτισ(σ)α
combined	lbg_pairs.json	editorial_siglum	μανδατισσαιν	μανδάτισ(σ)α
combined	lbg_pairs.json	editorial_siglum	μανδατισσαις	μανδάτισ(σ)α
combined	lbg_pairs.json	editorial_siglum	μανδατισσαν	μανδάτισ(σ)α
combined	lbg_pairs.json	editorial_siglum	μανδατισσας	μανδάτισ(σ)α
combined	lbg_pairs.json	editorial_siglum	μανδατισσων	μανδάτισ(σ)α
combined	lbg_pairs.json	editorial_siglum	μανδατισων	μανδάτισ(σ)α
combined	lbg_pairs.json	editorial_siglum	μαξιλα	μαξίλ(λ)α
combined	lbg_pairs.json	editorial_siglum	μαξιλαι	μαξίλ(λ)α
combined	lbg_pairs.json	editorial_siglum	μαξιλαιν	μαξίλ(λ)α
combined	lbg_pairs.json	editorial_siglum	μαξιλαις	μαξίλ(λ)α
combined	lbg_pairs.json	editorial_siglum	μαξιλαν	μαξίλ(λ)α
combined	lbg_pairs.json	editorial_siglum	μαξιλας	μαξίλ(λ)α
combined	lbg_pairs.json	editorial_siglum	μαξιλλα	μαξίλ(λ)α
combined	lbg_pairs.json	editorial_siglum	μαξιλλαι	μαξίλ(λ)α
combined	lbg_pairs.json	editorial_siglum	μαξιλλαιν	μαξίλ(λ)α
combined	lbg_pairs.json	editorial_siglum	μαξιλλαις	μαξίλ(λ)α
combined	lbg_pairs.json	editorial_siglum	μαξιλλαν	μαξίλ(λ)α
combined	lbg_pairs.json	editorial_siglum	μαξιλλας	μαξίλ(λ)α
combined	lbg_pairs.json	editorial_siglum	μαξιλλων	μαξίλ(λ)α
combined	lbg_pairs.json	editorial_siglum	μαξιλων	μαξίλ(λ)α
combined	lbg_pairs.json	editorial_siglum	μαξιλαριοιν	μαξιλ(λ)άριον
combined	lbg_pairs.json	editorial_siglum	μαξιλαριοις	μαξιλ(λ)άριον
combined	lbg_pairs.json	editorial_siglum	μαξιλαριον	μαξιλ(λ)άριον
combined	lbg_pairs.json	editorial_siglum	μαξιλαριω	μαξιλ(λ)άριον
combined	lbg_pairs.json	editorial_siglum	μαξιλλαρια	μαξιλ(λ)άριον
combined	lbg_pairs.json	editorial_siglum	μαξιλλαριοιν	μαξιλ(λ)άριον
combined	lbg_pairs.json	editorial_siglum	μαξιλλαριοις	μαξιλ(λ)άριον
combined	lbg_pairs.json	editorial_siglum	μαξιλλαριου	μαξιλ(λ)άριον
combined	lbg_pairs.json	editorial_siglum	μαξιλλαριω	μαξιλ(λ)άριον
combined	lbg_pairs.json	editorial_siglum	μαξιλλαριων	μαξιλ(λ)άριον
combined	lbg_pairs.json	editorial_siglum	μαξιλαριε	μαξιλ(λ)άριος
combined	lbg_pairs.json	editorial_siglum	μαξιλαριοι	μαξιλ(λ)άριος
combined	lbg_pairs.json	editorial_siglum	μαξιλαριος	μαξιλ(λ)άριος
combined	lbg_pairs.json	editorial_siglum	μαξιλαριους	μαξιλ(λ)άριος
combined	lbg_pairs.json	editorial_siglum	μαξιλλαριε	μαξιλ(λ)άριος
combined	lbg_pairs.json	editorial_siglum	μαξιλλαριοι	μαξιλ(λ)άριος
combined	lbg_pairs.json	editorial_siglum	μαξιλλαριος	μαξιλ(λ)άριος
combined	lbg_pairs.json	editorial_siglum	μαξιλλαριους	μαξιλ(λ)άριος
combined	lbg_pairs.json	editorial_siglum	μαραθροριζα	μαραθρόρ(ρ)ιζον
combined	lbg_pairs.json	editorial_siglum	μαραθροριζοιν	μαραθρόρ(ρ)ιζον
combined	lbg_pairs.json	editorial_siglum	μαραθροριζοις	μαραθρόρ(ρ)ιζον
combined	lbg_pairs.json	editorial_siglum	μαραθροριζον	μαραθρόρ(ρ)ιζον
combined	lbg_pairs.json	editorial_siglum	μαραθροριζου	μαραθρόρ(ρ)ιζον
combined	lbg_pairs.json	editorial_siglum	μαραθροριζω	μαραθρόρ(ρ)ιζον
combined	lbg_pairs.json	editorial_siglum	μαραθροριζων	μαραθρόρ(ρ)ιζον
combined	lbg_pairs.json	editorial_siglum	μαραθρορριζα	μαραθρόρ(ρ)ιζον
combined	lbg_pairs.json	editorial_siglum	μαραθρορριζοιν	μαραθρόρ(ρ)ιζον
combined	lbg_pairs.json	editorial_siglum	μαραθρορριζοις	μαραθρόρ(ρ)ιζον
combined	lbg_pairs.json	editorial_siglum	μαραθρορριζον	μαραθρόρ(ρ)ιζον
combined	lbg_pairs.json	editorial_siglum	μαραθρορριζου	μαραθρόρ(ρ)ιζον
combined	lbg_pairs.json	editorial_siglum	μαραθρορριζω	μαραθρόρ(ρ)ιζον
combined	lbg_pairs.json	editorial_siglum	μαραθρορριζων	μαραθρόρ(ρ)ιζον
combined	lbg_pairs.json	editorial_siglum	μελισοχορτα	μελισ(σ)όχορτον
combined	lbg_pairs.json	editorial_siglum	μελισοχορτοιν	μελισ(σ)όχορτον
combined	lbg_pairs.json	editorial_siglum	μελισοχορτοις	μελισ(σ)όχορτον
combined	lbg_pairs.json	editorial_siglum	μελισοχορτον	μελισ(σ)όχορτον
combined	lbg_pairs.json	editorial_siglum	μελισοχορτου	μελισ(σ)όχορτον
combined	lbg_pairs.json	editorial_siglum	μελισοχορτω	μελισ(σ)όχορτον
combined	lbg_pairs.json	editorial_siglum	μελισοχορτων	μελισ(σ)όχορτον
combined	lbg_pairs.json	editorial_siglum	μελισσοχορτοιν	μελισ(σ)όχορτον
combined	lbg_pairs.json	editorial_siglum	μελισσοχορτοις	μελισ(σ)όχορτον
combined	lbg_pairs.json	editorial_siglum	μελισσοχορτον	μελισ(σ)όχορτον
combined	lbg_pairs.json	editorial_siglum	μελισσοχορτω	μελισ(σ)όχορτον
combined	lbg_pairs.json	editorial_siglum	μεταχρωννυε	μεταχρων(ν)ύω
combined	lbg_pairs.json	editorial_siglum	μεταχρωννυει	μεταχρων(ν)ύω
combined	lbg_pairs.json	editorial_siglum	μεταχρωννυειν	μεταχρων(ν)ύω
combined	lbg_pairs.json	editorial_siglum	μεταχρωννυεις	μεταχρων(ν)ύω
combined	lbg_pairs.json	editorial_siglum	μεταχρωννυεσθαι	μεταχρων(ν)ύω
combined	lbg_pairs.json	editorial_siglum	μεταχρωννυεσθε	μεταχρων(ν)ύω
combined	lbg_pairs.json	editorial_siglum	μεταχρωννυεσθον	μεταχρων(ν)ύω
combined	lbg_pairs.json	editorial_siglum	μεταχρωννυεσθω	μεταχρων(ν)ύω
combined	lbg_pairs.json	editorial_siglum	μεταχρωννυεσθων	μεταχρων(ν)ύω
combined	lbg_pairs.json	editorial_siglum	μεταχρωννυεται	μεταχρων(ν)ύω
combined	lbg_pairs.json	editorial_siglum	μεταχρωννυετε	μεταχρων(ν)ύω
combined	lbg_pairs.json	editorial_siglum	μεταχρωννυετον	μεταχρων(ν)ύω
combined	lbg_pairs.json	editorial_siglum	μεταχρωννυετω	μεταχρων(ν)ύω
combined	lbg_pairs.json	editorial_siglum	μεταχρωννυετων	μεταχρων(ν)ύω
combined	lbg_pairs.json	editorial_siglum	μεταχρωννυη	μεταχρων(ν)ύω
combined	lbg_pairs.json	editorial_siglum	μεταχρωννυης	μεταχρων(ν)ύω
combined	lbg_pairs.json	editorial_siglum	μεταχρωννυησθε	μεταχρων(ν)ύω
combined	lbg_pairs.json	editorial_siglum	μεταχρωννυησθον	μεταχρων(ν)ύω
combined	lbg_pairs.json	editorial_siglum	μεταχρωννυηται	μεταχρων(ν)ύω
combined	lbg_pairs.json	editorial_siglum	μεταχρωννυητε	μεταχρων(ν)ύω
combined	lbg_pairs.json	editorial_siglum	μεταχρωννυητον	μεταχρων(ν)ύω
combined	lbg_pairs.json	editorial_siglum	μεταχρωννυοι	μεταχρων(ν)ύω
combined	lbg_pairs.json	editorial_siglum	μεταχρωννυοιεν	μεταχρων(ν)ύω
combined	lbg_pairs.json	editorial_siglum	μεταχρωννυοιμεθα	μεταχρων(ν)ύω
combined	lbg_pairs.json	editorial_siglum	μεταχρωννυοιμεν	μεταχρων(ν)ύω
combined	lbg_pairs.json	editorial_siglum	μεταχρωννυοιμην	μεταχρων(ν)ύω
combined	lbg_pairs.json	editorial_siglum	μεταχρωννυοιμι	μεταχρων(ν)ύω
combined	lbg_pairs.json	editorial_siglum	μεταχρωννυοιντο	μεταχρων(ν)ύω
combined	lbg_pairs.json	editorial_siglum	μεταχρωννυοιο	μεταχρων(ν)ύω
combined	lbg_pairs.json	editorial_siglum	μεταχρωννυοις	μεταχρων(ν)ύω
combined	lbg_pairs.json	editorial_siglum	μεταχρωννυοισθε	μεταχρων(ν)ύω
combined	lbg_pairs.json	editorial_siglum	μεταχρωννυοισθην	μεταχρων(ν)ύω
combined	lbg_pairs.json	editorial_siglum	μεταχρωννυοισθον	μεταχρων(ν)ύω
combined	lbg_pairs.json	editorial_siglum	μεταχρωννυοιτε	μεταχρων(ν)ύω
combined	lbg_pairs.json	editorial_siglum	μεταχρωννυοιτην	μεταχρων(ν)ύω
combined	lbg_pairs.json	editorial_siglum	μεταχρωννυοιτο	μεταχρων(ν)ύω
combined	lbg_pairs.json	editorial_siglum	μεταχρωννυοιτον	μεταχρων(ν)ύω
combined	lbg_pairs.json	editorial_siglum	μεταχρωννυομαι	μεταχρων(ν)ύω
combined	lbg_pairs.json	editorial_siglum	μεταχρωννυομεθα	μεταχρων(ν)ύω
combined	lbg_pairs.json	editorial_siglum	μεταχρωννυομεν	μεταχρων(ν)ύω
combined	lbg_pairs.json	editorial_siglum	μεταχρωννυομενη	μεταχρων(ν)ύω
combined	lbg_pairs.json	editorial_siglum	μεταχρωννυομενον	μεταχρων(ν)ύω
combined	lbg_pairs.json	editorial_siglum	μεταχρωννυομενος	μεταχρων(ν)ύω
combined	lbg_pairs.json	editorial_siglum	μεταχρωννυον	μεταχρων(ν)ύω
combined	lbg_pairs.json	editorial_siglum	μεταχρωννυονται	μεταχρων(ν)ύω
combined	lbg_pairs.json	editorial_siglum	μεταχρωννυοντων	μεταχρων(ν)ύω
combined	lbg_pairs.json	editorial_siglum	μεταχρωννυου	μεταχρων(ν)ύω
combined	lbg_pairs.json	editorial_siglum	μεταχρωννυουσα	μεταχρων(ν)ύω
combined	lbg_pairs.json	editorial_siglum	μεταχρωννυω	μεταχρων(ν)ύω
combined	lbg_pairs.json	editorial_siglum	μεταχρωννυωμαι	μεταχρων(ν)ύω
combined	lbg_pairs.json	editorial_siglum	μεταχρωννυωμεθα	μεταχρων(ν)ύω
combined	lbg_pairs.json	editorial_siglum	μεταχρωννυωμεν	μεταχρων(ν)ύω
combined	lbg_pairs.json	editorial_siglum	μεταχρωννυων	μεταχρων(ν)ύω
combined	lbg_pairs.json	editorial_siglum	μεταχρωννυωνται	μεταχρων(ν)ύω
combined	lbg_pairs.json	editorial_siglum	μεταχρωνυε	μεταχρων(ν)ύω
combined	lbg_pairs.json	editorial_siglum	μεταχρωνυει	μεταχρων(ν)ύω
combined	lbg_pairs.json	editorial_siglum	μεταχρωνυειν	μεταχρων(ν)ύω
combined	lbg_pairs.json	editorial_siglum	μεταχρωνυεις	μεταχρων(ν)ύω
combined	lbg_pairs.json	editorial_siglum	μεταχρωνυεσθαι	μεταχρων(ν)ύω
combined	lbg_pairs.json	editorial_siglum	μεταχρωνυεσθε	μεταχρων(ν)ύω
combined	lbg_pairs.json	editorial_siglum	μεταχρωνυεσθον	μεταχρων(ν)ύω
combined	lbg_pairs.json	editorial_siglum	μεταχρωνυεσθω	μεταχρων(ν)ύω
combined	lbg_pairs.json	editorial_siglum	μεταχρωνυεσθων	μεταχρων(ν)ύω
combined	lbg_pairs.json	editorial_siglum	μεταχρωνυεται	μεταχρων(ν)ύω
combined	lbg_pairs.json	editorial_siglum	μεταχρωνυετε	μεταχρων(ν)ύω
combined	lbg_pairs.json	editorial_siglum	μεταχρωνυετον	μεταχρων(ν)ύω
combined	lbg_pairs.json	editorial_siglum	μεταχρωνυετω	μεταχρων(ν)ύω
combined	lbg_pairs.json	editorial_siglum	μεταχρωνυετων	μεταχρων(ν)ύω
combined	lbg_pairs.json	editorial_siglum	μεταχρωνυομαι	μεταχρων(ν)ύω
combined	lbg_pairs.json	editorial_siglum	μεταχρωνυομεθα	μεταχρων(ν)ύω
combined	lbg_pairs.json	editorial_siglum	μεταχρωνυομεν	μεταχρων(ν)ύω
combined	lbg_pairs.json	editorial_siglum	μεταχρωνυομενη	μεταχρων(ν)ύω
combined	lbg_pairs.json	editorial_siglum	μεταχρωνυομενον	μεταχρων(ν)ύω
combined	lbg_pairs.json	editorial_siglum	μεταχρωνυομενος	μεταχρων(ν)ύω
combined	lbg_pairs.json	editorial_siglum	μεταχρωνυον	μεταχρων(ν)ύω
combined	lbg_pairs.json	editorial_siglum	μεταχρωνυονται	μεταχρων(ν)ύω
combined	lbg_pairs.json	editorial_siglum	μεταχρωνυοντων	μεταχρων(ν)ύω
combined	lbg_pairs.json	editorial_siglum	μεταχρωνυου	μεταχρων(ν)ύω
combined	lbg_pairs.json	editorial_siglum	μεταχρωνυουσα	μεταχρων(ν)ύω
combined	lbg_pairs.json	editorial_siglum	μεταχρωνυων	μεταχρων(ν)ύω
combined	lbg_pairs.json	editorial_siglum	μυτζοκοκα	μυτζόκοκ(κ)ον
combined	lbg_pairs.json	editorial_siglum	μυτζοκοκκα	μυτζόκοκ(κ)ον
combined	lbg_pairs.json	editorial_siglum	μυτζοκοκκοιν	μυτζόκοκ(κ)ον
combined	lbg_pairs.json	editorial_siglum	μυτζοκοκκοις	μυτζόκοκ(κ)ον
combined	lbg_pairs.json	editorial_siglum	μυτζοκοκκον	μυτζόκοκ(κ)ον
combined	lbg_pairs.json	editorial_siglum	μυτζοκοκκου	μυτζόκοκ(κ)ον
combined	lbg_pairs.json	editorial_siglum	μυτζοκοκκω	μυτζόκοκ(κ)ον
combined	lbg_pairs.json	editorial_siglum	μυτζοκοκκων	μυτζόκοκ(κ)ον
combined	lbg_pairs.json	editorial_siglum	μυτζοκοκοιν	μυτζόκοκ(κ)ον
combined	lbg_pairs.json	editorial_siglum	μυτζοκοκοις	μυτζόκοκ(κ)ον
combined	lbg_pairs.json	editorial_siglum	μυτζοκοκον	μυτζόκοκ(κ)ον
combined	lbg_pairs.json	editorial_siglum	μυτζοκοκου	μυτζόκοκ(κ)ον
combined	lbg_pairs.json	editorial_siglum	μυτζοκοκω	μυτζόκοκ(κ)ον
combined	lbg_pairs.json	editorial_siglum	μυτζοκοκων	μυτζόκοκ(κ)ον
combined	lbg_pairs.json	editorial_siglum	νιταρια	νιτ(τ)άριον
combined	lbg_pairs.json	editorial_siglum	νιταριοιν	νιτ(τ)άριον
combined	lbg_pairs.json	editorial_siglum	νιταριοις	νιτ(τ)άριον
combined	lbg_pairs.json	editorial_siglum	νιταριον	νιτ(τ)άριον
combined	lbg_pairs.json	editorial_siglum	νιταριου	νιτ(τ)άριον
combined	lbg_pairs.json	editorial_siglum	νιταριω	νιτ(τ)άριον
combined	lbg_pairs.json	editorial_siglum	νιταριων	νιτ(τ)άριον
combined	lbg_pairs.json	editorial_siglum	νιτταρια	νιτ(τ)άριον
combined	lbg_pairs.json	editorial_siglum	νιτταριοιν	νιτ(τ)άριον
combined	lbg_pairs.json	editorial_siglum	νιτταριοις	νιτ(τ)άριον
combined	lbg_pairs.json	editorial_siglum	νιτταριον	νιτ(τ)άριον
combined	lbg_pairs.json	editorial_siglum	νιτταριου	νιτ(τ)άριον
combined	lbg_pairs.json	editorial_siglum	νιτταριω	νιτ(τ)άριον
combined	lbg_pairs.json	editorial_siglum	νιτταριων	νιτ(τ)άριον
combined	lbg_pairs.json	editorial_siglum	ξηρορρυακα	ξηρορ(ρ)ύακον
combined	lbg_pairs.json	editorial_siglum	ξηρορρυακοιν	ξηρορ(ρ)ύακον
combined	lbg_pairs.json	editorial_siglum	ξηρορρυακοις	ξηρορ(ρ)ύακον
combined	lbg_pairs.json	editorial_siglum	ξηρορρυακον	ξηρορ(ρ)ύακον
combined	lbg_pairs.json	editorial_siglum	ξηρορρυακου	ξηρορ(ρ)ύακον
combined	lbg_pairs.json	editorial_siglum	ξηρορρυακω	ξηρορ(ρ)ύακον
combined	lbg_pairs.json	editorial_siglum	ξηρορρυακων	ξηρορ(ρ)ύακον
combined	lbg_pairs.json	editorial_siglum	ξηρορυακα	ξηρορ(ρ)ύακον
combined	lbg_pairs.json	editorial_siglum	ξηρορυακοιν	ξηρορ(ρ)ύακον
combined	lbg_pairs.json	editorial_siglum	ξηρορυακοις	ξηρορ(ρ)ύακον
combined	lbg_pairs.json	editorial_siglum	ξηρορυακον	ξηρορ(ρ)ύακον
combined	lbg_pairs.json	editorial_siglum	ξηρορυακου	ξηρορ(ρ)ύακον
combined	lbg_pairs.json	editorial_siglum	ξηρορυακω	ξηρορ(ρ)ύακον
combined	lbg_pairs.json	editorial_siglum	ξηρορυακων	ξηρορ(ρ)ύακον
combined	lbg_pairs.json	editorial_siglum	ξηρορρυακας	ξηρορ(ρ)ύαξ
combined	lbg_pairs.json	editorial_siglum	ξηρορρυακε	ξηρορ(ρ)ύαξ
combined	lbg_pairs.json	editorial_siglum	ξηρορρυακες	ξηρορ(ρ)ύαξ
combined	lbg_pairs.json	editorial_siglum	ξηρορρυακι	ξηρορ(ρ)ύαξ
combined	lbg_pairs.json	editorial_siglum	ξηρορρυακος	ξηρορ(ρ)ύαξ
combined	lbg_pairs.json	editorial_siglum	ξηρορρυαξ	ξηρορ(ρ)ύαξ
combined	lbg_pairs.json	editorial_siglum	ξηρορρυαξι	ξηρορ(ρ)ύαξ
combined	lbg_pairs.json	editorial_siglum	ξηρορρυαξιν	ξηρορ(ρ)ύαξ
combined	lbg_pairs.json	editorial_siglum	ξηρορυακας	ξηρορ(ρ)ύαξ
combined	lbg_pairs.json	editorial_siglum	ξηρορυακε	ξηρορ(ρ)ύαξ
combined	lbg_pairs.json	editorial_siglum	ξηρορυακες	ξηρορ(ρ)ύαξ
combined	lbg_pairs.json	editorial_siglum	ξηρορυακι	ξηρορ(ρ)ύαξ
combined	lbg_pairs.json	editorial_siglum	ξηρορυακος	ξηρορ(ρ)ύαξ
combined	lbg_pairs.json	editorial_siglum	ξηρορυαξ	ξηρορ(ρ)ύαξ
combined	lbg_pairs.json	editorial_siglum	ξηρορυαξι	ξηρορ(ρ)ύαξ
combined	lbg_pairs.json	editorial_siglum	ξηρορυαξιν	ξηρορ(ρ)ύαξ
combined	lbg_pairs.json	editorial_siglum	ξηροχειμαρε	ξηροχείμαρ(ρ)ος
combined	lbg_pairs.json	editorial_siglum	ξηροχειμαροι	ξηροχείμαρ(ρ)ος
combined	lbg_pairs.json	editorial_siglum	ξηροχειμαροιν	ξηροχείμαρ(ρ)ος
combined	lbg_pairs.json	editorial_siglum	ξηροχειμαροις	ξηροχείμαρ(ρ)ος
combined	lbg_pairs.json	editorial_siglum	ξηροχειμαρον	ξηροχείμαρ(ρ)ος
combined	lbg_pairs.json	editorial_siglum	ξηροχειμαρος	ξηροχείμαρ(ρ)ος
combined	lbg_pairs.json	editorial_siglum	ξηροχειμαρου	ξηροχείμαρ(ρ)ος
combined	lbg_pairs.json	editorial_siglum	ξηροχειμαρους	ξηροχείμαρ(ρ)ος
combined	lbg_pairs.json	editorial_siglum	ξηροχειμαρρε	ξηροχείμαρ(ρ)ος
combined	lbg_pairs.json	editorial_siglum	ξηροχειμαρροι	ξηροχείμαρ(ρ)ος
combined	lbg_pairs.json	editorial_siglum	ξηροχειμαρροιν	ξηροχείμαρ(ρ)ος
combined	lbg_pairs.json	editorial_siglum	ξηροχειμαρροις	ξηροχείμαρ(ρ)ος
combined	lbg_pairs.json	editorial_siglum	ξηροχειμαρρον	ξηροχείμαρ(ρ)ος
combined	lbg_pairs.json	editorial_siglum	ξηροχειμαρρος	ξηροχείμαρ(ρ)ος
combined	lbg_pairs.json	editorial_siglum	ξηροχειμαρρου	ξηροχείμαρ(ρ)ος
combined	lbg_pairs.json	editorial_siglum	ξηροχειμαρρους	ξηροχείμαρ(ρ)ος
combined	lbg_pairs.json	editorial_siglum	ξηροχειμαρρω	ξηροχείμαρ(ρ)ος
combined	lbg_pairs.json	editorial_siglum	ξηροχειμαρρων	ξηροχείμαρ(ρ)ος
combined	lbg_pairs.json	editorial_siglum	ξηροχειμαρω	ξηροχείμαρ(ρ)ος
combined	lbg_pairs.json	editorial_siglum	ξηροχειμαρων	ξηροχείμαρ(ρ)ος
combined	lbg_pairs.json	editorial_siglum	ουιγκλιδια	οὐιγ(κ)λίδιον
combined	lbg_pairs.json	editorial_siglum	ουιγκλιδιοιν	οὐιγ(κ)λίδιον
combined	lbg_pairs.json	editorial_siglum	ουιγκλιδιοις	οὐιγ(κ)λίδιον
combined	lbg_pairs.json	editorial_siglum	ουιγκλιδιον	οὐιγ(κ)λίδιον
combined	lbg_pairs.json	editorial_siglum	ουιγκλιδιου	οὐιγ(κ)λίδιον
combined	lbg_pairs.json	editorial_siglum	ουιγκλιδιω	οὐιγ(κ)λίδιον
combined	lbg_pairs.json	editorial_siglum	ουιγκλιδιων	οὐιγ(κ)λίδιον
combined	lbg_pairs.json	editorial_siglum	ουιγλιδια	οὐιγ(κ)λίδιον
combined	lbg_pairs.json	editorial_siglum	ουιγλιδιοιν	οὐιγ(κ)λίδιον
combined	lbg_pairs.json	editorial_siglum	ουιγλιδιοις	οὐιγ(κ)λίδιον
combined	lbg_pairs.json	editorial_siglum	ουιγλιδιον	οὐιγ(κ)λίδιον
combined	lbg_pairs.json	editorial_siglum	ουιγλιδιου	οὐιγ(κ)λίδιον
combined	lbg_pairs.json	editorial_siglum	ουιγλιδιω	οὐιγ(κ)λίδιον
combined	lbg_pairs.json	editorial_siglum	ουιγλιδιων	οὐιγ(κ)λίδιον
combined	lbg_pairs.json	editorial_siglum	παντοκρατορισα	παντοκρατόρισ(σ)α
combined	lbg_pairs.json	editorial_siglum	παντοκρατορισαι	παντοκρατόρισ(σ)α
combined	lbg_pairs.json	editorial_siglum	παντοκρατορισαιν	παντοκρατόρισ(σ)α
combined	lbg_pairs.json	editorial_siglum	παντοκρατορισαις	παντοκρατόρισ(σ)α
combined	lbg_pairs.json	editorial_siglum	παντοκρατορισαν	παντοκρατόρισ(σ)α
combined	lbg_pairs.json	editorial_siglum	παντοκρατορισας	παντοκρατόρισ(σ)α
combined	lbg_pairs.json	editorial_siglum	παντοκρατορισσα	παντοκρατόρισ(σ)α
combined	lbg_pairs.json	editorial_siglum	παντοκρατορισσαι	παντοκρατόρισ(σ)α
combined	lbg_pairs.json	editorial_siglum	παντοκρατορισσαιν	παντοκρατόρισ(σ)α
combined	lbg_pairs.json	editorial_siglum	παντοκρατορισσαις	παντοκρατόρισ(σ)α
combined	lbg_pairs.json	editorial_siglum	παντοκρατορισσαν	παντοκρατόρισ(σ)α
combined	lbg_pairs.json	editorial_siglum	παντοκρατορισσας	παντοκρατόρισ(σ)α
combined	lbg_pairs.json	editorial_siglum	παντοκρατορισσων	παντοκρατόρισ(σ)α
combined	lbg_pairs.json	editorial_siglum	παντοκρατορισων	παντοκρατόρισ(σ)α
combined	lbg_pairs.json	editorial_siglum	παντορημοσυνα	παντορ(ρ)ημοσύνη
combined	lbg_pairs.json	editorial_siglum	παντορημοσυναι	παντορ(ρ)ημοσύνη
combined	lbg_pairs.json	editorial_siglum	παντορημοσυναιν	παντορ(ρ)ημοσύνη
combined	lbg_pairs.json	editorial_siglum	παντορημοσυναις	παντορ(ρ)ημοσύνη
combined	lbg_pairs.json	editorial_siglum	παντορημοσυνας	παντορ(ρ)ημοσύνη
combined	lbg_pairs.json	editorial_siglum	παντορημοσυνη	παντορ(ρ)ημοσύνη
combined	lbg_pairs.json	editorial_siglum	παντορημοσυνην	παντορ(ρ)ημοσύνη
combined	lbg_pairs.json	editorial_siglum	παντορημοσυνης	παντορ(ρ)ημοσύνη
combined	lbg_pairs.json	editorial_siglum	παντορημοσυνων	παντορ(ρ)ημοσύνη
combined	lbg_pairs.json	editorial_siglum	παντορρημοσυνα	παντορ(ρ)ημοσύνη
combined	lbg_pairs.json	editorial_siglum	παντορρημοσυναι	παντορ(ρ)ημοσύνη
combined	lbg_pairs.json	editorial_siglum	παντορρημοσυναιν	παντορ(ρ)ημοσύνη
combined	lbg_pairs.json	editorial_siglum	παντορρημοσυναις	παντορ(ρ)ημοσύνη
combined	lbg_pairs.json	editorial_siglum	παντορρημοσυνας	παντορ(ρ)ημοσύνη
combined	lbg_pairs.json	editorial_siglum	παντορρημοσυνη	παντορ(ρ)ημοσύνη
combined	lbg_pairs.json	editorial_siglum	παντορρημοσυνην	παντορ(ρ)ημοσύνη
combined	lbg_pairs.json	editorial_siglum	παντορρημοσυνης	παντορ(ρ)ημοσύνη
combined	lbg_pairs.json	editorial_siglum	παντορρημοσυνων	παντορ(ρ)ημοσύνη
combined	lbg_pairs.json	editorial_siglum	παρακατεασε	παρακατεάσ(σ)ω
combined	lbg_pairs.json	editorial_siglum	παρακατεασει	παρακατεάσ(σ)ω
combined	lbg_pairs.json	editorial_siglum	παρακατεασειν	παρακατεάσ(σ)ω
combined	lbg_pairs.json	editorial_siglum	παρακατεασεις	παρακατεάσ(σ)ω
combined	lbg_pairs.json	editorial_siglum	παρακατεασεσθαι	παρακατεάσ(σ)ω
combined	lbg_pairs.json	editorial_siglum	παρακατεασεσθε	παρακατεάσ(σ)ω
combined	lbg_pairs.json	editorial_siglum	παρακατεασεσθον	παρακατεάσ(σ)ω
combined	lbg_pairs.json	editorial_siglum	παρακατεασεσθω	παρακατεάσ(σ)ω
combined	lbg_pairs.json	editorial_siglum	παρακατεασεσθων	παρακατεάσ(σ)ω
combined	lbg_pairs.json	editorial_siglum	παρακατεασεται	παρακατεάσ(σ)ω
combined	lbg_pairs.json	editorial_siglum	παρακατεασετε	παρακατεάσ(σ)ω
combined	lbg_pairs.json	editorial_siglum	παρακατεασετον	παρακατεάσ(σ)ω
combined	lbg_pairs.json	editorial_siglum	παρακατεασετω	παρακατεάσ(σ)ω
combined	lbg_pairs.json	editorial_siglum	παρακατεασετων	παρακατεάσ(σ)ω
combined	lbg_pairs.json	editorial_siglum	παρακατεαση	παρακατεάσ(σ)ω
combined	lbg_pairs.json	editorial_siglum	παρακατεασης	παρακατεάσ(σ)ω
combined	lbg_pairs.json	editorial_siglum	παρακατεασησθε	παρακατεάσ(σ)ω
combined	lbg_pairs.json	editorial_siglum	παρακατεασησθον	παρακατεάσ(σ)ω
combined	lbg_pairs.json	editorial_siglum	παρακατεασηται	παρακατεάσ(σ)ω
combined	lbg_pairs.json	editorial_siglum	παρακατεασητε	παρακατεάσ(σ)ω
combined	lbg_pairs.json	editorial_siglum	παρακατεασητον	παρακατεάσ(σ)ω
combined	lbg_pairs.json	editorial_siglum	παρακατεασοι	παρακατεάσ(σ)ω
combined	lbg_pairs.json	editorial_siglum	παρακατεασοιεν	παρακατεάσ(σ)ω
combined	lbg_pairs.json	editorial_siglum	παρακατεασοιμεθα	παρακατεάσ(σ)ω
combined	lbg_pairs.json	editorial_siglum	παρακατεασοιμεν	παρακατεάσ(σ)ω
combined	lbg_pairs.json	editorial_siglum	παρακατεασοιμην	παρακατεάσ(σ)ω
combined	lbg_pairs.json	editorial_siglum	παρακατεασοιμι	παρακατεάσ(σ)ω
combined	lbg_pairs.json	editorial_siglum	παρακατεασοιντο	παρακατεάσ(σ)ω
combined	lbg_pairs.json	editorial_siglum	παρακατεασοιο	παρακατεάσ(σ)ω
combined	lbg_pairs.json	editorial_siglum	παρακατεασοις	παρακατεάσ(σ)ω
combined	lbg_pairs.json	editorial_siglum	παρακατεασοισθε	παρακατεάσ(σ)ω
combined	lbg_pairs.json	editorial_siglum	παρακατεασοισθην	παρακατεάσ(σ)ω
combined	lbg_pairs.json	editorial_siglum	παρακατεασοισθον	παρακατεάσ(σ)ω
combined	lbg_pairs.json	editorial_siglum	παρακατεασοιτε	παρακατεάσ(σ)ω
combined	lbg_pairs.json	editorial_siglum	παρακατεασοιτην	παρακατεάσ(σ)ω
combined	lbg_pairs.json	editorial_siglum	παρακατεασοιτο	παρακατεάσ(σ)ω
combined	lbg_pairs.json	editorial_siglum	παρακατεασοιτον	παρακατεάσ(σ)ω
combined	lbg_pairs.json	editorial_siglum	παρακατεασομαι	παρακατεάσ(σ)ω
combined	lbg_pairs.json	editorial_siglum	παρακατεασομεθα	παρακατεάσ(σ)ω
combined	lbg_pairs.json	editorial_siglum	παρακατεασομεν	παρακατεάσ(σ)ω
combined	lbg_pairs.json	editorial_siglum	παρακατεασομενη	παρακατεάσ(σ)ω
combined	lbg_pairs.json	editorial_siglum	παρακατεασομενον	παρακατεάσ(σ)ω
combined	lbg_pairs.json	editorial_siglum	παρακατεασομενος	παρακατεάσ(σ)ω
combined	lbg_pairs.json	editorial_siglum	παρακατεασον	παρακατεάσ(σ)ω
combined	lbg_pairs.json	editorial_siglum	παρακατεασονται	παρακατεάσ(σ)ω
combined	lbg_pairs.json	editorial_siglum	παρακατεασοντων	παρακατεάσ(σ)ω
combined	lbg_pairs.json	editorial_siglum	παρακατεασου	παρακατεάσ(σ)ω
combined	lbg_pairs.json	editorial_siglum	παρακατεασουσα	παρακατεάσ(σ)ω
combined	lbg_pairs.json	editorial_siglum	παρακατεασσε	παρακατεάσ(σ)ω
combined	lbg_pairs.json	editorial_siglum	παρακατεασσει	παρακατεάσ(σ)ω
combined	lbg_pairs.json	editorial_siglum	παρακατεασσειν	παρακατεάσ(σ)ω
combined	lbg_pairs.json	editorial_siglum	παρακατεασσεις	παρακατεάσ(σ)ω
combined	lbg_pairs.json	editorial_siglum	παρακατεασσεσθαι	παρακατεάσ(σ)ω
combined	lbg_pairs.json	editorial_siglum	παρακατεασσεσθε	παρακατεάσ(σ)ω
combined	lbg_pairs.json	editorial_siglum	παρακατεασσεσθον	παρακατεάσ(σ)ω
combined	lbg_pairs.json	editorial_siglum	παρακατεασσεσθω	παρακατεάσ(σ)ω
combined	lbg_pairs.json	editorial_siglum	παρακατεασσεσθων	παρακατεάσ(σ)ω
combined	lbg_pairs.json	editorial_siglum	παρακατεασσεται	παρακατεάσ(σ)ω
combined	lbg_pairs.json	editorial_siglum	παρακατεασσετε	παρακατεάσ(σ)ω
combined	lbg_pairs.json	editorial_siglum	παρακατεασσετον	παρακατεάσ(σ)ω
combined	lbg_pairs.json	editorial_siglum	παρακατεασσετω	παρακατεάσ(σ)ω
combined	lbg_pairs.json	editorial_siglum	παρακατεασσετων	παρακατεάσ(σ)ω
combined	lbg_pairs.json	editorial_siglum	παρακατεασση	παρακατεάσ(σ)ω
combined	lbg_pairs.json	editorial_siglum	παρακατεασσης	παρακατεάσ(σ)ω
combined	lbg_pairs.json	editorial_siglum	παρακατεασσησθε	παρακατεάσ(σ)ω
combined	lbg_pairs.json	editorial_siglum	παρακατεασσησθον	παρακατεάσ(σ)ω
combined	lbg_pairs.json	editorial_siglum	παρακατεασσηται	παρακατεάσ(σ)ω
combined	lbg_pairs.json	editorial_siglum	παρακατεασσητε	παρακατεάσ(σ)ω
combined	lbg_pairs.json	editorial_siglum	παρακατεασσητον	παρακατεάσ(σ)ω
combined	lbg_pairs.json	editorial_siglum	παρακατεασσοι	παρακατεάσ(σ)ω
combined	lbg_pairs.json	editorial_siglum	παρακατεασσοιεν	παρακατεάσ(σ)ω
combined	lbg_pairs.json	editorial_siglum	παρακατεασσοιμεθα	παρακατεάσ(σ)ω
combined	lbg_pairs.json	editorial_siglum	παρακατεασσοιμεν	παρακατεάσ(σ)ω
combined	lbg_pairs.json	editorial_siglum	παρακατεασσοιμην	παρακατεάσ(σ)ω
combined	lbg_pairs.json	editorial_siglum	παρακατεασσοιμι	παρακατεάσ(σ)ω
combined	lbg_pairs.json	editorial_siglum	παρακατεασσοιντο	παρακατεάσ(σ)ω
combined	lbg_pairs.json	editorial_siglum	παρακατεασσοιο	παρακατεάσ(σ)ω
combined	lbg_pairs.json	editorial_siglum	παρακατεασσοις	παρακατεάσ(σ)ω
combined	lbg_pairs.json	editorial_siglum	παρακατεασσοισθε	παρακατεάσ(σ)ω
combined	lbg_pairs.json	editorial_siglum	παρακατεασσοισθην	παρακατεάσ(σ)ω
combined	lbg_pairs.json	editorial_siglum	παρακατεασσοισθον	παρακατεάσ(σ)ω
combined	lbg_pairs.json	editorial_siglum	παρακατεασσοιτε	παρακατεάσ(σ)ω
combined	lbg_pairs.json	editorial_siglum	παρακατεασσοιτην	παρακατεάσ(σ)ω
combined	lbg_pairs.json	editorial_siglum	παρακατεασσοιτο	παρακατεάσ(σ)ω
combined	lbg_pairs.json	editorial_siglum	παρακατεασσοιτον	παρακατεάσ(σ)ω
combined	lbg_pairs.json	editorial_siglum	παρακατεασσομαι	παρακατεάσ(σ)ω
combined	lbg_pairs.json	editorial_siglum	παρακατεασσομεθα	παρακατεάσ(σ)ω
combined	lbg_pairs.json	editorial_siglum	παρακατεασσομεν	παρακατεάσ(σ)ω
combined	lbg_pairs.json	editorial_siglum	παρακατεασσομενη	παρακατεάσ(σ)ω
combined	lbg_pairs.json	editorial_siglum	παρακατεασσομενον	παρακατεάσ(σ)ω
combined	lbg_pairs.json	editorial_siglum	παρακατεασσομενος	παρακατεάσ(σ)ω
combined	lbg_pairs.json	editorial_siglum	παρακατεασσον	παρακατεάσ(σ)ω
combined	lbg_pairs.json	editorial_siglum	παρακατεασσονται	παρακατεάσ(σ)ω
combined	lbg_pairs.json	editorial_siglum	παρακατεασσοντων	παρακατεάσ(σ)ω
combined	lbg_pairs.json	editorial_siglum	παρακατεασσου	παρακατεάσ(σ)ω
combined	lbg_pairs.json	editorial_siglum	παρακατεασσουσα	παρακατεάσ(σ)ω
combined	lbg_pairs.json	editorial_siglum	παρακατεασσω	παρακατεάσ(σ)ω
combined	lbg_pairs.json	editorial_siglum	παρακατεασσωμαι	παρακατεάσ(σ)ω
combined	lbg_pairs.json	editorial_siglum	παρακατεασσωμεθα	παρακατεάσ(σ)ω
combined	lbg_pairs.json	editorial_siglum	παρακατεασσωμεν	παρακατεάσ(σ)ω
combined	lbg_pairs.json	editorial_siglum	παρακατεασσων	παρακατεάσ(σ)ω
combined	lbg_pairs.json	editorial_siglum	παρακατεασσωνται	παρακατεάσ(σ)ω
combined	lbg_pairs.json	editorial_siglum	παρακατεασω	παρακατεάσ(σ)ω
combined	lbg_pairs.json	editorial_siglum	παρακατεασωμαι	παρακατεάσ(σ)ω
combined	lbg_pairs.json	editorial_siglum	παρακατεασωμεθα	παρακατεάσ(σ)ω
combined	lbg_pairs.json	editorial_siglum	παρακατεασωμεν	παρακατεάσ(σ)ω
combined	lbg_pairs.json	editorial_siglum	παρακατεασων	παρακατεάσ(σ)ω
combined	lbg_pairs.json	editorial_siglum	παρακατεασωνται	παρακατεάσ(σ)ω
combined	lbg_pairs.json	editorial_siglum	πλενα	πλέν(ν)α
combined	lbg_pairs.json	editorial_siglum	πλεναι	πλέν(ν)α
combined	lbg_pairs.json	editorial_siglum	πλεναιν	πλέν(ν)α
combined	lbg_pairs.json	editorial_siglum	πλεναις	πλέν(ν)α
combined	lbg_pairs.json	editorial_siglum	πλενναι	πλέν(ν)α
combined	lbg_pairs.json	editorial_siglum	πλενναιν	πλέν(ν)α
combined	lbg_pairs.json	editorial_siglum	πλενναις	πλέν(ν)α
combined	lbg_pairs.json	editorial_siglum	πλενναν	πλέν(ν)α
combined	lbg_pairs.json	editorial_siglum	πλεννας	πλέν(ν)α
combined	lbg_pairs.json	editorial_siglum	πλεννων	πλέν(ν)α
combined	lbg_pairs.json	editorial_siglum	πλενων	πλέν(ν)α
combined	lbg_pairs.json	editorial_siglum	πορταιτισα	πορταΐτισ(σ)α
combined	lbg_pairs.json	editorial_siglum	πορταιτισαι	πορταΐτισ(σ)α
combined	lbg_pairs.json	editorial_siglum	πορταιτισαιν	πορταΐτισ(σ)α
combined	lbg_pairs.json	editorial_siglum	πορταιτισαις	πορταΐτισ(σ)α
combined	lbg_pairs.json	editorial_siglum	πορταιτισαν	πορταΐτισ(σ)α
combined	lbg_pairs.json	editorial_siglum	πορταιτισας	πορταΐτισ(σ)α
combined	lbg_pairs.json	editorial_siglum	πορταιτισσα	πορταΐτισ(σ)α
combined	lbg_pairs.json	editorial_siglum	πορταιτισσαι	πορταΐτισ(σ)α
combined	lbg_pairs.json	editorial_siglum	πορταιτισσαιν	πορταΐτισ(σ)α
combined	lbg_pairs.json	editorial_siglum	πορταιτισσαις	πορταΐτισ(σ)α
combined	lbg_pairs.json	editorial_siglum	πορταιτισσαν	πορταΐτισ(σ)α
combined	lbg_pairs.json	editorial_siglum	πορταιτισσας	πορταΐτισ(σ)α
combined	lbg_pairs.json	editorial_siglum	πορταιτισσων	πορταΐτισ(σ)α
combined	lbg_pairs.json	editorial_siglum	πορταιτισων	πορταΐτισ(σ)α
combined	lbg_pairs.json	editorial_siglum	πριμικηριοι	πριμ(μ)ικήριος
combined	lbg_pairs.json	editorial_siglum	πριμικηριοιν	πριμ(μ)ικήριος
combined	lbg_pairs.json	editorial_siglum	πριμικηριοις	πριμ(μ)ικήριος
combined	lbg_pairs.json	editorial_siglum	πριμικηριον	πριμ(μ)ικήριος
combined	lbg_pairs.json	editorial_siglum	πριμικηριους	πριμ(μ)ικήριος
combined	lbg_pairs.json	editorial_siglum	πριμικηριω	πριμ(μ)ικήριος
combined	lbg_pairs.json	editorial_siglum	πριμικηριων	πριμ(μ)ικήριος
combined	lbg_pairs.json	editorial_siglum	πριμμικηριε	πριμ(μ)ικήριος
combined	lbg_pairs.json	editorial_siglum	πριμμικηριοι	πριμ(μ)ικήριος
combined	lbg_pairs.json	editorial_siglum	πριμμικηριοιν	πριμ(μ)ικήριος
combined	lbg_pairs.json	editorial_siglum	πριμμικηριοις	πριμ(μ)ικήριος
combined	lbg_pairs.json	editorial_siglum	πριμμικηριον	πριμ(μ)ικήριος
combined	lbg_pairs.json	editorial_siglum	πριμμικηριος	πριμ(μ)ικήριος
combined	lbg_pairs.json	editorial_siglum	πριμμικηριου	πριμ(μ)ικήριος
combined	lbg_pairs.json	editorial_siglum	πριμμικηριους	πριμ(μ)ικήριος
combined	lbg_pairs.json	editorial_siglum	πριμμικηριω	πριμ(μ)ικήριος
combined	lbg_pairs.json	editorial_siglum	πριμμικηριων	πριμ(μ)ικήριος
combined	lbg_pairs.json	editorial_siglum	πριμικηρατα	πριμ(μ)ικηράτον
combined	lbg_pairs.json	editorial_siglum	πριμικηρατοιν	πριμ(μ)ικηράτον
combined	lbg_pairs.json	editorial_siglum	πριμικηρατοις	πριμ(μ)ικηράτον
combined	lbg_pairs.json	editorial_siglum	πριμικηρατον	πριμ(μ)ικηράτον
combined	lbg_pairs.json	editorial_siglum	πριμικηρατου	πριμ(μ)ικηράτον
combined	lbg_pairs.json	editorial_siglum	πριμικηρατω	πριμ(μ)ικηράτον
combined	lbg_pairs.json	editorial_siglum	πριμικηρατων	πριμ(μ)ικηράτον
combined	lbg_pairs.json	editorial_siglum	πριμμικηρατα	πριμ(μ)ικηράτον
combined	lbg_pairs.json	editorial_siglum	πριμμικηρατοιν	πριμ(μ)ικηράτον
combined	lbg_pairs.json	editorial_siglum	πριμμικηρατοις	πριμ(μ)ικηράτον
combined	lbg_pairs.json	editorial_siglum	πριμμικηρατον	πριμ(μ)ικηράτον
combined	lbg_pairs.json	editorial_siglum	πριμμικηρατου	πριμ(μ)ικηράτον
combined	lbg_pairs.json	editorial_siglum	πριμμικηρατω	πριμ(μ)ικηράτον
combined	lbg_pairs.json	editorial_siglum	πριμμικηρατων	πριμ(μ)ικηράτον
combined	lbg_pairs.json	editorial_siglum	πρωταλλαγατωρισα	πρωταλλαγατώρισ(σ)α
combined	lbg_pairs.json	editorial_siglum	πρωταλλαγατωρισαι	πρωταλλαγατώρισ(σ)α
combined	lbg_pairs.json	editorial_siglum	πρωταλλαγατωρισαιν	πρωταλλαγατώρισ(σ)α
combined	lbg_pairs.json	editorial_siglum	πρωταλλαγατωρισαις	πρωταλλαγατώρισ(σ)α
combined	lbg_pairs.json	editorial_siglum	πρωταλλαγατωρισαν	πρωταλλαγατώρισ(σ)α
combined	lbg_pairs.json	editorial_siglum	πρωταλλαγατωρισας	πρωταλλαγατώρισ(σ)α
combined	lbg_pairs.json	editorial_siglum	πρωταλλαγατωρισσα	πρωταλλαγατώρισ(σ)α
combined	lbg_pairs.json	editorial_siglum	πρωταλλαγατωρισσαι	πρωταλλαγατώρισ(σ)α
combined	lbg_pairs.json	editorial_siglum	πρωταλλαγατωρισσαιν	πρωταλλαγατώρισ(σ)α
combined	lbg_pairs.json	editorial_siglum	πρωταλλαγατωρισσαις	πρωταλλαγατώρισ(σ)α
combined	lbg_pairs.json	editorial_siglum	πρωταλλαγατωρισσαν	πρωταλλαγατώρισ(σ)α
combined	lbg_pairs.json	editorial_siglum	πρωταλλαγατωρισσας	πρωταλλαγατώρισ(σ)α
combined	lbg_pairs.json	editorial_siglum	πρωταλλαγατωρισσων	πρωταλλαγατώρισ(σ)α
combined	lbg_pairs.json	editorial_siglum	πρωταλλαγατωρισων	πρωταλλαγατώρισ(σ)α
combined	lbg_pairs.json	editorial_siglum	σακκελιζε	σακ(κ)ελίζω
combined	lbg_pairs.json	editorial_siglum	σακκελιζει	σακ(κ)ελίζω
combined	lbg_pairs.json	editorial_siglum	σακκελιζειν	σακ(κ)ελίζω
combined	lbg_pairs.json	editorial_siglum	σακκελιζεις	σακ(κ)ελίζω
combined	lbg_pairs.json	editorial_siglum	σακκελιζεσθαι	σακ(κ)ελίζω
combined	lbg_pairs.json	editorial_siglum	σακκελιζεσθε	σακ(κ)ελίζω
combined	lbg_pairs.json	editorial_siglum	σακκελιζεσθον	σακ(κ)ελίζω
combined	lbg_pairs.json	editorial_siglum	σακκελιζεσθω	σακ(κ)ελίζω
combined	lbg_pairs.json	editorial_siglum	σακκελιζεσθων	σακ(κ)ελίζω
combined	lbg_pairs.json	editorial_siglum	σακκελιζεται	σακ(κ)ελίζω
combined	lbg_pairs.json	editorial_siglum	σακκελιζετε	σακ(κ)ελίζω
combined	lbg_pairs.json	editorial_siglum	σακκελιζετον	σακ(κ)ελίζω
combined	lbg_pairs.json	editorial_siglum	σακκελιζετω	σακ(κ)ελίζω
combined	lbg_pairs.json	editorial_siglum	σακκελιζετων	σακ(κ)ελίζω
combined	lbg_pairs.json	editorial_siglum	σακκελιζη	σακ(κ)ελίζω
combined	lbg_pairs.json	editorial_siglum	σακκελιζης	σακ(κ)ελίζω
combined	lbg_pairs.json	editorial_siglum	σακκελιζησθε	σακ(κ)ελίζω
combined	lbg_pairs.json	editorial_siglum	σακκελιζησθον	σακ(κ)ελίζω
combined	lbg_pairs.json	editorial_siglum	σακκελιζηται	σακ(κ)ελίζω
combined	lbg_pairs.json	editorial_siglum	σακκελιζητε	σακ(κ)ελίζω
combined	lbg_pairs.json	editorial_siglum	σακκελιζητον	σακ(κ)ελίζω
combined	lbg_pairs.json	editorial_siglum	σακκελιζοι	σακ(κ)ελίζω
combined	lbg_pairs.json	editorial_siglum	σακκελιζοιεν	σακ(κ)ελίζω
combined	lbg_pairs.json	editorial_siglum	σακκελιζοιμεθα	σακ(κ)ελίζω
combined	lbg_pairs.json	editorial_siglum	σακκελιζοιμεν	σακ(κ)ελίζω
combined	lbg_pairs.json	editorial_siglum	σακκελιζοιμην	σακ(κ)ελίζω
combined	lbg_pairs.json	editorial_siglum	σακκελιζοιμι	σακ(κ)ελίζω
combined	lbg_pairs.json	editorial_siglum	σακκελιζοιντο	σακ(κ)ελίζω
combined	lbg_pairs.json	editorial_siglum	σακκελιζοιο	σακ(κ)ελίζω
combined	lbg_pairs.json	editorial_siglum	σακκελιζοις	σακ(κ)ελίζω
combined	lbg_pairs.json	editorial_siglum	σακκελιζοισθε	σακ(κ)ελίζω
combined	lbg_pairs.json	editorial_siglum	σακκελιζοισθην	σακ(κ)ελίζω
combined	lbg_pairs.json	editorial_siglum	σακκελιζοισθον	σακ(κ)ελίζω
combined	lbg_pairs.json	editorial_siglum	σακκελιζοιτε	σακ(κ)ελίζω
combined	lbg_pairs.json	editorial_siglum	σακκελιζοιτην	σακ(κ)ελίζω
combined	lbg_pairs.json	editorial_siglum	σακκελιζοιτο	σακ(κ)ελίζω
combined	lbg_pairs.json	editorial_siglum	σακκελιζοιτον	σακ(κ)ελίζω
combined	lbg_pairs.json	editorial_siglum	σακκελιζομαι	σακ(κ)ελίζω
combined	lbg_pairs.json	editorial_siglum	σακκελιζομεθα	σακ(κ)ελίζω
combined	lbg_pairs.json	editorial_siglum	σακκελιζομεν	σακ(κ)ελίζω
combined	lbg_pairs.json	editorial_siglum	σακκελιζομενη	σακ(κ)ελίζω
combined	lbg_pairs.json	editorial_siglum	σακκελιζομενον	σακ(κ)ελίζω
combined	lbg_pairs.json	editorial_siglum	σακκελιζομενος	σακ(κ)ελίζω
combined	lbg_pairs.json	editorial_siglum	σακκελιζον	σακ(κ)ελίζω
combined	lbg_pairs.json	editorial_siglum	σακκελιζονται	σακ(κ)ελίζω
combined	lbg_pairs.json	editorial_siglum	σακκελιζοντων	σακ(κ)ελίζω
combined	lbg_pairs.json	editorial_siglum	σακκελιζου	σακ(κ)ελίζω
combined	lbg_pairs.json	editorial_siglum	σακκελιζουσα	σακ(κ)ελίζω
combined	lbg_pairs.json	editorial_siglum	σακκελιζω	σακ(κ)ελίζω
combined	lbg_pairs.json	editorial_siglum	σακκελιζωμαι	σακ(κ)ελίζω
combined	lbg_pairs.json	editorial_siglum	σακκελιζωμεθα	σακ(κ)ελίζω
combined	lbg_pairs.json	editorial_siglum	σακκελιζωμεν	σακ(κ)ελίζω
combined	lbg_pairs.json	editorial_siglum	σακκελιζων	σακ(κ)ελίζω
combined	lbg_pairs.json	editorial_siglum	σακκελιζωνται	σακ(κ)ελίζω
combined	lbg_pairs.json	editorial_siglum	σακκορραφια	σακκορ(ρ)άφιον
combined	lbg_pairs.json	editorial_siglum	σακκορραφιοιν	σακκορ(ρ)άφιον
combined	lbg_pairs.json	editorial_siglum	σακκορραφιοις	σακκορ(ρ)άφιον
combined	lbg_pairs.json	editorial_siglum	σακκορραφιον	σακκορ(ρ)άφιον
combined	lbg_pairs.json	editorial_siglum	σακκορραφιου	σακκορ(ρ)άφιον
combined	lbg_pairs.json	editorial_siglum	σακκορραφιω	σακκορ(ρ)άφιον
combined	lbg_pairs.json	editorial_siglum	σακκορραφιων	σακκορ(ρ)άφιον
combined	lbg_pairs.json	editorial_siglum	σβενει	σβέν(ν)ω
combined	lbg_pairs.json	editorial_siglum	σβενειν	σβέν(ν)ω
combined	lbg_pairs.json	editorial_siglum	σβενεις	σβέν(ν)ω
combined	lbg_pairs.json	editorial_siglum	σβενεσθαι	σβέν(ν)ω
combined	lbg_pairs.json	editorial_siglum	σβενεσθε	σβέν(ν)ω
combined	lbg_pairs.json	editorial_siglum	σβενεσθον	σβέν(ν)ω
combined	lbg_pairs.json	editorial_siglum	σβενεσθω	σβέν(ν)ω
combined	lbg_pairs.json	editorial_siglum	σβενεσθων	σβέν(ν)ω
combined	lbg_pairs.json	editorial_siglum	σβενεται	σβέν(ν)ω
combined	lbg_pairs.json	editorial_siglum	σβενετε	σβέν(ν)ω
combined	lbg_pairs.json	editorial_siglum	σβενετον	σβέν(ν)ω
combined	lbg_pairs.json	editorial_siglum	σβενετω	σβέν(ν)ω
combined	lbg_pairs.json	editorial_siglum	σβενετων	σβέν(ν)ω
combined	lbg_pairs.json	editorial_siglum	σβενη	σβέν(ν)ω
combined	lbg_pairs.json	editorial_siglum	σβενης	σβέν(ν)ω
combined	lbg_pairs.json	editorial_siglum	σβενησθε	σβέν(ν)ω
combined	lbg_pairs.json	editorial_siglum	σβενησθον	σβέν(ν)ω
combined	lbg_pairs.json	editorial_siglum	σβενηται	σβέν(ν)ω
combined	lbg_pairs.json	editorial_siglum	σβενητε	σβέν(ν)ω
combined	lbg_pairs.json	editorial_siglum	σβενητον	σβέν(ν)ω
combined	lbg_pairs.json	editorial_siglum	σβεννε	σβέν(ν)ω
combined	lbg_pairs.json	editorial_siglum	σβεννει	σβέν(ν)ω
combined	lbg_pairs.json	editorial_siglum	σβεννειν	σβέν(ν)ω
combined	lbg_pairs.json	editorial_siglum	σβεννεις	σβέν(ν)ω
combined	lbg_pairs.json	editorial_siglum	σβεννεσθαι	σβέν(ν)ω
combined	lbg_pairs.json	editorial_siglum	σβεννεσθε	σβέν(ν)ω
combined	lbg_pairs.json	editorial_siglum	σβεννεσθον	σβέν(ν)ω
combined	lbg_pairs.json	editorial_siglum	σβεννεσθω	σβέν(ν)ω
combined	lbg_pairs.json	editorial_siglum	σβεννεσθων	σβέν(ν)ω
combined	lbg_pairs.json	editorial_siglum	σβεννεται	σβέν(ν)ω
combined	lbg_pairs.json	editorial_siglum	σβεννετε	σβέν(ν)ω
combined	lbg_pairs.json	editorial_siglum	σβεννετον	σβέν(ν)ω
combined	lbg_pairs.json	editorial_siglum	σβεννετω	σβέν(ν)ω
combined	lbg_pairs.json	editorial_siglum	σβεννετων	σβέν(ν)ω
combined	lbg_pairs.json	editorial_siglum	σβεννη	σβέν(ν)ω
combined	lbg_pairs.json	editorial_siglum	σβεννης	σβέν(ν)ω
combined	lbg_pairs.json	editorial_siglum	σβεννησθε	σβέν(ν)ω
combined	lbg_pairs.json	editorial_siglum	σβεννησθον	σβέν(ν)ω
combined	lbg_pairs.json	editorial_siglum	σβεννηται	σβέν(ν)ω
combined	lbg_pairs.json	editorial_siglum	σβεννητε	σβέν(ν)ω
combined	lbg_pairs.json	editorial_siglum	σβεννητον	σβέν(ν)ω
combined	lbg_pairs.json	editorial_siglum	σβεννοι	σβέν(ν)ω
combined	lbg_pairs.json	editorial_siglum	σβεννοιεν	σβέν(ν)ω
combined	lbg_pairs.json	editorial_siglum	σβεννοιμεθα	σβέν(ν)ω
combined	lbg_pairs.json	editorial_siglum	σβεννοιμεν	σβέν(ν)ω
combined	lbg_pairs.json	editorial_siglum	σβεννοιμην	σβέν(ν)ω
combined	lbg_pairs.json	editorial_siglum	σβεννοιμι	σβέν(ν)ω
combined	lbg_pairs.json	editorial_siglum	σβεννοιντο	σβέν(ν)ω
combined	lbg_pairs.json	editorial_siglum	σβεννοιο	σβέν(ν)ω
combined	lbg_pairs.json	editorial_siglum	σβεννοις	σβέν(ν)ω
combined	lbg_pairs.json	editorial_siglum	σβεννοισθε	σβέν(ν)ω
combined	lbg_pairs.json	editorial_siglum	σβεννοισθην	σβέν(ν)ω
combined	lbg_pairs.json	editorial_siglum	σβεννοισθον	σβέν(ν)ω
combined	lbg_pairs.json	editorial_siglum	σβεννοιτε	σβέν(ν)ω
combined	lbg_pairs.json	editorial_siglum	σβεννοιτην	σβέν(ν)ω
combined	lbg_pairs.json	editorial_siglum	σβεννοιτο	σβέν(ν)ω
combined	lbg_pairs.json	editorial_siglum	σβεννοιτον	σβέν(ν)ω
combined	lbg_pairs.json	editorial_siglum	σβεννομαι	σβέν(ν)ω
combined	lbg_pairs.json	editorial_siglum	σβεννομεθα	σβέν(ν)ω
combined	lbg_pairs.json	editorial_siglum	σβεννομεν	σβέν(ν)ω
combined	lbg_pairs.json	editorial_siglum	σβεννομενη	σβέν(ν)ω
combined	lbg_pairs.json	editorial_siglum	σβεννομενον	σβέν(ν)ω
combined	lbg_pairs.json	editorial_siglum	σβεννομενος	σβέν(ν)ω
combined	lbg_pairs.json	editorial_siglum	σβεννον	σβέν(ν)ω
combined	lbg_pairs.json	editorial_siglum	σβεννονται	σβέν(ν)ω
combined	lbg_pairs.json	editorial_siglum	σβεννοντων	σβέν(ν)ω
combined	lbg_pairs.json	editorial_siglum	σβεννου	σβέν(ν)ω
combined	lbg_pairs.json	editorial_siglum	σβεννουσα	σβέν(ν)ω
combined	lbg_pairs.json	editorial_siglum	σβεννω	σβέν(ν)ω
combined	lbg_pairs.json	editorial_siglum	σβεννωμαι	σβέν(ν)ω
combined	lbg_pairs.json	editorial_siglum	σβεννωμεθα	σβέν(ν)ω
combined	lbg_pairs.json	editorial_siglum	σβεννωμεν	σβέν(ν)ω
combined	lbg_pairs.json	editorial_siglum	σβεννων	σβέν(ν)ω
combined	lbg_pairs.json	editorial_siglum	σβεννωνται	σβέν(ν)ω
combined	lbg_pairs.json	editorial_siglum	σβενοι	σβέν(ν)ω
combined	lbg_pairs.json	editorial_siglum	σβενοιεν	σβέν(ν)ω
combined	lbg_pairs.json	editorial_siglum	σβενοιμεθα	σβέν(ν)ω
combined	lbg_pairs.json	editorial_siglum	σβενοιμεν	σβέν(ν)ω
combined	lbg_pairs.json	editorial_siglum	σβενοιμην	σβέν(ν)ω
combined	lbg_pairs.json	editorial_siglum	σβενοιμι	σβέν(ν)ω
combined	lbg_pairs.json	editorial_siglum	σβενοιντο	σβέν(ν)ω
combined	lbg_pairs.json	editorial_siglum	σβενοιο	σβέν(ν)ω
combined	lbg_pairs.json	editorial_siglum	σβενοις	σβέν(ν)ω
combined	lbg_pairs.json	editorial_siglum	σβενοισθε	σβέν(ν)ω
combined	lbg_pairs.json	editorial_siglum	σβενοισθην	σβέν(ν)ω
combined	lbg_pairs.json	editorial_siglum	σβενοισθον	σβέν(ν)ω
combined	lbg_pairs.json	editorial_siglum	σβενοιτε	σβέν(ν)ω
combined	lbg_pairs.json	editorial_siglum	σβενοιτην	σβέν(ν)ω
combined	lbg_pairs.json	editorial_siglum	σβενοιτο	σβέν(ν)ω
combined	lbg_pairs.json	editorial_siglum	σβενοιτον	σβέν(ν)ω
combined	lbg_pairs.json	editorial_siglum	σβενομαι	σβέν(ν)ω
combined	lbg_pairs.json	editorial_siglum	σβενομεθα	σβέν(ν)ω
combined	lbg_pairs.json	editorial_siglum	σβενομεν	σβέν(ν)ω
combined	lbg_pairs.json	editorial_siglum	σβενομενη	σβέν(ν)ω
combined	lbg_pairs.json	editorial_siglum	σβενομενον	σβέν(ν)ω
combined	lbg_pairs.json	editorial_siglum	σβενομενος	σβέν(ν)ω
combined	lbg_pairs.json	editorial_siglum	σβενον	σβέν(ν)ω
combined	lbg_pairs.json	editorial_siglum	σβενονται	σβέν(ν)ω
combined	lbg_pairs.json	editorial_siglum	σβενοντων	σβέν(ν)ω
combined	lbg_pairs.json	editorial_siglum	σβενου	σβέν(ν)ω
combined	lbg_pairs.json	editorial_siglum	σβενουσα	σβέν(ν)ω
combined	lbg_pairs.json	editorial_siglum	σβενωμαι	σβέν(ν)ω
combined	lbg_pairs.json	editorial_siglum	σβενωμεθα	σβέν(ν)ω
combined	lbg_pairs.json	editorial_siglum	σβενωμεν	σβέν(ν)ω
combined	lbg_pairs.json	editorial_siglum	σβενων	σβέν(ν)ω
combined	lbg_pairs.json	editorial_siglum	σβενωνται	σβέν(ν)ω
combined	lbg_pairs.json	editorial_siglum	σκηνοραφια	σκηνορ(ρ)άφιον
combined	lbg_pairs.json	editorial_siglum	σκηνοραφιοιν	σκηνορ(ρ)άφιον
combined	lbg_pairs.json	editorial_siglum	σκηνοραφιοις	σκηνορ(ρ)άφιον
combined	lbg_pairs.json	editorial_siglum	σκηνοραφιον	σκηνορ(ρ)άφιον
combined	lbg_pairs.json	editorial_siglum	σκηνοραφιου	σκηνορ(ρ)άφιον
combined	lbg_pairs.json	editorial_siglum	σκηνοραφιω	σκηνορ(ρ)άφιον
combined	lbg_pairs.json	editorial_siglum	σκηνοραφιων	σκηνορ(ρ)άφιον
combined	lbg_pairs.json	editorial_siglum	σκηνορραφιοιν	σκηνορ(ρ)άφιον
combined	lbg_pairs.json	editorial_siglum	σκηνορραφιοις	σκηνορ(ρ)άφιον
combined	lbg_pairs.json	editorial_siglum	σκηνορραφιον	σκηνορ(ρ)άφιον
combined	lbg_pairs.json	editorial_siglum	σκηνορραφιου	σκηνορ(ρ)άφιον
combined	lbg_pairs.json	editorial_siglum	σκηνορραφιω	σκηνορ(ρ)άφιον
combined	lbg_pairs.json	editorial_siglum	σουκλοβαλανε	σουκ(λ)οβάλανος
combined	lbg_pairs.json	editorial_siglum	σουκλοβαλανοι	σουκ(λ)οβάλανος
combined	lbg_pairs.json	editorial_siglum	σουκλοβαλανοιν	σουκ(λ)οβάλανος
combined	lbg_pairs.json	editorial_siglum	σουκλοβαλανοις	σουκ(λ)οβάλανος
combined	lbg_pairs.json	editorial_siglum	σουκλοβαλανον	σουκ(λ)οβάλανος
combined	lbg_pairs.json	editorial_siglum	σουκλοβαλανος	σουκ(λ)οβάλανος
combined	lbg_pairs.json	editorial_siglum	σουκλοβαλανου	σουκ(λ)οβάλανος
combined	lbg_pairs.json	editorial_siglum	σουκλοβαλανους	σουκ(λ)οβάλανος
combined	lbg_pairs.json	editorial_siglum	σουκλοβαλανω	σουκ(λ)οβάλανος
combined	lbg_pairs.json	editorial_siglum	σουκλοβαλανων	σουκ(λ)οβάλανος
combined	lbg_pairs.json	editorial_siglum	σουκοβαλανε	σουκ(λ)οβάλανος
combined	lbg_pairs.json	editorial_siglum	σουκοβαλανοι	σουκ(λ)οβάλανος
combined	lbg_pairs.json	editorial_siglum	σουκοβαλανοιν	σουκ(λ)οβάλανος
combined	lbg_pairs.json	editorial_siglum	σουκοβαλανοις	σουκ(λ)οβάλανος
combined	lbg_pairs.json	editorial_siglum	σουκοβαλανον	σουκ(λ)οβάλανος
combined	lbg_pairs.json	editorial_siglum	σουκοβαλανος	σουκ(λ)οβάλανος
combined	lbg_pairs.json	editorial_siglum	σουκοβαλανου	σουκ(λ)οβάλανος
combined	lbg_pairs.json	editorial_siglum	σουκοβαλανους	σουκ(λ)οβάλανος
combined	lbg_pairs.json	editorial_siglum	σουκοβαλανω	σουκ(λ)οβάλανος
combined	lbg_pairs.json	editorial_siglum	σουκοβαλανων	σουκ(λ)οβάλανος
combined	lbg_pairs.json	editorial_siglum	στελιε	στέλ(λ)ιος
combined	lbg_pairs.json	editorial_siglum	στελιοι	στέλ(λ)ιος
combined	lbg_pairs.json	editorial_siglum	στελιους	στέλ(λ)ιος
combined	lbg_pairs.json	editorial_siglum	στελλιε	στέλ(λ)ιος
combined	lbg_pairs.json	editorial_siglum	στελλιοι	στέλ(λ)ιος
combined	lbg_pairs.json	editorial_siglum	στελλιοιν	στέλ(λ)ιος
combined	lbg_pairs.json	editorial_siglum	στελλιοις	στέλ(λ)ιος
combined	lbg_pairs.json	editorial_siglum	στελλιον	στέλ(λ)ιος
combined	lbg_pairs.json	editorial_siglum	στελλιους	στέλ(λ)ιος
combined	lbg_pairs.json	editorial_siglum	στελλιω	στέλ(λ)ιος
combined	lbg_pairs.json	editorial_siglum	στελλιων	στέλ(λ)ιος
combined	lbg_pairs.json	editorial_siglum	σταμνοπλυτα	στα(μ)νοπλύτης
combined	lbg_pairs.json	editorial_siglum	σταμνοπλυται	στα(μ)νοπλύτης
combined	lbg_pairs.json	editorial_siglum	σταμνοπλυταιν	στα(μ)νοπλύτης
combined	lbg_pairs.json	editorial_siglum	σταμνοπλυταις	στα(μ)νοπλύτης
combined	lbg_pairs.json	editorial_siglum	σταμνοπλυτας	στα(μ)νοπλύτης
combined	lbg_pairs.json	editorial_siglum	σταμνοπλυτη	στα(μ)νοπλύτης
combined	lbg_pairs.json	editorial_siglum	σταμνοπλυτην	στα(μ)νοπλύτης
combined	lbg_pairs.json	editorial_siglum	σταμνοπλυτης	στα(μ)νοπλύτης
combined	lbg_pairs.json	editorial_siglum	σταμνοπλυτου	στα(μ)νοπλύτης
combined	lbg_pairs.json	editorial_siglum	σταμνοπλυτων	στα(μ)νοπλύτης
combined	lbg_pairs.json	editorial_siglum	στανοπλυτα	στα(μ)νοπλύτης
combined	lbg_pairs.json	editorial_siglum	στανοπλυται	στα(μ)νοπλύτης
combined	lbg_pairs.json	editorial_siglum	στανοπλυταιν	στα(μ)νοπλύτης
combined	lbg_pairs.json	editorial_siglum	στανοπλυταις	στα(μ)νοπλύτης
combined	lbg_pairs.json	editorial_siglum	στανοπλυτας	στα(μ)νοπλύτης
combined	lbg_pairs.json	editorial_siglum	στανοπλυτη	στα(μ)νοπλύτης
combined	lbg_pairs.json	editorial_siglum	στανοπλυτην	στα(μ)νοπλύτης
combined	lbg_pairs.json	editorial_siglum	στανοπλυτης	στα(μ)νοπλύτης
combined	lbg_pairs.json	editorial_siglum	στανοπλυτου	στα(μ)νοπλύτης
combined	lbg_pairs.json	editorial_siglum	στανοπλυτων	στα(μ)νοπλύτης
combined	lbg_pairs.json	editorial_siglum	στελιονατα	στελ(λ)ιονάτον
combined	lbg_pairs.json	editorial_siglum	στελιονατοιν	στελ(λ)ιονάτον
combined	lbg_pairs.json	editorial_siglum	στελιονατοις	στελ(λ)ιονάτον
combined	lbg_pairs.json	editorial_siglum	στελιονατον	στελ(λ)ιονάτον
combined	lbg_pairs.json	editorial_siglum	στελιονατου	στελ(λ)ιονάτον
combined	lbg_pairs.json	editorial_siglum	στελιονατω	στελ(λ)ιονάτον
combined	lbg_pairs.json	editorial_siglum	στελιονατων	στελ(λ)ιονάτον
combined	lbg_pairs.json	editorial_siglum	στελλιονατα	στελ(λ)ιονάτον
combined	lbg_pairs.json	editorial_siglum	στελλιονατοιν	στελ(λ)ιονάτον
combined	lbg_pairs.json	editorial_siglum	στελλιονατοις	στελ(λ)ιονάτον
combined	lbg_pairs.json	editorial_siglum	στελλιονατον	στελ(λ)ιονάτον
combined	lbg_pairs.json	editorial_siglum	στελλιονατου	στελ(λ)ιονάτον
combined	lbg_pairs.json	editorial_siglum	στελλιονατω	στελ(λ)ιονάτον
combined	lbg_pairs.json	editorial_siglum	στελλιονατων	στελ(λ)ιονάτον
combined	lbg_pairs.json	editorial_siglum	συσαβατιζε	συ(σ)σαβατίζω
combined	lbg_pairs.json	editorial_siglum	συσαβατιζει	συ(σ)σαβατίζω
combined	lbg_pairs.json	editorial_siglum	συσαβατιζειν	συ(σ)σαβατίζω
combined	lbg_pairs.json	editorial_siglum	συσαβατιζεις	συ(σ)σαβατίζω
combined	lbg_pairs.json	editorial_siglum	συσαβατιζεσθαι	συ(σ)σαβατίζω
combined	lbg_pairs.json	editorial_siglum	συσαβατιζεσθε	συ(σ)σαβατίζω
combined	lbg_pairs.json	editorial_siglum	συσαβατιζεσθον	συ(σ)σαβατίζω
combined	lbg_pairs.json	editorial_siglum	συσαβατιζεσθω	συ(σ)σαβατίζω
combined	lbg_pairs.json	editorial_siglum	συσαβατιζεσθων	συ(σ)σαβατίζω
combined	lbg_pairs.json	editorial_siglum	συσαβατιζεται	συ(σ)σαβατίζω
combined	lbg_pairs.json	editorial_siglum	συσαβατιζετε	συ(σ)σαβατίζω
combined	lbg_pairs.json	editorial_siglum	συσαβατιζετον	συ(σ)σαβατίζω
combined	lbg_pairs.json	editorial_siglum	συσαβατιζετω	συ(σ)σαβατίζω
combined	lbg_pairs.json	editorial_siglum	συσαβατιζετων	συ(σ)σαβατίζω
combined	lbg_pairs.json	editorial_siglum	συσαβατιζη	συ(σ)σαβατίζω
combined	lbg_pairs.json	editorial_siglum	συσαβατιζης	συ(σ)σαβατίζω
combined	lbg_pairs.json	editorial_siglum	συσαβατιζησθε	συ(σ)σαβατίζω
combined	lbg_pairs.json	editorial_siglum	συσαβατιζησθον	συ(σ)σαβατίζω
combined	lbg_pairs.json	editorial_siglum	συσαβατιζηται	συ(σ)σαβατίζω
combined	lbg_pairs.json	editorial_siglum	συσαβατιζητε	συ(σ)σαβατίζω
combined	lbg_pairs.json	editorial_siglum	συσαβατιζητον	συ(σ)σαβατίζω
combined	lbg_pairs.json	editorial_siglum	συσαβατιζοι	συ(σ)σαβατίζω
combined	lbg_pairs.json	editorial_siglum	συσαβατιζοιεν	συ(σ)σαβατίζω
combined	lbg_pairs.json	editorial_siglum	συσαβατιζοιμεθα	συ(σ)σαβατίζω
combined	lbg_pairs.json	editorial_siglum	συσαβατιζοιμεν	συ(σ)σαβατίζω
combined	lbg_pairs.json	editorial_siglum	συσαβατιζοιμην	συ(σ)σαβατίζω
combined	lbg_pairs.json	editorial_siglum	συσαβατιζοιμι	συ(σ)σαβατίζω
combined	lbg_pairs.json	editorial_siglum	συσαβατιζοιντο	συ(σ)σαβατίζω
combined	lbg_pairs.json	editorial_siglum	συσαβατιζοιο	συ(σ)σαβατίζω
combined	lbg_pairs.json	editorial_siglum	συσαβατιζοις	συ(σ)σαβατίζω
combined	lbg_pairs.json	editorial_siglum	συσαβατιζοισθε	συ(σ)σαβατίζω
combined	lbg_pairs.json	editorial_siglum	συσαβατιζοισθην	συ(σ)σαβατίζω
combined	lbg_pairs.json	editorial_siglum	συσαβατιζοισθον	συ(σ)σαβατίζω
combined	lbg_pairs.json	editorial_siglum	συσαβατιζοιτε	συ(σ)σαβατίζω
combined	lbg_pairs.json	editorial_siglum	συσαβατιζοιτην	συ(σ)σαβατίζω
combined	lbg_pairs.json	editorial_siglum	συσαβατιζοιτο	συ(σ)σαβατίζω
combined	lbg_pairs.json	editorial_siglum	συσαβατιζοιτον	συ(σ)σαβατίζω
combined	lbg_pairs.json	editorial_siglum	συσαβατιζομαι	συ(σ)σαβατίζω
combined	lbg_pairs.json	editorial_siglum	συσαβατιζομεθα	συ(σ)σαβατίζω
combined	lbg_pairs.json	editorial_siglum	συσαβατιζομεν	συ(σ)σαβατίζω
combined	lbg_pairs.json	editorial_siglum	συσαβατιζομενη	συ(σ)σαβατίζω
combined	lbg_pairs.json	editorial_siglum	συσαβατιζομενον	συ(σ)σαβατίζω
combined	lbg_pairs.json	editorial_siglum	συσαβατιζομενος	συ(σ)σαβατίζω
combined	lbg_pairs.json	editorial_siglum	συσαβατιζον	συ(σ)σαβατίζω
combined	lbg_pairs.json	editorial_siglum	συσαβατιζονται	συ(σ)σαβατίζω
combined	lbg_pairs.json	editorial_siglum	συσαβατιζοντων	συ(σ)σαβατίζω
combined	lbg_pairs.json	editorial_siglum	συσαβατιζου	συ(σ)σαβατίζω
combined	lbg_pairs.json	editorial_siglum	συσαβατιζουσα	συ(σ)σαβατίζω
combined	lbg_pairs.json	editorial_siglum	συσαβατιζω	συ(σ)σαβατίζω
combined	lbg_pairs.json	editorial_siglum	συσαβατιζωμαι	συ(σ)σαβατίζω
combined	lbg_pairs.json	editorial_siglum	συσαβατιζωμεθα	συ(σ)σαβατίζω
combined	lbg_pairs.json	editorial_siglum	συσαβατιζωμεν	συ(σ)σαβατίζω
combined	lbg_pairs.json	editorial_siglum	συσαβατιζων	συ(σ)σαβατίζω
combined	lbg_pairs.json	editorial_siglum	συσαβατιζωνται	συ(σ)σαβατίζω
combined	lbg_pairs.json	editorial_siglum	συσσαβατιζε	συ(σ)σαβατίζω
combined	lbg_pairs.json	editorial_siglum	συσσαβατιζει	συ(σ)σαβατίζω
combined	lbg_pairs.json	editorial_siglum	συσσαβατιζειν	συ(σ)σαβατίζω
combined	lbg_pairs.json	editorial_siglum	συσσαβατιζεις	συ(σ)σαβατίζω
combined	lbg_pairs.json	editorial_siglum	συσσαβατιζεσθαι	συ(σ)σαβατίζω
combined	lbg_pairs.json	editorial_siglum	συσσαβατιζεσθε	συ(σ)σαβατίζω
combined	lbg_pairs.json	editorial_siglum	συσσαβατιζεσθον	συ(σ)σαβατίζω
combined	lbg_pairs.json	editorial_siglum	συσσαβατιζεσθω	συ(σ)σαβατίζω
combined	lbg_pairs.json	editorial_siglum	συσσαβατιζεσθων	συ(σ)σαβατίζω
combined	lbg_pairs.json	editorial_siglum	συσσαβατιζεται	συ(σ)σαβατίζω
combined	lbg_pairs.json	editorial_siglum	συσσαβατιζετε	συ(σ)σαβατίζω
combined	lbg_pairs.json	editorial_siglum	συσσαβατιζετον	συ(σ)σαβατίζω
combined	lbg_pairs.json	editorial_siglum	συσσαβατιζετω	συ(σ)σαβατίζω
combined	lbg_pairs.json	editorial_siglum	συσσαβατιζετων	συ(σ)σαβατίζω
combined	lbg_pairs.json	editorial_siglum	συσσαβατιζη	συ(σ)σαβατίζω
combined	lbg_pairs.json	editorial_siglum	συσσαβατιζης	συ(σ)σαβατίζω
combined	lbg_pairs.json	editorial_siglum	συσσαβατιζησθε	συ(σ)σαβατίζω
combined	lbg_pairs.json	editorial_siglum	συσσαβατιζησθον	συ(σ)σαβατίζω
combined	lbg_pairs.json	editorial_siglum	συσσαβατιζηται	συ(σ)σαβατίζω
combined	lbg_pairs.json	editorial_siglum	συσσαβατιζητε	συ(σ)σαβατίζω
combined	lbg_pairs.json	editorial_siglum	συσσαβατιζητον	συ(σ)σαβατίζω
combined	lbg_pairs.json	editorial_siglum	συσσαβατιζοι	συ(σ)σαβατίζω
combined	lbg_pairs.json	editorial_siglum	συσσαβατιζοιεν	συ(σ)σαβατίζω
combined	lbg_pairs.json	editorial_siglum	συσσαβατιζοιμεθα	συ(σ)σαβατίζω
combined	lbg_pairs.json	editorial_siglum	συσσαβατιζοιμεν	συ(σ)σαβατίζω
combined	lbg_pairs.json	editorial_siglum	συσσαβατιζοιμην	συ(σ)σαβατίζω
combined	lbg_pairs.json	editorial_siglum	συσσαβατιζοιμι	συ(σ)σαβατίζω
combined	lbg_pairs.json	editorial_siglum	συσσαβατιζοιντο	συ(σ)σαβατίζω
combined	lbg_pairs.json	editorial_siglum	συσσαβατιζοιο	συ(σ)σαβατίζω
combined	lbg_pairs.json	editorial_siglum	συσσαβατιζοις	συ(σ)σαβατίζω
combined	lbg_pairs.json	editorial_siglum	συσσαβατιζοισθε	συ(σ)σαβατίζω
combined	lbg_pairs.json	editorial_siglum	συσσαβατιζοισθην	συ(σ)σαβατίζω
combined	lbg_pairs.json	editorial_siglum	συσσαβατιζοισθον	συ(σ)σαβατίζω
combined	lbg_pairs.json	editorial_siglum	συσσαβατιζοιτε	συ(σ)σαβατίζω
combined	lbg_pairs.json	editorial_siglum	συσσαβατιζοιτην	συ(σ)σαβατίζω
combined	lbg_pairs.json	editorial_siglum	συσσαβατιζοιτο	συ(σ)σαβατίζω
combined	lbg_pairs.json	editorial_siglum	συσσαβατιζοιτον	συ(σ)σαβατίζω
combined	lbg_pairs.json	editorial_siglum	συσσαβατιζομαι	συ(σ)σαβατίζω
combined	lbg_pairs.json	editorial_siglum	συσσαβατιζομεθα	συ(σ)σαβατίζω
combined	lbg_pairs.json	editorial_siglum	συσσαβατιζομεν	συ(σ)σαβατίζω
combined	lbg_pairs.json	editorial_siglum	συσσαβατιζομενη	συ(σ)σαβατίζω
combined	lbg_pairs.json	editorial_siglum	συσσαβατιζομενον	συ(σ)σαβατίζω
combined	lbg_pairs.json	editorial_siglum	συσσαβατιζομενος	συ(σ)σαβατίζω
combined	lbg_pairs.json	editorial_siglum	συσσαβατιζον	συ(σ)σαβατίζω
combined	lbg_pairs.json	editorial_siglum	συσσαβατιζονται	συ(σ)σαβατίζω
combined	lbg_pairs.json	editorial_siglum	συσσαβατιζοντων	συ(σ)σαβατίζω
combined	lbg_pairs.json	editorial_siglum	συσσαβατιζου	συ(σ)σαβατίζω
combined	lbg_pairs.json	editorial_siglum	συσσαβατιζουσα	συ(σ)σαβατίζω
combined	lbg_pairs.json	editorial_siglum	συσσαβατιζω	συ(σ)σαβατίζω
combined	lbg_pairs.json	editorial_siglum	συσσαβατιζωμαι	συ(σ)σαβατίζω
combined	lbg_pairs.json	editorial_siglum	συσσαβατιζωμεθα	συ(σ)σαβατίζω
combined	lbg_pairs.json	editorial_siglum	συσσαβατιζωμεν	συ(σ)σαβατίζω
combined	lbg_pairs.json	editorial_siglum	συσσαβατιζων	συ(σ)σαβατίζω
combined	lbg_pairs.json	editorial_siglum	συσσαβατιζωνται	συ(σ)σαβατίζω
combined	lbg_pairs.json	editorial_siglum	συγκελαρρυζε	συγκελαρ(ρ)ύζω
combined	lbg_pairs.json	editorial_siglum	συγκελαρρυζει	συγκελαρ(ρ)ύζω
combined	lbg_pairs.json	editorial_siglum	συγκελαρρυζειν	συγκελαρ(ρ)ύζω
combined	lbg_pairs.json	editorial_siglum	συγκελαρρυζεις	συγκελαρ(ρ)ύζω
combined	lbg_pairs.json	editorial_siglum	συγκελαρρυζεσθαι	συγκελαρ(ρ)ύζω
combined	lbg_pairs.json	editorial_siglum	συγκελαρρυζεσθε	συγκελαρ(ρ)ύζω
combined	lbg_pairs.json	editorial_siglum	συγκελαρρυζεσθον	συγκελαρ(ρ)ύζω
combined	lbg_pairs.json	editorial_siglum	συγκελαρρυζεσθω	συγκελαρ(ρ)ύζω
combined	lbg_pairs.json	editorial_siglum	συγκελαρρυζεσθων	συγκελαρ(ρ)ύζω
combined	lbg_pairs.json	editorial_siglum	συγκελαρρυζεται	συγκελαρ(ρ)ύζω
combined	lbg_pairs.json	editorial_siglum	συγκελαρρυζετε	συγκελαρ(ρ)ύζω
combined	lbg_pairs.json	editorial_siglum	συγκελαρρυζετον	συγκελαρ(ρ)ύζω
combined	lbg_pairs.json	editorial_siglum	συγκελαρρυζετω	συγκελαρ(ρ)ύζω
combined	lbg_pairs.json	editorial_siglum	συγκελαρρυζετων	συγκελαρ(ρ)ύζω
combined	lbg_pairs.json	editorial_siglum	συγκελαρρυζη	συγκελαρ(ρ)ύζω
combined	lbg_pairs.json	editorial_siglum	συγκελαρρυζης	συγκελαρ(ρ)ύζω
combined	lbg_pairs.json	editorial_siglum	συγκελαρρυζησθε	συγκελαρ(ρ)ύζω
combined	lbg_pairs.json	editorial_siglum	συγκελαρρυζησθον	συγκελαρ(ρ)ύζω
combined	lbg_pairs.json	editorial_siglum	συγκελαρρυζηται	συγκελαρ(ρ)ύζω
combined	lbg_pairs.json	editorial_siglum	συγκελαρρυζητε	συγκελαρ(ρ)ύζω
combined	lbg_pairs.json	editorial_siglum	συγκελαρρυζητον	συγκελαρ(ρ)ύζω
combined	lbg_pairs.json	editorial_siglum	συγκελαρρυζοι	συγκελαρ(ρ)ύζω
combined	lbg_pairs.json	editorial_siglum	συγκελαρρυζοιεν	συγκελαρ(ρ)ύζω
combined	lbg_pairs.json	editorial_siglum	συγκελαρρυζοιμεθα	συγκελαρ(ρ)ύζω
combined	lbg_pairs.json	editorial_siglum	συγκελαρρυζοιμεν	συγκελαρ(ρ)ύζω
combined	lbg_pairs.json	editorial_siglum	συγκελαρρυζοιμην	συγκελαρ(ρ)ύζω
combined	lbg_pairs.json	editorial_siglum	συγκελαρρυζοιμι	συγκελαρ(ρ)ύζω
combined	lbg_pairs.json	editorial_siglum	συγκελαρρυζοιντο	συγκελαρ(ρ)ύζω
combined	lbg_pairs.json	editorial_siglum	συγκελαρρυζοιο	συγκελαρ(ρ)ύζω
combined	lbg_pairs.json	editorial_siglum	συγκελαρρυζοις	συγκελαρ(ρ)ύζω
combined	lbg_pairs.json	editorial_siglum	συγκελαρρυζοισθε	συγκελαρ(ρ)ύζω
combined	lbg_pairs.json	editorial_siglum	συγκελαρρυζοισθην	συγκελαρ(ρ)ύζω
combined	lbg_pairs.json	editorial_siglum	συγκελαρρυζοισθον	συγκελαρ(ρ)ύζω
combined	lbg_pairs.json	editorial_siglum	συγκελαρρυζοιτε	συγκελαρ(ρ)ύζω
combined	lbg_pairs.json	editorial_siglum	συγκελαρρυζοιτην	συγκελαρ(ρ)ύζω
combined	lbg_pairs.json	editorial_siglum	συγκελαρρυζοιτο	συγκελαρ(ρ)ύζω
combined	lbg_pairs.json	editorial_siglum	συγκελαρρυζοιτον	συγκελαρ(ρ)ύζω
combined	lbg_pairs.json	editorial_siglum	συγκελαρρυζομαι	συγκελαρ(ρ)ύζω
combined	lbg_pairs.json	editorial_siglum	συγκελαρρυζομεθα	συγκελαρ(ρ)ύζω
combined	lbg_pairs.json	editorial_siglum	συγκελαρρυζομεν	συγκελαρ(ρ)ύζω
combined	lbg_pairs.json	editorial_siglum	συγκελαρρυζομενη	συγκελαρ(ρ)ύζω
combined	lbg_pairs.json	editorial_siglum	συγκελαρρυζομενον	συγκελαρ(ρ)ύζω
combined	lbg_pairs.json	editorial_siglum	συγκελαρρυζομενος	συγκελαρ(ρ)ύζω
combined	lbg_pairs.json	editorial_siglum	συγκελαρρυζον	συγκελαρ(ρ)ύζω
combined	lbg_pairs.json	editorial_siglum	συγκελαρρυζονται	συγκελαρ(ρ)ύζω
combined	lbg_pairs.json	editorial_siglum	συγκελαρρυζοντων	συγκελαρ(ρ)ύζω
combined	lbg_pairs.json	editorial_siglum	συγκελαρρυζου	συγκελαρ(ρ)ύζω
combined	lbg_pairs.json	editorial_siglum	συγκελαρρυζουσα	συγκελαρ(ρ)ύζω
combined	lbg_pairs.json	editorial_siglum	συγκελαρρυζω	συγκελαρ(ρ)ύζω
combined	lbg_pairs.json	editorial_siglum	συγκελαρρυζωμαι	συγκελαρ(ρ)ύζω
combined	lbg_pairs.json	editorial_siglum	συγκελαρρυζωμεθα	συγκελαρ(ρ)ύζω
combined	lbg_pairs.json	editorial_siglum	συγκελαρρυζωμεν	συγκελαρ(ρ)ύζω
combined	lbg_pairs.json	editorial_siglum	συγκελαρρυζων	συγκελαρ(ρ)ύζω
combined	lbg_pairs.json	editorial_siglum	συγκελαρρυζωνται	συγκελαρ(ρ)ύζω
combined	lbg_pairs.json	editorial_siglum	συγκελαρυζε	συγκελαρ(ρ)ύζω
combined	lbg_pairs.json	editorial_siglum	συγκελαρυζει	συγκελαρ(ρ)ύζω
combined	lbg_pairs.json	editorial_siglum	συγκελαρυζειν	συγκελαρ(ρ)ύζω
combined	lbg_pairs.json	editorial_siglum	συγκελαρυζεις	συγκελαρ(ρ)ύζω
combined	lbg_pairs.json	editorial_siglum	συγκελαρυζεσθαι	συγκελαρ(ρ)ύζω
combined	lbg_pairs.json	editorial_siglum	συγκελαρυζεσθε	συγκελαρ(ρ)ύζω
combined	lbg_pairs.json	editorial_siglum	συγκελαρυζεσθον	συγκελαρ(ρ)ύζω
combined	lbg_pairs.json	editorial_siglum	συγκελαρυζεσθω	συγκελαρ(ρ)ύζω
combined	lbg_pairs.json	editorial_siglum	συγκελαρυζεσθων	συγκελαρ(ρ)ύζω
combined	lbg_pairs.json	editorial_siglum	συγκελαρυζεται	συγκελαρ(ρ)ύζω
combined	lbg_pairs.json	editorial_siglum	συγκελαρυζετε	συγκελαρ(ρ)ύζω
combined	lbg_pairs.json	editorial_siglum	συγκελαρυζετον	συγκελαρ(ρ)ύζω
combined	lbg_pairs.json	editorial_siglum	συγκελαρυζετω	συγκελαρ(ρ)ύζω
combined	lbg_pairs.json	editorial_siglum	συγκελαρυζετων	συγκελαρ(ρ)ύζω
combined	lbg_pairs.json	editorial_siglum	συγκελαρυζη	συγκελαρ(ρ)ύζω
combined	lbg_pairs.json	editorial_siglum	συγκελαρυζης	συγκελαρ(ρ)ύζω
combined	lbg_pairs.json	editorial_siglum	συγκελαρυζησθε	συγκελαρ(ρ)ύζω
combined	lbg_pairs.json	editorial_siglum	συγκελαρυζησθον	συγκελαρ(ρ)ύζω
combined	lbg_pairs.json	editorial_siglum	συγκελαρυζηται	συγκελαρ(ρ)ύζω
combined	lbg_pairs.json	editorial_siglum	συγκελαρυζητε	συγκελαρ(ρ)ύζω
combined	lbg_pairs.json	editorial_siglum	συγκελαρυζητον	συγκελαρ(ρ)ύζω
combined	lbg_pairs.json	editorial_siglum	συγκελαρυζοι	συγκελαρ(ρ)ύζω
combined	lbg_pairs.json	editorial_siglum	συγκελαρυζοιεν	συγκελαρ(ρ)ύζω
combined	lbg_pairs.json	editorial_siglum	συγκελαρυζοιμεθα	συγκελαρ(ρ)ύζω
combined	lbg_pairs.json	editorial_siglum	συγκελαρυζοιμεν	συγκελαρ(ρ)ύζω
combined	lbg_pairs.json	editorial_siglum	συγκελαρυζοιμην	συγκελαρ(ρ)ύζω
combined	lbg_pairs.json	editorial_siglum	συγκελαρυζοιμι	συγκελαρ(ρ)ύζω
combined	lbg_pairs.json	editorial_siglum	συγκελαρυζοιντο	συγκελαρ(ρ)ύζω
combined	lbg_pairs.json	editorial_siglum	συγκελαρυζοιο	συγκελαρ(ρ)ύζω
combined	lbg_pairs.json	editorial_siglum	συγκελαρυζοις	συγκελαρ(ρ)ύζω
combined	lbg_pairs.json	editorial_siglum	συγκελαρυζοισθε	συγκελαρ(ρ)ύζω
combined	lbg_pairs.json	editorial_siglum	συγκελαρυζοισθην	συγκελαρ(ρ)ύζω
combined	lbg_pairs.json	editorial_siglum	συγκελαρυζοισθον	συγκελαρ(ρ)ύζω
combined	lbg_pairs.json	editorial_siglum	συγκελαρυζοιτε	συγκελαρ(ρ)ύζω
combined	lbg_pairs.json	editorial_siglum	συγκελαρυζοιτην	συγκελαρ(ρ)ύζω
combined	lbg_pairs.json	editorial_siglum	συγκελαρυζοιτο	συγκελαρ(ρ)ύζω
combined	lbg_pairs.json	editorial_siglum	συγκελαρυζοιτον	συγκελαρ(ρ)ύζω
combined	lbg_pairs.json	editorial_siglum	συγκελαρυζομαι	συγκελαρ(ρ)ύζω
combined	lbg_pairs.json	editorial_siglum	συγκελαρυζομεθα	συγκελαρ(ρ)ύζω
combined	lbg_pairs.json	editorial_siglum	συγκελαρυζομεν	συγκελαρ(ρ)ύζω
combined	lbg_pairs.json	editorial_siglum	συγκελαρυζομενη	συγκελαρ(ρ)ύζω
combined	lbg_pairs.json	editorial_siglum	συγκελαρυζομενον	συγκελαρ(ρ)ύζω
combined	lbg_pairs.json	editorial_siglum	συγκελαρυζομενος	συγκελαρ(ρ)ύζω
combined	lbg_pairs.json	editorial_siglum	συγκελαρυζον	συγκελαρ(ρ)ύζω
combined	lbg_pairs.json	editorial_siglum	συγκελαρυζονται	συγκελαρ(ρ)ύζω
combined	lbg_pairs.json	editorial_siglum	συγκελαρυζοντων	συγκελαρ(ρ)ύζω
combined	lbg_pairs.json	editorial_siglum	συγκελαρυζου	συγκελαρ(ρ)ύζω
combined	lbg_pairs.json	editorial_siglum	συγκελαρυζουσα	συγκελαρ(ρ)ύζω
combined	lbg_pairs.json	editorial_siglum	συγκελαρυζω	συγκελαρ(ρ)ύζω
combined	lbg_pairs.json	editorial_siglum	συγκελαρυζωμαι	συγκελαρ(ρ)ύζω
combined	lbg_pairs.json	editorial_siglum	συγκελαρυζωμεθα	συγκελαρ(ρ)ύζω
combined	lbg_pairs.json	editorial_siglum	συγκελαρυζωμεν	συγκελαρ(ρ)ύζω
combined	lbg_pairs.json	editorial_siglum	συγκελαρυζων	συγκελαρ(ρ)ύζω
combined	lbg_pairs.json	editorial_siglum	συγκελαρυζωνται	συγκελαρ(ρ)ύζω
combined	lbg_pairs.json	editorial_siglum	συκοτινα	συκοτ(ρ)ίνα
combined	lbg_pairs.json	editorial_siglum	συκοτιναι	συκοτ(ρ)ίνα
combined	lbg_pairs.json	editorial_siglum	συκοτιναιν	συκοτ(ρ)ίνα
combined	lbg_pairs.json	editorial_siglum	συκοτιναις	συκοτ(ρ)ίνα
combined	lbg_pairs.json	editorial_siglum	συκοτιναν	συκοτ(ρ)ίνα
combined	lbg_pairs.json	editorial_siglum	συκοτινας	συκοτ(ρ)ίνα
combined	lbg_pairs.json	editorial_siglum	συκοτινων	συκοτ(ρ)ίνα
combined	lbg_pairs.json	editorial_siglum	συκοτρινα	συκοτ(ρ)ίνα
combined	lbg_pairs.json	editorial_siglum	συκοτριναι	συκοτ(ρ)ίνα
combined	lbg_pairs.json	editorial_siglum	συκοτριναιν	συκοτ(ρ)ίνα
combined	lbg_pairs.json	editorial_siglum	συκοτριναις	συκοτ(ρ)ίνα
combined	lbg_pairs.json	editorial_siglum	συκοτριναν	συκοτ(ρ)ίνα
combined	lbg_pairs.json	editorial_siglum	συκοτρινας	συκοτ(ρ)ίνα
combined	lbg_pairs.json	editorial_siglum	συκοτρινων	συκοτ(ρ)ίνα
combined	lbg_pairs.json	editorial_siglum	συνεπιρρωννυε	συνεπιρρων(ν)ύω
combined	lbg_pairs.json	editorial_siglum	συνεπιρρωννυει	συνεπιρρων(ν)ύω
combined	lbg_pairs.json	editorial_siglum	συνεπιρρωννυειν	συνεπιρρων(ν)ύω
combined	lbg_pairs.json	editorial_siglum	συνεπιρρωννυεις	συνεπιρρων(ν)ύω
combined	lbg_pairs.json	editorial_siglum	συνεπιρρωννυεσθαι	συνεπιρρων(ν)ύω
combined	lbg_pairs.json	editorial_siglum	συνεπιρρωννυεσθε	συνεπιρρων(ν)ύω
combined	lbg_pairs.json	editorial_siglum	συνεπιρρωννυεσθον	συνεπιρρων(ν)ύω
combined	lbg_pairs.json	editorial_siglum	συνεπιρρωννυεσθω	συνεπιρρων(ν)ύω
combined	lbg_pairs.json	editorial_siglum	συνεπιρρωννυεσθων	συνεπιρρων(ν)ύω
combined	lbg_pairs.json	editorial_siglum	συνεπιρρωννυεται	συνεπιρρων(ν)ύω
combined	lbg_pairs.json	editorial_siglum	συνεπιρρωννυετε	συνεπιρρων(ν)ύω
combined	lbg_pairs.json	editorial_siglum	συνεπιρρωννυετον	συνεπιρρων(ν)ύω
combined	lbg_pairs.json	editorial_siglum	συνεπιρρωννυετω	συνεπιρρων(ν)ύω
combined	lbg_pairs.json	editorial_siglum	συνεπιρρωννυετων	συνεπιρρων(ν)ύω
combined	lbg_pairs.json	editorial_siglum	συνεπιρρωννυη	συνεπιρρων(ν)ύω
combined	lbg_pairs.json	editorial_siglum	συνεπιρρωννυης	συνεπιρρων(ν)ύω
combined	lbg_pairs.json	editorial_siglum	συνεπιρρωννυησθε	συνεπιρρων(ν)ύω
combined	lbg_pairs.json	editorial_siglum	συνεπιρρωννυησθον	συνεπιρρων(ν)ύω
combined	lbg_pairs.json	editorial_siglum	συνεπιρρωννυηται	συνεπιρρων(ν)ύω
combined	lbg_pairs.json	editorial_siglum	συνεπιρρωννυητε	συνεπιρρων(ν)ύω
combined	lbg_pairs.json	editorial_siglum	συνεπιρρωννυητον	συνεπιρρων(ν)ύω
combined	lbg_pairs.json	editorial_siglum	συνεπιρρωννυοι	συνεπιρρων(ν)ύω
combined	lbg_pairs.json	editorial_siglum	συνεπιρρωννυοιεν	συνεπιρρων(ν)ύω
combined	lbg_pairs.json	editorial_siglum	συνεπιρρωννυοιμεθα	συνεπιρρων(ν)ύω
combined	lbg_pairs.json	editorial_siglum	συνεπιρρωννυοιμεν	συνεπιρρων(ν)ύω
combined	lbg_pairs.json	editorial_siglum	συνεπιρρωννυοιμην	συνεπιρρων(ν)ύω
combined	lbg_pairs.json	editorial_siglum	συνεπιρρωννυοιμι	συνεπιρρων(ν)ύω
combined	lbg_pairs.json	editorial_siglum	συνεπιρρωννυοιντο	συνεπιρρων(ν)ύω
combined	lbg_pairs.json	editorial_siglum	συνεπιρρωννυοιο	συνεπιρρων(ν)ύω
combined	lbg_pairs.json	editorial_siglum	συνεπιρρωννυοις	συνεπιρρων(ν)ύω
combined	lbg_pairs.json	editorial_siglum	συνεπιρρωννυοισθε	συνεπιρρων(ν)ύω
combined	lbg_pairs.json	editorial_siglum	συνεπιρρωννυοισθην	συνεπιρρων(ν)ύω
combined	lbg_pairs.json	editorial_siglum	συνεπιρρωννυοισθον	συνεπιρρων(ν)ύω
combined	lbg_pairs.json	editorial_siglum	συνεπιρρωννυοιτε	συνεπιρρων(ν)ύω
combined	lbg_pairs.json	editorial_siglum	συνεπιρρωννυοιτην	συνεπιρρων(ν)ύω
combined	lbg_pairs.json	editorial_siglum	συνεπιρρωννυοιτο	συνεπιρρων(ν)ύω
combined	lbg_pairs.json	editorial_siglum	συνεπιρρωννυοιτον	συνεπιρρων(ν)ύω
combined	lbg_pairs.json	editorial_siglum	συνεπιρρωννυομαι	συνεπιρρων(ν)ύω
combined	lbg_pairs.json	editorial_siglum	συνεπιρρωννυομεθα	συνεπιρρων(ν)ύω
combined	lbg_pairs.json	editorial_siglum	συνεπιρρωννυομεν	συνεπιρρων(ν)ύω
combined	lbg_pairs.json	editorial_siglum	συνεπιρρωννυομενη	συνεπιρρων(ν)ύω
combined	lbg_pairs.json	editorial_siglum	συνεπιρρωννυομενον	συνεπιρρων(ν)ύω
combined	lbg_pairs.json	editorial_siglum	συνεπιρρωννυομενος	συνεπιρρων(ν)ύω
combined	lbg_pairs.json	editorial_siglum	συνεπιρρωννυον	συνεπιρρων(ν)ύω
combined	lbg_pairs.json	editorial_siglum	συνεπιρρωννυονται	συνεπιρρων(ν)ύω
combined	lbg_pairs.json	editorial_siglum	συνεπιρρωννυοντων	συνεπιρρων(ν)ύω
combined	lbg_pairs.json	editorial_siglum	συνεπιρρωννυου	συνεπιρρων(ν)ύω
combined	lbg_pairs.json	editorial_siglum	συνεπιρρωννυουσα	συνεπιρρων(ν)ύω
combined	lbg_pairs.json	editorial_siglum	συνεπιρρωννυω	συνεπιρρων(ν)ύω
combined	lbg_pairs.json	editorial_siglum	συνεπιρρωννυωμαι	συνεπιρρων(ν)ύω
combined	lbg_pairs.json	editorial_siglum	συνεπιρρωννυωμεθα	συνεπιρρων(ν)ύω
combined	lbg_pairs.json	editorial_siglum	συνεπιρρωννυωμεν	συνεπιρρων(ν)ύω
combined	lbg_pairs.json	editorial_siglum	συνεπιρρωννυων	συνεπιρρων(ν)ύω
combined	lbg_pairs.json	editorial_siglum	συνεπιρρωννυωνται	συνεπιρρων(ν)ύω
combined	lbg_pairs.json	editorial_siglum	συνεπιρρωνυε	συνεπιρρων(ν)ύω
combined	lbg_pairs.json	editorial_siglum	συνεπιρρωνυει	συνεπιρρων(ν)ύω
combined	lbg_pairs.json	editorial_siglum	συνεπιρρωνυειν	συνεπιρρων(ν)ύω
combined	lbg_pairs.json	editorial_siglum	συνεπιρρωνυεις	συνεπιρρων(ν)ύω
combined	lbg_pairs.json	editorial_siglum	συνεπιρρωνυεσθαι	συνεπιρρων(ν)ύω
combined	lbg_pairs.json	editorial_siglum	συνεπιρρωνυεσθε	συνεπιρρων(ν)ύω
combined	lbg_pairs.json	editorial_siglum	συνεπιρρωνυεσθον	συνεπιρρων(ν)ύω
combined	lbg_pairs.json	editorial_siglum	συνεπιρρωνυεσθω	συνεπιρρων(ν)ύω
combined	lbg_pairs.json	editorial_siglum	συνεπιρρωνυεσθων	συνεπιρρων(ν)ύω
combined	lbg_pairs.json	editorial_siglum	συνεπιρρωνυεται	συνεπιρρων(ν)ύω
combined	lbg_pairs.json	editorial_siglum	συνεπιρρωνυετε	συνεπιρρων(ν)ύω
combined	lbg_pairs.json	editorial_siglum	συνεπιρρωνυετον	συνεπιρρων(ν)ύω
combined	lbg_pairs.json	editorial_siglum	συνεπιρρωνυετω	συνεπιρρων(ν)ύω
combined	lbg_pairs.json	editorial_siglum	συνεπιρρωνυετων	συνεπιρρων(ν)ύω
combined	lbg_pairs.json	editorial_siglum	συνεπιρρωνυομαι	συνεπιρρων(ν)ύω
combined	lbg_pairs.json	editorial_siglum	συνεπιρρωνυομεθα	συνεπιρρων(ν)ύω
combined	lbg_pairs.json	editorial_siglum	συνεπιρρωνυομεν	συνεπιρρων(ν)ύω
combined	lbg_pairs.json	editorial_siglum	συνεπιρρωνυομενη	συνεπιρρων(ν)ύω
combined	lbg_pairs.json	editorial_siglum	συνεπιρρωνυομενον	συνεπιρρων(ν)ύω
combined	lbg_pairs.json	editorial_siglum	συνεπιρρωνυομενος	συνεπιρρων(ν)ύω
combined	lbg_pairs.json	editorial_siglum	συνεπιρρωνυον	συνεπιρρων(ν)ύω
combined	lbg_pairs.json	editorial_siglum	συνεπιρρωνυονται	συνεπιρρων(ν)ύω
combined	lbg_pairs.json	editorial_siglum	συνεπιρρωνυοντων	συνεπιρρων(ν)ύω
combined	lbg_pairs.json	editorial_siglum	συνεπιρρωνυου	συνεπιρρων(ν)ύω
combined	lbg_pairs.json	editorial_siglum	συνεπιρρωνυουσα	συνεπιρρων(ν)ύω
combined	lbg_pairs.json	editorial_siglum	συνεπιρρωνυων	συνεπιρρων(ν)ύω
combined	lbg_pairs.json	editorial_siglum	σφακελλε	σφάκελ(λ)ος
combined	lbg_pairs.json	editorial_siglum	σφακελλοι	σφάκελ(λ)ος
combined	lbg_pairs.json	editorial_siglum	σφακελλοιν	σφάκελ(λ)ος
combined	lbg_pairs.json	editorial_siglum	σφακελλοις	σφάκελ(λ)ος
combined	lbg_pairs.json	editorial_siglum	σφακελλον	σφάκελ(λ)ος
combined	lbg_pairs.json	editorial_siglum	σφακελλος	σφάκελ(λ)ος
combined	lbg_pairs.json	editorial_siglum	σφακελλου	σφάκελ(λ)ος
combined	lbg_pairs.json	editorial_siglum	σφακελλους	σφάκελ(λ)ος
combined	lbg_pairs.json	editorial_siglum	σφακελλω	σφάκελ(λ)ος
combined	lbg_pairs.json	editorial_siglum	σφακελλων	σφάκελ(λ)ος
combined	lbg_pairs.json	editorial_siglum	τετρασαρια	τετρασ(σ)άριον
combined	lbg_pairs.json	editorial_siglum	τετρασαριοιν	τετρασ(σ)άριον
combined	lbg_pairs.json	editorial_siglum	τετρασαριοις	τετρασ(σ)άριον
combined	lbg_pairs.json	editorial_siglum	τετρασαριον	τετρασ(σ)άριον
combined	lbg_pairs.json	editorial_siglum	τετρασαριου	τετρασ(σ)άριον
combined	lbg_pairs.json	editorial_siglum	τετρασαριω	τετρασ(σ)άριον
combined	lbg_pairs.json	editorial_siglum	τετρασαριων	τετρασ(σ)άριον
combined	lbg_pairs.json	editorial_siglum	τετρασσαρια	τετρασ(σ)άριον
combined	lbg_pairs.json	editorial_siglum	τετρασσαριοιν	τετρασ(σ)άριον
combined	lbg_pairs.json	editorial_siglum	τετρασσαριοις	τετρασ(σ)άριον
combined	lbg_pairs.json	editorial_siglum	τετρασσαριον	τετρασ(σ)άριον
combined	lbg_pairs.json	editorial_siglum	τετρασσαριου	τετρασ(σ)άριον
combined	lbg_pairs.json	editorial_siglum	τετρασσαριω	τετρασ(σ)άριον
combined	lbg_pairs.json	editorial_siglum	τετρασσαριων	τετρασ(σ)άριον
combined	lbg_pairs.json	editorial_siglum	τζεντζουαρια	τζεντ(ζ)ουάριον
combined	lbg_pairs.json	editorial_siglum	τζεντζουαριοιν	τζεντ(ζ)ουάριον
combined	lbg_pairs.json	editorial_siglum	τζεντζουαριοις	τζεντ(ζ)ουάριον
combined	lbg_pairs.json	editorial_siglum	τζεντζουαριον	τζεντ(ζ)ουάριον
combined	lbg_pairs.json	editorial_siglum	τζεντζουαριου	τζεντ(ζ)ουάριον
combined	lbg_pairs.json	editorial_siglum	τζεντζουαριω	τζεντ(ζ)ουάριον
combined	lbg_pairs.json	editorial_siglum	τζεντζουαριων	τζεντ(ζ)ουάριον
combined	lbg_pairs.json	editorial_siglum	τζεντουαρια	τζεντ(ζ)ουάριον
combined	lbg_pairs.json	editorial_siglum	τζεντουαριοιν	τζεντ(ζ)ουάριον
combined	lbg_pairs.json	editorial_siglum	τζεντουαριοις	τζεντ(ζ)ουάριον
combined	lbg_pairs.json	editorial_siglum	τζεντουαριον	τζεντ(ζ)ουάριον
combined	lbg_pairs.json	editorial_siglum	τζεντουαριου	τζεντ(ζ)ουάριον
combined	lbg_pairs.json	editorial_siglum	τζεντουαριω	τζεντ(ζ)ουάριον
combined	lbg_pairs.json	editorial_siglum	τζεντουαριων	τζεντ(ζ)ουάριον
combined	lbg_pairs.json	editorial_siglum	τοποτηρητισα	τοποτηρήτισ(σ)α
combined	lbg_pairs.json	editorial_siglum	τοποτηρητισαι	τοποτηρήτισ(σ)α
combined	lbg_pairs.json	editorial_siglum	τοποτηρητισαιν	τοποτηρήτισ(σ)α
combined	lbg_pairs.json	editorial_siglum	τοποτηρητισαις	τοποτηρήτισ(σ)α
combined	lbg_pairs.json	editorial_siglum	τοποτηρητισαν	τοποτηρήτισ(σ)α
combined	lbg_pairs.json	editorial_siglum	τοποτηρητισας	τοποτηρήτισ(σ)α
combined	lbg_pairs.json	editorial_siglum	τοποτηρητισσα	τοποτηρήτισ(σ)α
combined	lbg_pairs.json	editorial_siglum	τοποτηρητισσαι	τοποτηρήτισ(σ)α
combined	lbg_pairs.json	editorial_siglum	τοποτηρητισσαιν	τοποτηρήτισ(σ)α
combined	lbg_pairs.json	editorial_siglum	τοποτηρητισσαις	τοποτηρήτισ(σ)α
combined	lbg_pairs.json	editorial_siglum	τοποτηρητισσαν	τοποτηρήτισ(σ)α
combined	lbg_pairs.json	editorial_siglum	τοποτηρητισσας	τοποτηρήτισ(σ)α
combined	lbg_pairs.json	editorial_siglum	τοποτηρητισσων	τοποτηρήτισ(σ)α
combined	lbg_pairs.json	editorial_siglum	τοποτηρητισων	τοποτηρήτισ(σ)α
combined	lbg_pairs.json	editorial_siglum	τουβαλλα	τουβάλλ(ι)α
combined	lbg_pairs.json	editorial_siglum	τουβαλλαι	τουβάλλ(ι)α
combined	lbg_pairs.json	editorial_siglum	τουβαλλαιν	τουβάλλ(ι)α
combined	lbg_pairs.json	editorial_siglum	τουβαλλαις	τουβάλλ(ι)α
combined	lbg_pairs.json	editorial_siglum	τουβαλλαν	τουβάλλ(ι)α
combined	lbg_pairs.json	editorial_siglum	τουβαλλας	τουβάλλ(ι)α
combined	lbg_pairs.json	editorial_siglum	τουβαλλια	τουβάλλ(ι)α
combined	lbg_pairs.json	editorial_siglum	τουβαλλιαι	τουβάλλ(ι)α
combined	lbg_pairs.json	editorial_siglum	τουβαλλιαιν	τουβάλλ(ι)α
combined	lbg_pairs.json	editorial_siglum	τουβαλλιαις	τουβάλλ(ι)α
combined	lbg_pairs.json	editorial_siglum	τουβαλλιαν	τουβάλλ(ι)α
combined	lbg_pairs.json	editorial_siglum	τουβαλλιας	τουβάλλ(ι)α
combined	lbg_pairs.json	editorial_siglum	τουβαλλιων	τουβάλλ(ι)α
combined	lbg_pairs.json	editorial_siglum	τουβαλλων	τουβάλλ(ι)α
combined	lbg_pairs.json	editorial_siglum	τρουλατα	τρουλ(λ)άτον
combined	lbg_pairs.json	editorial_siglum	τρουλατοιν	τρουλ(λ)άτον
combined	lbg_pairs.json	editorial_siglum	τρουλατοις	τρουλ(λ)άτον
combined	lbg_pairs.json	editorial_siglum	τρουλατον	τρουλ(λ)άτον
combined	lbg_pairs.json	editorial_siglum	τρουλατου	τρουλ(λ)άτον
combined	lbg_pairs.json	editorial_siglum	τρουλατω	τρουλ(λ)άτον
combined	lbg_pairs.json	editorial_siglum	τρουλατων	τρουλ(λ)άτον
combined	lbg_pairs.json	editorial_siglum	τρουλλατα	τρουλ(λ)άτον
combined	lbg_pairs.json	editorial_siglum	τρουλλατοιν	τρουλ(λ)άτον
combined	lbg_pairs.json	editorial_siglum	τρουλλατοις	τρουλ(λ)άτον
combined	lbg_pairs.json	editorial_siglum	τρουλλατον	τρουλ(λ)άτον
combined	lbg_pairs.json	editorial_siglum	τρουλλατου	τρουλ(λ)άτον
combined	lbg_pairs.json	editorial_siglum	τρουλλατω	τρουλ(λ)άτον
combined	lbg_pairs.json	editorial_siglum	τρουλλατων	τρουλ(λ)άτον
combined	lbg_pairs.json	editorial_siglum	τρουλιοιν	τρουλ(λ)ίον
combined	lbg_pairs.json	editorial_siglum	τρουλιοις	τρουλ(λ)ίον
combined	lbg_pairs.json	editorial_siglum	τρουλιον	τρουλ(λ)ίον
combined	lbg_pairs.json	editorial_siglum	τρουλιου	τρουλ(λ)ίον
combined	lbg_pairs.json	editorial_siglum	τρουλιω	τρουλ(λ)ίον
combined	lbg_pairs.json	editorial_siglum	τρουλιων	τρουλ(λ)ίον
combined	lbg_pairs.json	editorial_siglum	τρουλλιοιν	τρουλ(λ)ίον
combined	lbg_pairs.json	editorial_siglum	τρουλλιοις	τρουλ(λ)ίον
combined	lbg_pairs.json	editorial_siglum	τρουλλιον	τρουλ(λ)ίον
combined	lbg_pairs.json	editorial_siglum	τρουλλιου	τρουλ(λ)ίον
combined	lbg_pairs.json	editorial_siglum	τρουλλιω	τρουλ(λ)ίον
combined	lbg_pairs.json	editorial_siglum	τρουλλιων	τρουλ(λ)ίον
combined	lbg_pairs.json	editorial_siglum	τρουλαι	τροῦλ(λ)α
combined	lbg_pairs.json	editorial_siglum	τρουλαιν	τροῦλ(λ)α
combined	lbg_pairs.json	editorial_siglum	τρουλαις	τροῦλ(λ)α
combined	lbg_pairs.json	editorial_siglum	τρουλαν	τροῦλ(λ)α
combined	lbg_pairs.json	editorial_siglum	τρουλας	τροῦλ(λ)α
combined	lbg_pairs.json	editorial_siglum	φελλοπαπουτζα	φελ(λ)οπάπουτζον
combined	lbg_pairs.json	editorial_siglum	φελλοπαπουτζοιν	φελ(λ)οπάπουτζον
combined	lbg_pairs.json	editorial_siglum	φελλοπαπουτζοις	φελ(λ)οπάπουτζον
combined	lbg_pairs.json	editorial_siglum	φελλοπαπουτζον	φελ(λ)οπάπουτζον
combined	lbg_pairs.json	editorial_siglum	φελλοπαπουτζου	φελ(λ)οπάπουτζον
combined	lbg_pairs.json	editorial_siglum	φελλοπαπουτζω	φελ(λ)οπάπουτζον
combined	lbg_pairs.json	editorial_siglum	φελλοπαπουτζων	φελ(λ)οπάπουτζον
combined	lbg_pairs.json	editorial_siglum	φελοπαπουτζα	φελ(λ)οπάπουτζον
combined	lbg_pairs.json	editorial_siglum	φελοπαπουτζοιν	φελ(λ)οπάπουτζον
combined	lbg_pairs.json	editorial_siglum	φελοπαπουτζοις	φελ(λ)οπάπουτζον
combined	lbg_pairs.json	editorial_siglum	φελοπαπουτζον	φελ(λ)οπάπουτζον
combined	lbg_pairs.json	editorial_siglum	φελοπαπουτζου	φελ(λ)οπάπουτζον
combined	lbg_pairs.json	editorial_siglum	φελοπαπουτζω	φελ(λ)οπάπουτζον
combined	lbg_pairs.json	editorial_siglum	φελοπαπουτζων	φελ(λ)οπάπουτζον
combined	lbg_pairs.json	editorial_siglum	φισκεια	φισκ(ε)ία
combined	lbg_pairs.json	editorial_siglum	φισκειαι	φισκ(ε)ία
combined	lbg_pairs.json	editorial_siglum	φισκειαιν	φισκ(ε)ία
combined	lbg_pairs.json	editorial_siglum	φισκειαις	φισκ(ε)ία
combined	lbg_pairs.json	editorial_siglum	φισκειαν	φισκ(ε)ία
combined	lbg_pairs.json	editorial_siglum	φισκειας	φισκ(ε)ία
combined	lbg_pairs.json	editorial_siglum	φισκειων	φισκ(ε)ία
combined	lbg_pairs.json	editorial_siglum	φισκια	φισκ(ε)ία
combined	lbg_pairs.json	editorial_siglum	φισκιαι	φισκ(ε)ία
combined	lbg_pairs.json	editorial_siglum	φισκιαιν	φισκ(ε)ία
combined	lbg_pairs.json	editorial_siglum	φισκιαις	φισκ(ε)ία
combined	lbg_pairs.json	editorial_siglum	φισκιαν	φισκ(ε)ία
combined	lbg_pairs.json	editorial_siglum	φισκιας	φισκ(ε)ία
combined	lbg_pairs.json	editorial_siglum	φισκιων	φισκ(ε)ία
combined	lbg_pairs.json	editorial_siglum	φλαμμουλαριε	φλαμ(μ)ουλάριος
combined	lbg_pairs.json	editorial_siglum	φλαμμουλαριοι	φλαμ(μ)ουλάριος
combined	lbg_pairs.json	editorial_siglum	φλαμμουλαριοιν	φλαμ(μ)ουλάριος
combined	lbg_pairs.json	editorial_siglum	φλαμμουλαριοις	φλαμ(μ)ουλάριος
combined	lbg_pairs.json	editorial_siglum	φλαμμουλαριον	φλαμ(μ)ουλάριος
combined	lbg_pairs.json	editorial_siglum	φλαμμουλαριου	φλαμ(μ)ουλάριος
combined	lbg_pairs.json	editorial_siglum	φλαμμουλαριους	φλαμ(μ)ουλάριος
combined	lbg_pairs.json	editorial_siglum	φλαμμουλαριω	φλαμ(μ)ουλάριος
combined	lbg_pairs.json	editorial_siglum	φλαμμουλαριων	φλαμ(μ)ουλάριος
combined	lbg_pairs.json	editorial_siglum	φλαμουλαριε	φλαμ(μ)ουλάριος
combined	lbg_pairs.json	editorial_siglum	φλαμουλαριοι	φλαμ(μ)ουλάριος
combined	lbg_pairs.json	editorial_siglum	φλαμουλαριοιν	φλαμ(μ)ουλάριος
combined	lbg_pairs.json	editorial_siglum	φλαμουλαριοις	φλαμ(μ)ουλάριος
combined	lbg_pairs.json	editorial_siglum	φλαμουλαριον	φλαμ(μ)ουλάριος
combined	lbg_pairs.json	editorial_siglum	φλαμουλαριος	φλαμ(μ)ουλάριος
combined	lbg_pairs.json	editorial_siglum	φλαμουλαριου	φλαμ(μ)ουλάριος
combined	lbg_pairs.json	editorial_siglum	φλαμουλαριους	φλαμ(μ)ουλάριος
combined	lbg_pairs.json	editorial_siglum	φλαμουλαριω	φλαμ(μ)ουλάριος
combined	lbg_pairs.json	editorial_siglum	φλαμουλαριων	φλαμ(μ)ουλάριος
combined	lbg_pairs.json	editorial_siglum	φραγελιζε	φραγελ(λ)ίζω
combined	lbg_pairs.json	editorial_siglum	φραγελιζει	φραγελ(λ)ίζω
combined	lbg_pairs.json	editorial_siglum	φραγελιζειν	φραγελ(λ)ίζω
combined	lbg_pairs.json	editorial_siglum	φραγελιζεις	φραγελ(λ)ίζω
combined	lbg_pairs.json	editorial_siglum	φραγελιζεσθαι	φραγελ(λ)ίζω
combined	lbg_pairs.json	editorial_siglum	φραγελιζεσθε	φραγελ(λ)ίζω
combined	lbg_pairs.json	editorial_siglum	φραγελιζεσθον	φραγελ(λ)ίζω
combined	lbg_pairs.json	editorial_siglum	φραγελιζεσθω	φραγελ(λ)ίζω
combined	lbg_pairs.json	editorial_siglum	φραγελιζεσθων	φραγελ(λ)ίζω
combined	lbg_pairs.json	editorial_siglum	φραγελιζεται	φραγελ(λ)ίζω
combined	lbg_pairs.json	editorial_siglum	φραγελιζετε	φραγελ(λ)ίζω
combined	lbg_pairs.json	editorial_siglum	φραγελιζετον	φραγελ(λ)ίζω
combined	lbg_pairs.json	editorial_siglum	φραγελιζετω	φραγελ(λ)ίζω
combined	lbg_pairs.json	editorial_siglum	φραγελιζετων	φραγελ(λ)ίζω
combined	lbg_pairs.json	editorial_siglum	φραγελιζη	φραγελ(λ)ίζω
combined	lbg_pairs.json	editorial_siglum	φραγελιζης	φραγελ(λ)ίζω
combined	lbg_pairs.json	editorial_siglum	φραγελιζησθε	φραγελ(λ)ίζω
combined	lbg_pairs.json	editorial_siglum	φραγελιζησθον	φραγελ(λ)ίζω
combined	lbg_pairs.json	editorial_siglum	φραγελιζηται	φραγελ(λ)ίζω
combined	lbg_pairs.json	editorial_siglum	φραγελιζητε	φραγελ(λ)ίζω
combined	lbg_pairs.json	editorial_siglum	φραγελιζητον	φραγελ(λ)ίζω
combined	lbg_pairs.json	editorial_siglum	φραγελιζοι	φραγελ(λ)ίζω
combined	lbg_pairs.json	editorial_siglum	φραγελιζοιεν	φραγελ(λ)ίζω
combined	lbg_pairs.json	editorial_siglum	φραγελιζοιμεθα	φραγελ(λ)ίζω
combined	lbg_pairs.json	editorial_siglum	φραγελιζοιμεν	φραγελ(λ)ίζω
combined	lbg_pairs.json	editorial_siglum	φραγελιζοιμην	φραγελ(λ)ίζω
combined	lbg_pairs.json	editorial_siglum	φραγελιζοιμι	φραγελ(λ)ίζω
combined	lbg_pairs.json	editorial_siglum	φραγελιζοιντο	φραγελ(λ)ίζω
combined	lbg_pairs.json	editorial_siglum	φραγελιζοιο	φραγελ(λ)ίζω
combined	lbg_pairs.json	editorial_siglum	φραγελιζοις	φραγελ(λ)ίζω
combined	lbg_pairs.json	editorial_siglum	φραγελιζοισθε	φραγελ(λ)ίζω
combined	lbg_pairs.json	editorial_siglum	φραγελιζοισθην	φραγελ(λ)ίζω
combined	lbg_pairs.json	editorial_siglum	φραγελιζοισθον	φραγελ(λ)ίζω
combined	lbg_pairs.json	editorial_siglum	φραγελιζοιτε	φραγελ(λ)ίζω
combined	lbg_pairs.json	editorial_siglum	φραγελιζοιτην	φραγελ(λ)ίζω
combined	lbg_pairs.json	editorial_siglum	φραγελιζοιτο	φραγελ(λ)ίζω
combined	lbg_pairs.json	editorial_siglum	φραγελιζοιτον	φραγελ(λ)ίζω
combined	lbg_pairs.json	editorial_siglum	φραγελιζομαι	φραγελ(λ)ίζω
combined	lbg_pairs.json	editorial_siglum	φραγελιζομεθα	φραγελ(λ)ίζω
combined	lbg_pairs.json	editorial_siglum	φραγελιζομεν	φραγελ(λ)ίζω
combined	lbg_pairs.json	editorial_siglum	φραγελιζομενη	φραγελ(λ)ίζω
combined	lbg_pairs.json	editorial_siglum	φραγελιζομενον	φραγελ(λ)ίζω
combined	lbg_pairs.json	editorial_siglum	φραγελιζομενος	φραγελ(λ)ίζω
combined	lbg_pairs.json	editorial_siglum	φραγελιζον	φραγελ(λ)ίζω
combined	lbg_pairs.json	editorial_siglum	φραγελιζονται	φραγελ(λ)ίζω
combined	lbg_pairs.json	editorial_siglum	φραγελιζοντων	φραγελ(λ)ίζω
combined	lbg_pairs.json	editorial_siglum	φραγελιζου	φραγελ(λ)ίζω
combined	lbg_pairs.json	editorial_siglum	φραγελιζουσα	φραγελ(λ)ίζω
combined	lbg_pairs.json	editorial_siglum	φραγελιζω	φραγελ(λ)ίζω
combined	lbg_pairs.json	editorial_siglum	φραγελιζωμαι	φραγελ(λ)ίζω
combined	lbg_pairs.json	editorial_siglum	φραγελιζωμεθα	φραγελ(λ)ίζω
combined	lbg_pairs.json	editorial_siglum	φραγελιζωμεν	φραγελ(λ)ίζω
combined	lbg_pairs.json	editorial_siglum	φραγελιζων	φραγελ(λ)ίζω
combined	lbg_pairs.json	editorial_siglum	φραγελιζωνται	φραγελ(λ)ίζω
combined	lbg_pairs.json	editorial_siglum	φραγελλιζε	φραγελ(λ)ίζω
combined	lbg_pairs.json	editorial_siglum	φραγελλιζει	φραγελ(λ)ίζω
combined	lbg_pairs.json	editorial_siglum	φραγελλιζειν	φραγελ(λ)ίζω
combined	lbg_pairs.json	editorial_siglum	φραγελλιζεις	φραγελ(λ)ίζω
combined	lbg_pairs.json	editorial_siglum	φραγελλιζεσθαι	φραγελ(λ)ίζω
combined	lbg_pairs.json	editorial_siglum	φραγελλιζεσθε	φραγελ(λ)ίζω
combined	lbg_pairs.json	editorial_siglum	φραγελλιζεσθον	φραγελ(λ)ίζω
combined	lbg_pairs.json	editorial_siglum	φραγελλιζεσθω	φραγελ(λ)ίζω
combined	lbg_pairs.json	editorial_siglum	φραγελλιζεσθων	φραγελ(λ)ίζω
combined	lbg_pairs.json	editorial_siglum	φραγελλιζεται	φραγελ(λ)ίζω
combined	lbg_pairs.json	editorial_siglum	φραγελλιζετε	φραγελ(λ)ίζω
combined	lbg_pairs.json	editorial_siglum	φραγελλιζετον	φραγελ(λ)ίζω
combined	lbg_pairs.json	editorial_siglum	φραγελλιζετω	φραγελ(λ)ίζω
combined	lbg_pairs.json	editorial_siglum	φραγελλιζετων	φραγελ(λ)ίζω
combined	lbg_pairs.json	editorial_siglum	φραγελλιζη	φραγελ(λ)ίζω
combined	lbg_pairs.json	editorial_siglum	φραγελλιζης	φραγελ(λ)ίζω
combined	lbg_pairs.json	editorial_siglum	φραγελλιζησθε	φραγελ(λ)ίζω
combined	lbg_pairs.json	editorial_siglum	φραγελλιζησθον	φραγελ(λ)ίζω
combined	lbg_pairs.json	editorial_siglum	φραγελλιζηται	φραγελ(λ)ίζω
combined	lbg_pairs.json	editorial_siglum	φραγελλιζητε	φραγελ(λ)ίζω
combined	lbg_pairs.json	editorial_siglum	φραγελλιζητον	φραγελ(λ)ίζω
combined	lbg_pairs.json	editorial_siglum	φραγελλιζοι	φραγελ(λ)ίζω
combined	lbg_pairs.json	editorial_siglum	φραγελλιζοιεν	φραγελ(λ)ίζω
combined	lbg_pairs.json	editorial_siglum	φραγελλιζοιμεθα	φραγελ(λ)ίζω
combined	lbg_pairs.json	editorial_siglum	φραγελλιζοιμεν	φραγελ(λ)ίζω
combined	lbg_pairs.json	editorial_siglum	φραγελλιζοιμην	φραγελ(λ)ίζω
combined	lbg_pairs.json	editorial_siglum	φραγελλιζοιμι	φραγελ(λ)ίζω
combined	lbg_pairs.json	editorial_siglum	φραγελλιζοιντο	φραγελ(λ)ίζω
combined	lbg_pairs.json	editorial_siglum	φραγελλιζοιο	φραγελ(λ)ίζω
combined	lbg_pairs.json	editorial_siglum	φραγελλιζοις	φραγελ(λ)ίζω
combined	lbg_pairs.json	editorial_siglum	φραγελλιζοισθε	φραγελ(λ)ίζω
combined	lbg_pairs.json	editorial_siglum	φραγελλιζοισθην	φραγελ(λ)ίζω
combined	lbg_pairs.json	editorial_siglum	φραγελλιζοισθον	φραγελ(λ)ίζω
combined	lbg_pairs.json	editorial_siglum	φραγελλιζοιτε	φραγελ(λ)ίζω
combined	lbg_pairs.json	editorial_siglum	φραγελλιζοιτην	φραγελ(λ)ίζω
combined	lbg_pairs.json	editorial_siglum	φραγελλιζοιτο	φραγελ(λ)ίζω
combined	lbg_pairs.json	editorial_siglum	φραγελλιζοιτον	φραγελ(λ)ίζω
combined	lbg_pairs.json	editorial_siglum	φραγελλιζομαι	φραγελ(λ)ίζω
combined	lbg_pairs.json	editorial_siglum	φραγελλιζομεθα	φραγελ(λ)ίζω
combined	lbg_pairs.json	editorial_siglum	φραγελλιζομεν	φραγελ(λ)ίζω
combined	lbg_pairs.json	editorial_siglum	φραγελλιζομενη	φραγελ(λ)ίζω
combined	lbg_pairs.json	editorial_siglum	φραγελλιζομενον	φραγελ(λ)ίζω
combined	lbg_pairs.json	editorial_siglum	φραγελλιζομενος	φραγελ(λ)ίζω
combined	lbg_pairs.json	editorial_siglum	φραγελλιζον	φραγελ(λ)ίζω
combined	lbg_pairs.json	editorial_siglum	φραγελλιζονται	φραγελ(λ)ίζω
combined	lbg_pairs.json	editorial_siglum	φραγελλιζοντων	φραγελ(λ)ίζω
combined	lbg_pairs.json	editorial_siglum	φραγελλιζου	φραγελ(λ)ίζω
combined	lbg_pairs.json	editorial_siglum	φραγελλιζουσα	φραγελ(λ)ίζω
combined	lbg_pairs.json	editorial_siglum	φραγελλιζω	φραγελ(λ)ίζω
combined	lbg_pairs.json	editorial_siglum	φραγελλιζωμαι	φραγελ(λ)ίζω
combined	lbg_pairs.json	editorial_siglum	φραγελλιζωμεθα	φραγελ(λ)ίζω
combined	lbg_pairs.json	editorial_siglum	φραγελλιζωμεν	φραγελ(λ)ίζω
combined	lbg_pairs.json	editorial_siglum	φραγελλιζων	φραγελ(λ)ίζω
combined	lbg_pairs.json	editorial_siglum	φραγελλιζωνται	φραγελ(λ)ίζω
combined	lbg_pairs.json	editorial_siglum	χαλαζοκουπεε	χαλαζοκο(υ)πέω
combined	lbg_pairs.json	editorial_siglum	χαλαζοκουπεει	χαλαζοκο(υ)πέω
combined	lbg_pairs.json	editorial_siglum	χαλαζοκουπεειν	χαλαζοκο(υ)πέω
combined	lbg_pairs.json	editorial_siglum	χαλαζοκουπεεις	χαλαζοκο(υ)πέω
combined	lbg_pairs.json	editorial_siglum	χαλαζοκουπεεσθαι	χαλαζοκο(υ)πέω
combined	lbg_pairs.json	editorial_siglum	χαλαζοκουπεεσθε	χαλαζοκο(υ)πέω
combined	lbg_pairs.json	editorial_siglum	χαλαζοκουπεεσθον	χαλαζοκο(υ)πέω
combined	lbg_pairs.json	editorial_siglum	χαλαζοκουπεεσθω	χαλαζοκο(υ)πέω
combined	lbg_pairs.json	editorial_siglum	χαλαζοκουπεεσθων	χαλαζοκο(υ)πέω
combined	lbg_pairs.json	editorial_siglum	χαλαζοκουπεεται	χαλαζοκο(υ)πέω
combined	lbg_pairs.json	editorial_siglum	χαλαζοκουπεετε	χαλαζοκο(υ)πέω
combined	lbg_pairs.json	editorial_siglum	χαλαζοκουπεετον	χαλαζοκο(υ)πέω
combined	lbg_pairs.json	editorial_siglum	χαλαζοκουπεετω	χαλαζοκο(υ)πέω
combined	lbg_pairs.json	editorial_siglum	χαλαζοκουπεετων	χαλαζοκο(υ)πέω
combined	lbg_pairs.json	editorial_siglum	χαλαζοκουπεη	χαλαζοκο(υ)πέω
combined	lbg_pairs.json	editorial_siglum	χαλαζοκουπεης	χαλαζοκο(υ)πέω
combined	lbg_pairs.json	editorial_siglum	χαλαζοκουπεησθε	χαλαζοκο(υ)πέω
combined	lbg_pairs.json	editorial_siglum	χαλαζοκουπεησθον	χαλαζοκο(υ)πέω
combined	lbg_pairs.json	editorial_siglum	χαλαζοκουπεηται	χαλαζοκο(υ)πέω
combined	lbg_pairs.json	editorial_siglum	χαλαζοκουπεητε	χαλαζοκο(υ)πέω
combined	lbg_pairs.json	editorial_siglum	χαλαζοκουπεητον	χαλαζοκο(υ)πέω
combined	lbg_pairs.json	editorial_siglum	χαλαζοκουπει	χαλαζοκο(υ)πέω
combined	lbg_pairs.json	editorial_siglum	χαλαζοκουπειν	χαλαζοκο(υ)πέω
combined	lbg_pairs.json	editorial_siglum	χαλαζοκουπεις	χαλαζοκο(υ)πέω
combined	lbg_pairs.json	editorial_siglum	χαλαζοκουπεισθαι	χαλαζοκο(υ)πέω
combined	lbg_pairs.json	editorial_siglum	χαλαζοκουπεισθε	χαλαζοκο(υ)πέω
combined	lbg_pairs.json	editorial_siglum	χαλαζοκουπεισθον	χαλαζοκο(υ)πέω
combined	lbg_pairs.json	editorial_siglum	χαλαζοκουπεισθω	χαλαζοκο(υ)πέω
combined	lbg_pairs.json	editorial_siglum	χαλαζοκουπεισθων	χαλαζοκο(υ)πέω
combined	lbg_pairs.json	editorial_siglum	χαλαζοκουπειται	χαλαζοκο(υ)πέω
combined	lbg_pairs.json	editorial_siglum	χαλαζοκουπειτε	χαλαζοκο(υ)πέω
combined	lbg_pairs.json	editorial_siglum	χαλαζοκουπειτον	χαλαζοκο(υ)πέω
combined	lbg_pairs.json	editorial_siglum	χαλαζοκουπειτω	χαλαζοκο(υ)πέω
combined	lbg_pairs.json	editorial_siglum	χαλαζοκουπειτων	χαλαζοκο(υ)πέω
combined	lbg_pairs.json	editorial_siglum	χαλαζοκουπεοι	χαλαζοκο(υ)πέω
combined	lbg_pairs.json	editorial_siglum	χαλαζοκουπεοιεν	χαλαζοκο(υ)πέω
combined	lbg_pairs.json	editorial_siglum	χαλαζοκουπεοιμεθα	χαλαζοκο(υ)πέω
combined	lbg_pairs.json	editorial_siglum	χαλαζοκουπεοιμεν	χαλαζοκο(υ)πέω
combined	lbg_pairs.json	editorial_siglum	χαλαζοκουπεοιμην	χαλαζοκο(υ)πέω
combined	lbg_pairs.json	editorial_siglum	χαλαζοκουπεοιμι	χαλαζοκο(υ)πέω
combined	lbg_pairs.json	editorial_siglum	χαλαζοκουπεοιντο	χαλαζοκο(υ)πέω
combined	lbg_pairs.json	editorial_siglum	χαλαζοκουπεοιο	χαλαζοκο(υ)πέω
combined	lbg_pairs.json	editorial_siglum	χαλαζοκουπεοις	χαλαζοκο(υ)πέω
combined	lbg_pairs.json	editorial_siglum	χαλαζοκουπεοισθε	χαλαζοκο(υ)πέω
combined	lbg_pairs.json	editorial_siglum	χαλαζοκουπεοισθην	χαλαζοκο(υ)πέω
combined	lbg_pairs.json	editorial_siglum	χαλαζοκουπεοισθον	χαλαζοκο(υ)πέω
combined	lbg_pairs.json	editorial_siglum	χαλαζοκουπεοιτε	χαλαζοκο(υ)πέω
combined	lbg_pairs.json	editorial_siglum	χαλαζοκουπεοιτην	χαλαζοκο(υ)πέω
combined	lbg_pairs.json	editorial_siglum	χαλαζοκουπεοιτο	χαλαζοκο(υ)πέω
combined	lbg_pairs.json	editorial_siglum	χαλαζοκουπεοιτον	χαλαζοκο(υ)πέω
combined	lbg_pairs.json	editorial_siglum	χαλαζοκουπεομαι	χαλαζοκο(υ)πέω
combined	lbg_pairs.json	editorial_siglum	χαλαζοκουπεομεθα	χαλαζοκο(υ)πέω
combined	lbg_pairs.json	editorial_siglum	χαλαζοκουπεομεν	χαλαζοκο(υ)πέω
combined	lbg_pairs.json	editorial_siglum	χαλαζοκουπεομενη	χαλαζοκο(υ)πέω
combined	lbg_pairs.json	editorial_siglum	χαλαζοκουπεομενον	χαλαζοκο(υ)πέω
combined	lbg_pairs.json	editorial_siglum	χαλαζοκουπεομενος	χαλαζοκο(υ)πέω
combined	lbg_pairs.json	editorial_siglum	χαλαζοκουπεον	χαλαζοκο(υ)πέω
combined	lbg_pairs.json	editorial_siglum	χαλαζοκουπεονται	χαλαζοκο(υ)πέω
combined	lbg_pairs.json	editorial_siglum	χαλαζοκουπεοντων	χαλαζοκο(υ)πέω
combined	lbg_pairs.json	editorial_siglum	χαλαζοκουπεου	χαλαζοκο(υ)πέω
combined	lbg_pairs.json	editorial_siglum	χαλαζοκουπεουσα	χαλαζοκο(υ)πέω
combined	lbg_pairs.json	editorial_siglum	χαλαζοκουπεω	χαλαζοκο(υ)πέω
combined	lbg_pairs.json	editorial_siglum	χαλαζοκουπεωμαι	χαλαζοκο(υ)πέω
combined	lbg_pairs.json	editorial_siglum	χαλαζοκουπεωμεθα	χαλαζοκο(υ)πέω
combined	lbg_pairs.json	editorial_siglum	χαλαζοκουπεωμεν	χαλαζοκο(υ)πέω
combined	lbg_pairs.json	editorial_siglum	χαλαζοκουπεων	χαλαζοκο(υ)πέω
combined	lbg_pairs.json	editorial_siglum	χαλαζοκουπεωνται	χαλαζοκο(υ)πέω
combined	lbg_pairs.json	editorial_siglum	χαλαζοκουπη	χαλαζοκο(υ)πέω
combined	lbg_pairs.json	editorial_siglum	χαλαζοκουπης	χαλαζοκο(υ)πέω
combined	lbg_pairs.json	editorial_siglum	χαλαζοκουπησθε	χαλαζοκο(υ)πέω
combined	lbg_pairs.json	editorial_siglum	χαλαζοκουπησθον	χαλαζοκο(υ)πέω
combined	lbg_pairs.json	editorial_siglum	χαλαζοκουπηται	χαλαζοκο(υ)πέω
combined	lbg_pairs.json	editorial_siglum	χαλαζοκουπητε	χαλαζοκο(υ)πέω
combined	lbg_pairs.json	editorial_siglum	χαλαζοκουπητον	χαλαζοκο(υ)πέω
combined	lbg_pairs.json	editorial_siglum	χαλαζοκουποι	χαλαζοκο(υ)πέω
combined	lbg_pairs.json	editorial_siglum	χαλαζοκουποιεν	χαλαζοκο(υ)πέω
combined	lbg_pairs.json	editorial_siglum	χαλαζοκουποιη	χαλαζοκο(υ)πέω
combined	lbg_pairs.json	editorial_siglum	χαλαζοκουποιημεν	χαλαζοκο(υ)πέω
combined	lbg_pairs.json	editorial_siglum	χαλαζοκουποιην	χαλαζοκο(υ)πέω
combined	lbg_pairs.json	editorial_siglum	χαλαζοκουποιης	χαλαζοκο(υ)πέω
combined	lbg_pairs.json	editorial_siglum	χαλαζοκουποιησαν	χαλαζοκο(υ)πέω
combined	lbg_pairs.json	editorial_siglum	χαλαζοκουποιητε	χαλαζοκο(υ)πέω
combined	lbg_pairs.json	editorial_siglum	χαλαζοκουποιητην	χαλαζοκο(υ)πέω
combined	lbg_pairs.json	editorial_siglum	χαλαζοκουποιητον	χαλαζοκο(υ)πέω
combined	lbg_pairs.json	editorial_siglum	χαλαζοκουποιμεθα	χαλαζοκο(υ)πέω
combined	lbg_pairs.json	editorial_siglum	χαλαζοκουποιμεν	χαλαζοκο(υ)πέω
combined	lbg_pairs.json	editorial_siglum	χαλαζοκουποιμην	χαλαζοκο(υ)πέω
combined	lbg_pairs.json	editorial_siglum	χαλαζοκουποιμι	χαλαζοκο(υ)πέω
combined	lbg_pairs.json	editorial_siglum	χαλαζοκουποιντο	χαλαζοκο(υ)πέω
combined	lbg_pairs.json	editorial_siglum	χαλαζοκουποιο	χαλαζοκο(υ)πέω
combined	lbg_pairs.json	editorial_siglum	χαλαζοκουποις	χαλαζοκο(υ)πέω
combined	lbg_pairs.json	editorial_siglum	χαλαζοκουποισθε	χαλαζοκο(υ)πέω
combined	lbg_pairs.json	editorial_siglum	χαλαζοκουποισθην	χαλαζοκο(υ)πέω
combined	lbg_pairs.json	editorial_siglum	χαλαζοκουποισθον	χαλαζοκο(υ)πέω
combined	lbg_pairs.json	editorial_siglum	χαλαζοκουποιτε	χαλαζοκο(υ)πέω
combined	lbg_pairs.json	editorial_siglum	χαλαζοκουποιτην	χαλαζοκο(υ)πέω
combined	lbg_pairs.json	editorial_siglum	χαλαζοκουποιτο	χαλαζοκο(υ)πέω
combined	lbg_pairs.json	editorial_siglum	χαλαζοκουποιτον	χαλαζοκο(υ)πέω
combined	lbg_pairs.json	editorial_siglum	χαλαζοκουπου	χαλαζοκο(υ)πέω
combined	lbg_pairs.json	editorial_siglum	χαλαζοκουπουμαι	χαλαζοκο(υ)πέω
combined	lbg_pairs.json	editorial_siglum	χαλαζοκουπουμεθα	χαλαζοκο(υ)πέω
combined	lbg_pairs.json	editorial_siglum	χαλαζοκουπουμεν	χαλαζοκο(υ)πέω
combined	lbg_pairs.json	editorial_siglum	χαλαζοκουπουμενη	χαλαζοκο(υ)πέω
combined	lbg_pairs.json	editorial_siglum	χαλαζοκουπουμενον	χαλαζοκο(υ)πέω
combined	lbg_pairs.json	editorial_siglum	χαλαζοκουπουμενος	χαλαζοκο(υ)πέω
combined	lbg_pairs.json	editorial_siglum	χαλαζοκουπουν	χαλαζοκο(υ)πέω
combined	lbg_pairs.json	editorial_siglum	χαλαζοκουπουνται	χαλαζοκο(υ)πέω
combined	lbg_pairs.json	editorial_siglum	χαλαζοκουπουντων	χαλαζοκο(υ)πέω
combined	lbg_pairs.json	editorial_siglum	χαλαζοκουπουσα	χαλαζοκο(υ)πέω
combined	lbg_pairs.json	editorial_siglum	χαλαζοκουπω	χαλαζοκο(υ)πέω
combined	lbg_pairs.json	editorial_siglum	χαλαζοκουπωμαι	χαλαζοκο(υ)πέω
combined	lbg_pairs.json	editorial_siglum	χαλαζοκουπωμεθα	χαλαζοκο(υ)πέω
combined	lbg_pairs.json	editorial_siglum	χαλαζοκουπωμεν	χαλαζοκο(υ)πέω
combined	lbg_pairs.json	editorial_siglum	χαλαζοκουπων	χαλαζοκο(υ)πέω
combined	lbg_pairs.json	editorial_siglum	χαλαζοκουπωνται	χαλαζοκο(υ)πέω
combined	lbg_pairs.json	editorial_siglum	χαλαζοκουπια	χαλαζοκο(υ)πία
combined	lbg_pairs.json	editorial_siglum	χαλαζοκουπιαι	χαλαζοκο(υ)πία
combined	lbg_pairs.json	editorial_siglum	χαλαζοκουπιαιν	χαλαζοκο(υ)πία
combined	lbg_pairs.json	editorial_siglum	χαλαζοκουπιαις	χαλαζοκο(υ)πία
combined	lbg_pairs.json	editorial_siglum	χαλαζοκουπιαν	χαλαζοκο(υ)πία
combined	lbg_pairs.json	editorial_siglum	χαλαζοκουπιας	χαλαζοκο(υ)πία
combined	lbg_pairs.json	editorial_siglum	χαλαζοκουπιων	χαλαζοκο(υ)πία
combined	lbg_pairs.json	editorial_siglum	χεροκρατεε	χερ(σ)οκρατέω
combined	lbg_pairs.json	editorial_siglum	χεροκρατεει	χερ(σ)οκρατέω
combined	lbg_pairs.json	editorial_siglum	χεροκρατεειν	χερ(σ)οκρατέω
combined	lbg_pairs.json	editorial_siglum	χεροκρατεεις	χερ(σ)οκρατέω
combined	lbg_pairs.json	editorial_siglum	χεροκρατεεσθαι	χερ(σ)οκρατέω
combined	lbg_pairs.json	editorial_siglum	χεροκρατεεσθε	χερ(σ)οκρατέω
combined	lbg_pairs.json	editorial_siglum	χεροκρατεεσθον	χερ(σ)οκρατέω
combined	lbg_pairs.json	editorial_siglum	χεροκρατεεσθω	χερ(σ)οκρατέω
combined	lbg_pairs.json	editorial_siglum	χεροκρατεεσθων	χερ(σ)οκρατέω
combined	lbg_pairs.json	editorial_siglum	χεροκρατεεται	χερ(σ)οκρατέω
combined	lbg_pairs.json	editorial_siglum	χεροκρατεετε	χερ(σ)οκρατέω
combined	lbg_pairs.json	editorial_siglum	χεροκρατεετον	χερ(σ)οκρατέω
combined	lbg_pairs.json	editorial_siglum	χεροκρατεετω	χερ(σ)οκρατέω
combined	lbg_pairs.json	editorial_siglum	χεροκρατεετων	χερ(σ)οκρατέω
combined	lbg_pairs.json	editorial_siglum	χεροκρατεη	χερ(σ)οκρατέω
combined	lbg_pairs.json	editorial_siglum	χεροκρατεης	χερ(σ)οκρατέω
combined	lbg_pairs.json	editorial_siglum	χεροκρατεησθε	χερ(σ)οκρατέω
combined	lbg_pairs.json	editorial_siglum	χεροκρατεησθον	χερ(σ)οκρατέω
combined	lbg_pairs.json	editorial_siglum	χεροκρατεηται	χερ(σ)οκρατέω
combined	lbg_pairs.json	editorial_siglum	χεροκρατεητε	χερ(σ)οκρατέω
combined	lbg_pairs.json	editorial_siglum	χεροκρατεητον	χερ(σ)οκρατέω
combined	lbg_pairs.json	editorial_siglum	χεροκρατει	χερ(σ)οκρατέω
combined	lbg_pairs.json	editorial_siglum	χεροκρατειν	χερ(σ)οκρατέω
combined	lbg_pairs.json	editorial_siglum	χεροκρατεις	χερ(σ)οκρατέω
combined	lbg_pairs.json	editorial_siglum	χεροκρατεισθαι	χερ(σ)οκρατέω
combined	lbg_pairs.json	editorial_siglum	χεροκρατεισθε	χερ(σ)οκρατέω
combined	lbg_pairs.json	editorial_siglum	χεροκρατεισθον	χερ(σ)οκρατέω
combined	lbg_pairs.json	editorial_siglum	χεροκρατεισθω	χερ(σ)οκρατέω
combined	lbg_pairs.json	editorial_siglum	χεροκρατεισθων	χερ(σ)οκρατέω
combined	lbg_pairs.json	editorial_siglum	χεροκρατειται	χερ(σ)οκρατέω
combined	lbg_pairs.json	editorial_siglum	χεροκρατειτε	χερ(σ)οκρατέω
combined	lbg_pairs.json	editorial_siglum	χεροκρατειτον	χερ(σ)οκρατέω
combined	lbg_pairs.json	editorial_siglum	χεροκρατειτω	χερ(σ)οκρατέω
combined	lbg_pairs.json	editorial_siglum	χεροκρατειτων	χερ(σ)οκρατέω
combined	lbg_pairs.json	editorial_siglum	χεροκρατεοι	χερ(σ)οκρατέω
combined	lbg_pairs.json	editorial_siglum	χεροκρατεοιεν	χερ(σ)οκρατέω
combined	lbg_pairs.json	editorial_siglum	χεροκρατεοιμεθα	χερ(σ)οκρατέω
combined	lbg_pairs.json	editorial_siglum	χεροκρατεοιμεν	χερ(σ)οκρατέω
combined	lbg_pairs.json	editorial_siglum	χεροκρατεοιμην	χερ(σ)οκρατέω
combined	lbg_pairs.json	editorial_siglum	χεροκρατεοιμι	χερ(σ)οκρατέω
combined	lbg_pairs.json	editorial_siglum	χεροκρατεοιντο	χερ(σ)οκρατέω
combined	lbg_pairs.json	editorial_siglum	χεροκρατεοιο	χερ(σ)οκρατέω
combined	lbg_pairs.json	editorial_siglum	χεροκρατεοις	χερ(σ)οκρατέω
combined	lbg_pairs.json	editorial_siglum	χεροκρατεοισθε	χερ(σ)οκρατέω
combined	lbg_pairs.json	editorial_siglum	χεροκρατεοισθην	χερ(σ)οκρατέω
combined	lbg_pairs.json	editorial_siglum	χεροκρατεοισθον	χερ(σ)οκρατέω
combined	lbg_pairs.json	editorial_siglum	χεροκρατεοιτε	χερ(σ)οκρατέω
combined	lbg_pairs.json	editorial_siglum	χεροκρατεοιτην	χερ(σ)οκρατέω
combined	lbg_pairs.json	editorial_siglum	χεροκρατεοιτο	χερ(σ)οκρατέω
combined	lbg_pairs.json	editorial_siglum	χεροκρατεοιτον	χερ(σ)οκρατέω
combined	lbg_pairs.json	editorial_siglum	χεροκρατεομαι	χερ(σ)οκρατέω
combined	lbg_pairs.json	editorial_siglum	χεροκρατεομεθα	χερ(σ)οκρατέω
combined	lbg_pairs.json	editorial_siglum	χεροκρατεομεν	χερ(σ)οκρατέω
combined	lbg_pairs.json	editorial_siglum	χεροκρατεομενη	χερ(σ)οκρατέω
combined	lbg_pairs.json	editorial_siglum	χεροκρατεομενον	χερ(σ)οκρατέω
combined	lbg_pairs.json	editorial_siglum	χεροκρατεομενος	χερ(σ)οκρατέω
combined	lbg_pairs.json	editorial_siglum	χεροκρατεον	χερ(σ)οκρατέω
combined	lbg_pairs.json	editorial_siglum	χεροκρατεονται	χερ(σ)οκρατέω
combined	lbg_pairs.json	editorial_siglum	χεροκρατεοντων	χερ(σ)οκρατέω
combined	lbg_pairs.json	editorial_siglum	χεροκρατεου	χερ(σ)οκρατέω
combined	lbg_pairs.json	editorial_siglum	χεροκρατεουσα	χερ(σ)οκρατέω
combined	lbg_pairs.json	editorial_siglum	χεροκρατεω	χερ(σ)οκρατέω
combined	lbg_pairs.json	editorial_siglum	χεροκρατεωμαι	χερ(σ)οκρατέω
combined	lbg_pairs.json	editorial_siglum	χεροκρατεωμεθα	χερ(σ)οκρατέω
combined	lbg_pairs.json	editorial_siglum	χεροκρατεωμεν	χερ(σ)οκρατέω
combined	lbg_pairs.json	editorial_siglum	χεροκρατεων	χερ(σ)οκρατέω
combined	lbg_pairs.json	editorial_siglum	χεροκρατεωνται	χερ(σ)οκρατέω
combined	lbg_pairs.json	editorial_siglum	χεροκρατη	χερ(σ)οκρατέω
combined	lbg_pairs.json	editorial_siglum	χεροκρατης	χερ(σ)οκρατέω
combined	lbg_pairs.json	editorial_siglum	χεροκρατησθε	χερ(σ)οκρατέω
combined	lbg_pairs.json	editorial_siglum	χεροκρατησθον	χερ(σ)οκρατέω
combined	lbg_pairs.json	editorial_siglum	χεροκρατηται	χερ(σ)οκρατέω
combined	lbg_pairs.json	editorial_siglum	χεροκρατητε	χερ(σ)οκρατέω
combined	lbg_pairs.json	editorial_siglum	χεροκρατητον	χερ(σ)οκρατέω
combined	lbg_pairs.json	editorial_siglum	χεροκρατοι	χερ(σ)οκρατέω
combined	lbg_pairs.json	editorial_siglum	χεροκρατοιεν	χερ(σ)οκρατέω
combined	lbg_pairs.json	editorial_siglum	χεροκρατοιη	χερ(σ)οκρατέω
combined	lbg_pairs.json	editorial_siglum	χεροκρατοιημεν	χερ(σ)οκρατέω
combined	lbg_pairs.json	editorial_siglum	χεροκρατοιην	χερ(σ)οκρατέω
combined	lbg_pairs.json	editorial_siglum	χεροκρατοιης	χερ(σ)οκρατέω
combined	lbg_pairs.json	editorial_siglum	χεροκρατοιησαν	χερ(σ)οκρατέω
combined	lbg_pairs.json	editorial_siglum	χεροκρατοιητε	χερ(σ)οκρατέω
combined	lbg_pairs.json	editorial_siglum	χεροκρατοιητην	χερ(σ)οκρατέω
combined	lbg_pairs.json	editorial_siglum	χεροκρατοιητον	χερ(σ)οκρατέω
combined	lbg_pairs.json	editorial_siglum	χεροκρατοιμεθα	χερ(σ)οκρατέω
combined	lbg_pairs.json	editorial_siglum	χεροκρατοιμεν	χερ(σ)οκρατέω
combined	lbg_pairs.json	editorial_siglum	χεροκρατοιμην	χερ(σ)οκρατέω
combined	lbg_pairs.json	editorial_siglum	χεροκρατοιμι	χερ(σ)οκρατέω
combined	lbg_pairs.json	editorial_siglum	χεροκρατοιντο	χερ(σ)οκρατέω
combined	lbg_pairs.json	editorial_siglum	χεροκρατοιο	χερ(σ)οκρατέω
combined	lbg_pairs.json	editorial_siglum	χεροκρατοις	χερ(σ)οκρατέω
combined	lbg_pairs.json	editorial_siglum	χεροκρατοισθε	χερ(σ)οκρατέω
combined	lbg_pairs.json	editorial_siglum	χεροκρατοισθην	χερ(σ)οκρατέω
combined	lbg_pairs.json	editorial_siglum	χεροκρατοισθον	χερ(σ)οκρατέω
combined	lbg_pairs.json	editorial_siglum	χεροκρατοιτε	χερ(σ)οκρατέω
combined	lbg_pairs.json	editorial_siglum	χεροκρατοιτην	χερ(σ)οκρατέω
combined	lbg_pairs.json	editorial_siglum	χεροκρατοιτο	χερ(σ)οκρατέω
combined	lbg_pairs.json	editorial_siglum	χεροκρατοιτον	χερ(σ)οκρατέω
combined	lbg_pairs.json	editorial_siglum	χεροκρατου	χερ(σ)οκρατέω
combined	lbg_pairs.json	editorial_siglum	χεροκρατουμαι	χερ(σ)οκρατέω
combined	lbg_pairs.json	editorial_siglum	χεροκρατουμεθα	χερ(σ)οκρατέω
combined	lbg_pairs.json	editorial_siglum	χεροκρατουμεν	χερ(σ)οκρατέω
combined	lbg_pairs.json	editorial_siglum	χεροκρατουμενη	χερ(σ)οκρατέω
combined	lbg_pairs.json	editorial_siglum	χεροκρατουμενον	χερ(σ)οκρατέω
combined	lbg_pairs.json	editorial_siglum	χεροκρατουμενος	χερ(σ)οκρατέω
combined	lbg_pairs.json	editorial_siglum	χεροκρατουν	χερ(σ)οκρατέω
combined	lbg_pairs.json	editorial_siglum	χεροκρατουνται	χερ(σ)οκρατέω
combined	lbg_pairs.json	editorial_siglum	χεροκρατουντων	χερ(σ)οκρατέω
combined	lbg_pairs.json	editorial_siglum	χεροκρατουσα	χερ(σ)οκρατέω
combined	lbg_pairs.json	editorial_siglum	χεροκρατω	χερ(σ)οκρατέω
combined	lbg_pairs.json	editorial_siglum	χεροκρατωμαι	χερ(σ)οκρατέω
combined	lbg_pairs.json	editorial_siglum	χεροκρατωμεθα	χερ(σ)οκρατέω
combined	lbg_pairs.json	editorial_siglum	χεροκρατωμεν	χερ(σ)οκρατέω
combined	lbg_pairs.json	editorial_siglum	χεροκρατων	χερ(σ)οκρατέω
combined	lbg_pairs.json	editorial_siglum	χεροκρατωνται	χερ(σ)οκρατέω
combined	lbg_pairs.json	editorial_siglum	χερσοκρατεε	χερ(σ)οκρατέω
combined	lbg_pairs.json	editorial_siglum	χερσοκρατεει	χερ(σ)οκρατέω
combined	lbg_pairs.json	editorial_siglum	χερσοκρατεειν	χερ(σ)οκρατέω
combined	lbg_pairs.json	editorial_siglum	χερσοκρατεεις	χερ(σ)οκρατέω
combined	lbg_pairs.json	editorial_siglum	χερσοκρατεεσθαι	χερ(σ)οκρατέω
combined	lbg_pairs.json	editorial_siglum	χερσοκρατεεσθε	χερ(σ)οκρατέω
combined	lbg_pairs.json	editorial_siglum	χερσοκρατεεσθον	χερ(σ)οκρατέω
combined	lbg_pairs.json	editorial_siglum	χερσοκρατεεσθω	χερ(σ)οκρατέω
combined	lbg_pairs.json	editorial_siglum	χερσοκρατεεσθων	χερ(σ)οκρατέω
combined	lbg_pairs.json	editorial_siglum	χερσοκρατεεται	χερ(σ)οκρατέω
combined	lbg_pairs.json	editorial_siglum	χερσοκρατεετε	χερ(σ)οκρατέω
combined	lbg_pairs.json	editorial_siglum	χερσοκρατεετον	χερ(σ)οκρατέω
combined	lbg_pairs.json	editorial_siglum	χερσοκρατεετω	χερ(σ)οκρατέω
combined	lbg_pairs.json	editorial_siglum	χερσοκρατεετων	χερ(σ)οκρατέω
combined	lbg_pairs.json	editorial_siglum	χερσοκρατεη	χερ(σ)οκρατέω
combined	lbg_pairs.json	editorial_siglum	χερσοκρατεης	χερ(σ)οκρατέω
combined	lbg_pairs.json	editorial_siglum	χερσοκρατεησθε	χερ(σ)οκρατέω
combined	lbg_pairs.json	editorial_siglum	χερσοκρατεησθον	χερ(σ)οκρατέω
combined	lbg_pairs.json	editorial_siglum	χερσοκρατεηται	χερ(σ)οκρατέω
combined	lbg_pairs.json	editorial_siglum	χερσοκρατεητε	χερ(σ)οκρατέω
combined	lbg_pairs.json	editorial_siglum	χερσοκρατεητον	χερ(σ)οκρατέω
combined	lbg_pairs.json	editorial_siglum	χερσοκρατει	χερ(σ)οκρατέω
combined	lbg_pairs.json	editorial_siglum	χερσοκρατειν	χερ(σ)οκρατέω
combined	lbg_pairs.json	editorial_siglum	χερσοκρατεις	χερ(σ)οκρατέω
combined	lbg_pairs.json	editorial_siglum	χερσοκρατεισθαι	χερ(σ)οκρατέω
combined	lbg_pairs.json	editorial_siglum	χερσοκρατεισθε	χερ(σ)οκρατέω
combined	lbg_pairs.json	editorial_siglum	χερσοκρατεισθον	χερ(σ)οκρατέω
combined	lbg_pairs.json	editorial_siglum	χερσοκρατεισθω	χερ(σ)οκρατέω
combined	lbg_pairs.json	editorial_siglum	χερσοκρατεισθων	χερ(σ)οκρατέω
combined	lbg_pairs.json	editorial_siglum	χερσοκρατειται	χερ(σ)οκρατέω
combined	lbg_pairs.json	editorial_siglum	χερσοκρατειτε	χερ(σ)οκρατέω
combined	lbg_pairs.json	editorial_siglum	χερσοκρατειτον	χερ(σ)οκρατέω
combined	lbg_pairs.json	editorial_siglum	χερσοκρατειτω	χερ(σ)οκρατέω
combined	lbg_pairs.json	editorial_siglum	χερσοκρατειτων	χερ(σ)οκρατέω
combined	lbg_pairs.json	editorial_siglum	χερσοκρατεοι	χερ(σ)οκρατέω
combined	lbg_pairs.json	editorial_siglum	χερσοκρατεοιεν	χερ(σ)οκρατέω
combined	lbg_pairs.json	editorial_siglum	χερσοκρατεοιμεθα	χερ(σ)οκρατέω
combined	lbg_pairs.json	editorial_siglum	χερσοκρατεοιμεν	χερ(σ)οκρατέω
combined	lbg_pairs.json	editorial_siglum	χερσοκρατεοιμην	χερ(σ)οκρατέω
combined	lbg_pairs.json	editorial_siglum	χερσοκρατεοιμι	χερ(σ)οκρατέω
combined	lbg_pairs.json	editorial_siglum	χερσοκρατεοιντο	χερ(σ)οκρατέω
combined	lbg_pairs.json	editorial_siglum	χερσοκρατεοιο	χερ(σ)οκρατέω
combined	lbg_pairs.json	editorial_siglum	χερσοκρατεοις	χερ(σ)οκρατέω
combined	lbg_pairs.json	editorial_siglum	χερσοκρατεοισθε	χερ(σ)οκρατέω
combined	lbg_pairs.json	editorial_siglum	χερσοκρατεοισθην	χερ(σ)οκρατέω
combined	lbg_pairs.json	editorial_siglum	χερσοκρατεοισθον	χερ(σ)οκρατέω
combined	lbg_pairs.json	editorial_siglum	χερσοκρατεοιτε	χερ(σ)οκρατέω
combined	lbg_pairs.json	editorial_siglum	χερσοκρατεοιτην	χερ(σ)οκρατέω
combined	lbg_pairs.json	editorial_siglum	χερσοκρατεοιτο	χερ(σ)οκρατέω
combined	lbg_pairs.json	editorial_siglum	χερσοκρατεοιτον	χερ(σ)οκρατέω
combined	lbg_pairs.json	editorial_siglum	χερσοκρατεομαι	χερ(σ)οκρατέω
combined	lbg_pairs.json	editorial_siglum	χερσοκρατεομεθα	χερ(σ)οκρατέω
combined	lbg_pairs.json	editorial_siglum	χερσοκρατεομεν	χερ(σ)οκρατέω
combined	lbg_pairs.json	editorial_siglum	χερσοκρατεομενη	χερ(σ)οκρατέω
combined	lbg_pairs.json	editorial_siglum	χερσοκρατεομενον	χερ(σ)οκρατέω
combined	lbg_pairs.json	editorial_siglum	χερσοκρατεομενος	χερ(σ)οκρατέω
combined	lbg_pairs.json	editorial_siglum	χερσοκρατεον	χερ(σ)οκρατέω
combined	lbg_pairs.json	editorial_siglum	χερσοκρατεονται	χερ(σ)οκρατέω
combined	lbg_pairs.json	editorial_siglum	χερσοκρατεοντων	χερ(σ)οκρατέω
combined	lbg_pairs.json	editorial_siglum	χερσοκρατεου	χερ(σ)οκρατέω
combined	lbg_pairs.json	editorial_siglum	χερσοκρατεουσα	χερ(σ)οκρατέω
combined	lbg_pairs.json	editorial_siglum	χερσοκρατεω	χερ(σ)οκρατέω
combined	lbg_pairs.json	editorial_siglum	χερσοκρατεωμαι	χερ(σ)οκρατέω
combined	lbg_pairs.json	editorial_siglum	χερσοκρατεωμεθα	χερ(σ)οκρατέω
combined	lbg_pairs.json	editorial_siglum	χερσοκρατεωμεν	χερ(σ)οκρατέω
combined	lbg_pairs.json	editorial_siglum	χερσοκρατεων	χερ(σ)οκρατέω
combined	lbg_pairs.json	editorial_siglum	χερσοκρατεωνται	χερ(σ)οκρατέω
combined	lbg_pairs.json	editorial_siglum	χερσοκρατη	χερ(σ)οκρατέω
combined	lbg_pairs.json	editorial_siglum	χερσοκρατης	χερ(σ)οκρατέω
combined	lbg_pairs.json	editorial_siglum	χερσοκρατησθε	χερ(σ)οκρατέω
combined	lbg_pairs.json	editorial_siglum	χερσοκρατησθον	χερ(σ)οκρατέω
combined	lbg_pairs.json	editorial_siglum	χερσοκρατηται	χερ(σ)οκρατέω
combined	lbg_pairs.json	editorial_siglum	χερσοκρατητε	χερ(σ)οκρατέω
combined	lbg_pairs.json	editorial_siglum	χερσοκρατητον	χερ(σ)οκρατέω
combined	lbg_pairs.json	editorial_siglum	χερσοκρατοι	χερ(σ)οκρατέω
combined	lbg_pairs.json	editorial_siglum	χερσοκρατοιεν	χερ(σ)οκρατέω
combined	lbg_pairs.json	editorial_siglum	χερσοκρατοιη	χερ(σ)οκρατέω
combined	lbg_pairs.json	editorial_siglum	χερσοκρατοιημεν	χερ(σ)οκρατέω
combined	lbg_pairs.json	editorial_siglum	χερσοκρατοιην	χερ(σ)οκρατέω
combined	lbg_pairs.json	editorial_siglum	χερσοκρατοιης	χερ(σ)οκρατέω
combined	lbg_pairs.json	editorial_siglum	χερσοκρατοιησαν	χερ(σ)οκρατέω
combined	lbg_pairs.json	editorial_siglum	χερσοκρατοιητε	χερ(σ)οκρατέω
combined	lbg_pairs.json	editorial_siglum	χερσοκρατοιητην	χερ(σ)οκρατέω
combined	lbg_pairs.json	editorial_siglum	χερσοκρατοιητον	χερ(σ)οκρατέω
combined	lbg_pairs.json	editorial_siglum	χερσοκρατοιμεθα	χερ(σ)οκρατέω
combined	lbg_pairs.json	editorial_siglum	χερσοκρατοιμεν	χερ(σ)οκρατέω
combined	lbg_pairs.json	editorial_siglum	χερσοκρατοιμην	χερ(σ)οκρατέω
combined	lbg_pairs.json	editorial_siglum	χερσοκρατοιμι	χερ(σ)οκρατέω
combined	lbg_pairs.json	editorial_siglum	χερσοκρατοιντο	χερ(σ)οκρατέω
combined	lbg_pairs.json	editorial_siglum	χερσοκρατοιο	χερ(σ)οκρατέω
combined	lbg_pairs.json	editorial_siglum	χερσοκρατοις	χερ(σ)οκρατέω
combined	lbg_pairs.json	editorial_siglum	χερσοκρατοισθε	χερ(σ)οκρατέω
combined	lbg_pairs.json	editorial_siglum	χερσοκρατοισθην	χερ(σ)οκρατέω
combined	lbg_pairs.json	editorial_siglum	χερσοκρατοισθον	χερ(σ)οκρατέω
combined	lbg_pairs.json	editorial_siglum	χερσοκρατοιτε	χερ(σ)οκρατέω
combined	lbg_pairs.json	editorial_siglum	χερσοκρατοιτην	χερ(σ)οκρατέω
combined	lbg_pairs.json	editorial_siglum	χερσοκρατοιτο	χερ(σ)οκρατέω
combined	lbg_pairs.json	editorial_siglum	χερσοκρατοιτον	χερ(σ)οκρατέω
combined	lbg_pairs.json	editorial_siglum	χερσοκρατου	χερ(σ)οκρατέω
combined	lbg_pairs.json	editorial_siglum	χερσοκρατουμαι	χερ(σ)οκρατέω
combined	lbg_pairs.json	editorial_siglum	χερσοκρατουμεθα	χερ(σ)οκρατέω
combined	lbg_pairs.json	editorial_siglum	χερσοκρατουμεν	χερ(σ)οκρατέω
combined	lbg_pairs.json	editorial_siglum	χερσοκρατουμενη	χερ(σ)οκρατέω
combined	lbg_pairs.json	editorial_siglum	χερσοκρατουμενον	χερ(σ)οκρατέω
combined	lbg_pairs.json	editorial_siglum	χερσοκρατουμενος	χερ(σ)οκρατέω
combined	lbg_pairs.json	editorial_siglum	χερσοκρατουν	χερ(σ)οκρατέω
combined	lbg_pairs.json	editorial_siglum	χερσοκρατουνται	χερ(σ)οκρατέω
combined	lbg_pairs.json	editorial_siglum	χερσοκρατουντων	χερ(σ)οκρατέω
combined	lbg_pairs.json	editorial_siglum	χερσοκρατουσα	χερ(σ)οκρατέω
combined	lbg_pairs.json	editorial_siglum	χερσοκρατω	χερ(σ)οκρατέω
combined	lbg_pairs.json	editorial_siglum	χερσοκρατωμαι	χερ(σ)οκρατέω
combined	lbg_pairs.json	editorial_siglum	χερσοκρατωμεθα	χερ(σ)οκρατέω
combined	lbg_pairs.json	editorial_siglum	χερσοκρατωμεν	χερ(σ)οκρατέω
combined	lbg_pairs.json	editorial_siglum	χερσοκρατων	χερ(σ)οκρατέω
combined	lbg_pairs.json	editorial_siglum	χερσοκρατωνται	χερ(σ)οκρατέω
combined	lbg_pairs.json	editorial_siglum	χρυσωρυχειαι	χρυσωρυχ(ε)ία
combined	lbg_pairs.json	editorial_siglum	χρυσωρυχειαιν	χρυσωρυχ(ε)ία
combined	lbg_pairs.json	editorial_siglum	χρυσωρυχειαις	χρυσωρυχ(ε)ία
combined	lbg_pairs.json	editorial_siglum	χρυσωρυχειαν	χρυσωρυχ(ε)ία
combined	lbg_pairs.json	editorial_siglum	χρυσωρυχειας	χρυσωρυχ(ε)ία
combined	lbg_pairs.json	editorial_siglum	χρυσωρυχια	χρυσωρυχ(ε)ία
combined	lbg_pairs.json	editorial_siglum	χρυσωρυχιαι	χρυσωρυχ(ε)ία
combined	lbg_pairs.json	editorial_siglum	χρυσωρυχιαιν	χρυσωρυχ(ε)ία
combined	lbg_pairs.json	editorial_siglum	χρυσωρυχιαις	χρυσωρυχ(ε)ία
combined	lbg_pairs.json	editorial_siglum	χρυσωρυχιαν	χρυσωρυχ(ε)ία
combined	lbg_pairs.json	editorial_siglum	χρυσωρυχιας	χρυσωρυχ(ε)ία
combined	lbg_pairs.json	editorial_siglum	χρυσωρυχιων	χρυσωρυχ(ε)ία
combined	lbg_pairs.json	editorial_siglum	αλαβαστοπωλα	ἀλαβαστ(ρ)οπώλης
combined	lbg_pairs.json	editorial_siglum	αλαβαστοπωλαι	ἀλαβαστ(ρ)οπώλης
combined	lbg_pairs.json	editorial_siglum	αλαβαστοπωλαιν	ἀλαβαστ(ρ)οπώλης
combined	lbg_pairs.json	editorial_siglum	αλαβαστοπωλαις	ἀλαβαστ(ρ)οπώλης
combined	lbg_pairs.json	editorial_siglum	αλαβαστοπωλας	ἀλαβαστ(ρ)οπώλης
combined	lbg_pairs.json	editorial_siglum	αλαβαστοπωλη	ἀλαβαστ(ρ)οπώλης
combined	lbg_pairs.json	editorial_siglum	αλαβαστοπωλην	ἀλαβαστ(ρ)οπώλης
combined	lbg_pairs.json	editorial_siglum	αλαβαστοπωλης	ἀλαβαστ(ρ)οπώλης
combined	lbg_pairs.json	editorial_siglum	αλαβαστοπωλου	ἀλαβαστ(ρ)οπώλης
combined	lbg_pairs.json	editorial_siglum	αλαβαστοπωλων	ἀλαβαστ(ρ)οπώλης
combined	lbg_pairs.json	editorial_siglum	αλαβαστροπωλα	ἀλαβαστ(ρ)οπώλης
combined	lbg_pairs.json	editorial_siglum	αλαβαστροπωλαι	ἀλαβαστ(ρ)οπώλης
combined	lbg_pairs.json	editorial_siglum	αλαβαστροπωλαιν	ἀλαβαστ(ρ)οπώλης
combined	lbg_pairs.json	editorial_siglum	αλαβαστροπωλαις	ἀλαβαστ(ρ)οπώλης
combined	lbg_pairs.json	editorial_siglum	αλαβαστροπωλας	ἀλαβαστ(ρ)οπώλης
combined	lbg_pairs.json	editorial_siglum	αλαβαστροπωλη	ἀλαβαστ(ρ)οπώλης
combined	lbg_pairs.json	editorial_siglum	αλαβαστροπωλην	ἀλαβαστ(ρ)οπώλης
combined	lbg_pairs.json	editorial_siglum	αλαβαστροπωλης	ἀλαβαστ(ρ)οπώλης
combined	lbg_pairs.json	editorial_siglum	αλαβαστροπωλου	ἀλαβαστ(ρ)οπώλης
combined	lbg_pairs.json	editorial_siglum	αλαβαστροπωλων	ἀλαβαστ(ρ)οπώλης
combined	lbg_pairs.json	editorial_siglum	αναραχοιν	ἀνάρ(ρ)αχον
combined	lbg_pairs.json	editorial_siglum	αναραχοις	ἀνάρ(ρ)αχον
combined	lbg_pairs.json	editorial_siglum	αναραχον	ἀνάρ(ρ)αχον
combined	lbg_pairs.json	editorial_siglum	αναραχου	ἀνάρ(ρ)αχον
combined	lbg_pairs.json	editorial_siglum	αναραχω	ἀνάρ(ρ)αχον
combined	lbg_pairs.json	editorial_siglum	αναραχων	ἀνάρ(ρ)αχον
combined	lbg_pairs.json	editorial_siglum	αναρραχα	ἀνάρ(ρ)αχον
combined	lbg_pairs.json	editorial_siglum	αναρραχοιν	ἀνάρ(ρ)αχον
combined	lbg_pairs.json	editorial_siglum	αναρραχοις	ἀνάρ(ρ)αχον
combined	lbg_pairs.json	editorial_siglum	αναρραχον	ἀνάρ(ρ)αχον
combined	lbg_pairs.json	editorial_siglum	αναρραχου	ἀνάρ(ρ)αχον
combined	lbg_pairs.json	editorial_siglum	αναρραχω	ἀνάρ(ρ)αχον
combined	lbg_pairs.json	editorial_siglum	αναρραχων	ἀνάρ(ρ)αχον
combined	lbg_pairs.json	editorial_siglum	αναταγμα	ἀνάτα(γ)μα
combined	lbg_pairs.json	editorial_siglum	αναταγμασι	ἀνάτα(γ)μα
combined	lbg_pairs.json	editorial_siglum	αναταγμασιν	ἀνάτα(γ)μα
combined	lbg_pairs.json	editorial_siglum	αναταγματα	ἀνάτα(γ)μα
combined	lbg_pairs.json	editorial_siglum	αναταγματε	ἀνάτα(γ)μα
combined	lbg_pairs.json	editorial_siglum	αναταγματι	ἀνάτα(γ)μα
combined	lbg_pairs.json	editorial_siglum	αναταγματοιν	ἀνάτα(γ)μα
combined	lbg_pairs.json	editorial_siglum	αναταγματος	ἀνάτα(γ)μα
combined	lbg_pairs.json	editorial_siglum	αναταγματων	ἀνάτα(γ)μα
combined	lbg_pairs.json	editorial_siglum	αναταμα	ἀνάτα(γ)μα
combined	lbg_pairs.json	editorial_siglum	αναταμασι	ἀνάτα(γ)μα
combined	lbg_pairs.json	editorial_siglum	αναταμασιν	ἀνάτα(γ)μα
combined	lbg_pairs.json	editorial_siglum	αναταματα	ἀνάτα(γ)μα
combined	lbg_pairs.json	editorial_siglum	αναταματι	ἀνάτα(γ)μα
combined	lbg_pairs.json	editorial_siglum	αναταματοιν	ἀνάτα(γ)μα
combined	lbg_pairs.json	editorial_siglum	αναταματος	ἀνάτα(γ)μα
combined	lbg_pairs.json	editorial_siglum	αναταματων	ἀνάτα(γ)μα
combined	lbg_pairs.json	editorial_siglum	αναρρυακα	ἀναρ(ρ)ύακον
combined	lbg_pairs.json	editorial_siglum	αναρρυακοιν	ἀναρ(ρ)ύακον
combined	lbg_pairs.json	editorial_siglum	αναρρυακοις	ἀναρ(ρ)ύακον
combined	lbg_pairs.json	editorial_siglum	αναρρυακον	ἀναρ(ρ)ύακον
combined	lbg_pairs.json	editorial_siglum	αναρρυακου	ἀναρ(ρ)ύακον
combined	lbg_pairs.json	editorial_siglum	αναρρυακω	ἀναρ(ρ)ύακον
combined	lbg_pairs.json	editorial_siglum	αναρρυακων	ἀναρ(ρ)ύακον
combined	lbg_pairs.json	editorial_siglum	αναρυακα	ἀναρ(ρ)ύακον
combined	lbg_pairs.json	editorial_siglum	αναρυακοιν	ἀναρ(ρ)ύακον
combined	lbg_pairs.json	editorial_siglum	αναρυακοις	ἀναρ(ρ)ύακον
combined	lbg_pairs.json	editorial_siglum	αναρυακον	ἀναρ(ρ)ύακον
combined	lbg_pairs.json	editorial_siglum	αναρυακου	ἀναρ(ρ)ύακον
combined	lbg_pairs.json	editorial_siglum	αναρυακω	ἀναρ(ρ)ύακον
combined	lbg_pairs.json	editorial_siglum	αναρυακων	ἀναρ(ρ)ύακον
combined	lbg_pairs.json	editorial_siglum	ανασκυλευμε	ἀνασκυλευ(σ)μός
combined	lbg_pairs.json	editorial_siglum	ανασκυλευμοι	ἀνασκυλευ(σ)μός
combined	lbg_pairs.json	editorial_siglum	ανασκυλευμοιν	ἀνασκυλευ(σ)μός
combined	lbg_pairs.json	editorial_siglum	ανασκυλευμοις	ἀνασκυλευ(σ)μός
combined	lbg_pairs.json	editorial_siglum	ανασκυλευμον	ἀνασκυλευ(σ)μός
combined	lbg_pairs.json	editorial_siglum	ανασκυλευμος	ἀνασκυλευ(σ)μός
combined	lbg_pairs.json	editorial_siglum	ανασκυλευμου	ἀνασκυλευ(σ)μός
combined	lbg_pairs.json	editorial_siglum	ανασκυλευμους	ἀνασκυλευ(σ)μός
combined	lbg_pairs.json	editorial_siglum	ανασκυλευμω	ἀνασκυλευ(σ)μός
combined	lbg_pairs.json	editorial_siglum	ανασκυλευμων	ἀνασκυλευ(σ)μός
combined	lbg_pairs.json	editorial_siglum	ανασκυλευσμε	ἀνασκυλευ(σ)μός
combined	lbg_pairs.json	editorial_siglum	ανασκυλευσμοι	ἀνασκυλευ(σ)μός
combined	lbg_pairs.json	editorial_siglum	ανασκυλευσμοιν	ἀνασκυλευ(σ)μός
combined	lbg_pairs.json	editorial_siglum	ανασκυλευσμοις	ἀνασκυλευ(σ)μός
combined	lbg_pairs.json	editorial_siglum	ανασκυλευσμον	ἀνασκυλευ(σ)μός
combined	lbg_pairs.json	editorial_siglum	ανασκυλευσμος	ἀνασκυλευ(σ)μός
combined	lbg_pairs.json	editorial_siglum	ανασκυλευσμου	ἀνασκυλευ(σ)μός
combined	lbg_pairs.json	editorial_siglum	ανασκυλευσμους	ἀνασκυλευ(σ)μός
combined	lbg_pairs.json	editorial_siglum	ανασκυλευσμω	ἀνασκυλευ(σ)μός
combined	lbg_pairs.json	editorial_siglum	ανασκυλευσμων	ἀνασκυλευ(σ)μός
combined	lbg_pairs.json	editorial_siglum	ανθυπατισα	ἀνθυπάτισ(σ)α
combined	lbg_pairs.json	editorial_siglum	ανθυπατισαι	ἀνθυπάτισ(σ)α
combined	lbg_pairs.json	editorial_siglum	ανθυπατισαιν	ἀνθυπάτισ(σ)α
combined	lbg_pairs.json	editorial_siglum	ανθυπατισαις	ἀνθυπάτισ(σ)α
combined	lbg_pairs.json	editorial_siglum	ανθυπατισαν	ἀνθυπάτισ(σ)α
combined	lbg_pairs.json	editorial_siglum	ανθυπατισας	ἀνθυπάτισ(σ)α
combined	lbg_pairs.json	editorial_siglum	ανθυπατισσα	ἀνθυπάτισ(σ)α
combined	lbg_pairs.json	editorial_siglum	ανθυπατισσαι	ἀνθυπάτισ(σ)α
combined	lbg_pairs.json	editorial_siglum	ανθυπατισσαιν	ἀνθυπάτισ(σ)α
combined	lbg_pairs.json	editorial_siglum	ανθυπατισσαις	ἀνθυπάτισ(σ)α
combined	lbg_pairs.json	editorial_siglum	ανθυπατισσαν	ἀνθυπάτισ(σ)α
combined	lbg_pairs.json	editorial_siglum	ανθυπατισσας	ἀνθυπάτισ(σ)α
combined	lbg_pairs.json	editorial_siglum	ανθυπατισσων	ἀνθυπάτισ(σ)α
combined	lbg_pairs.json	editorial_siglum	ανθυπατισων	ἀνθυπάτισ(σ)α
combined	lbg_pairs.json	editorial_siglum	αντιρρυσιαζε	ἀντιρ(ρ)υσιάζω
combined	lbg_pairs.json	editorial_siglum	αντιρρυσιαζει	ἀντιρ(ρ)υσιάζω
combined	lbg_pairs.json	editorial_siglum	αντιρρυσιαζειν	ἀντιρ(ρ)υσιάζω
combined	lbg_pairs.json	editorial_siglum	αντιρρυσιαζεις	ἀντιρ(ρ)υσιάζω
combined	lbg_pairs.json	editorial_siglum	αντιρρυσιαζεσθαι	ἀντιρ(ρ)υσιάζω
combined	lbg_pairs.json	editorial_siglum	αντιρρυσιαζεσθε	ἀντιρ(ρ)υσιάζω
combined	lbg_pairs.json	editorial_siglum	αντιρρυσιαζεσθον	ἀντιρ(ρ)υσιάζω
combined	lbg_pairs.json	editorial_siglum	αντιρρυσιαζεσθω	ἀντιρ(ρ)υσιάζω
combined	lbg_pairs.json	editorial_siglum	αντιρρυσιαζεσθων	ἀντιρ(ρ)υσιάζω
combined	lbg_pairs.json	editorial_siglum	αντιρρυσιαζεται	ἀντιρ(ρ)υσιάζω
combined	lbg_pairs.json	editorial_siglum	αντιρρυσιαζετε	ἀντιρ(ρ)υσιάζω
combined	lbg_pairs.json	editorial_siglum	αντιρρυσιαζετον	ἀντιρ(ρ)υσιάζω
combined	lbg_pairs.json	editorial_siglum	αντιρρυσιαζετω	ἀντιρ(ρ)υσιάζω
combined	lbg_pairs.json	editorial_siglum	αντιρρυσιαζετων	ἀντιρ(ρ)υσιάζω
combined	lbg_pairs.json	editorial_siglum	αντιρρυσιαζη	ἀντιρ(ρ)υσιάζω
combined	lbg_pairs.json	editorial_siglum	αντιρρυσιαζης	ἀντιρ(ρ)υσιάζω
combined	lbg_pairs.json	editorial_siglum	αντιρρυσιαζησθε	ἀντιρ(ρ)υσιάζω
combined	lbg_pairs.json	editorial_siglum	αντιρρυσιαζησθον	ἀντιρ(ρ)υσιάζω
combined	lbg_pairs.json	editorial_siglum	αντιρρυσιαζηται	ἀντιρ(ρ)υσιάζω
combined	lbg_pairs.json	editorial_siglum	αντιρρυσιαζητε	ἀντιρ(ρ)υσιάζω
combined	lbg_pairs.json	editorial_siglum	αντιρρυσιαζητον	ἀντιρ(ρ)υσιάζω
combined	lbg_pairs.json	editorial_siglum	αντιρρυσιαζοι	ἀντιρ(ρ)υσιάζω
combined	lbg_pairs.json	editorial_siglum	αντιρρυσιαζοιεν	ἀντιρ(ρ)υσιάζω
combined	lbg_pairs.json	editorial_siglum	αντιρρυσιαζοιμεθα	ἀντιρ(ρ)υσιάζω
combined	lbg_pairs.json	editorial_siglum	αντιρρυσιαζοιμεν	ἀντιρ(ρ)υσιάζω
combined	lbg_pairs.json	editorial_siglum	αντιρρυσιαζοιμην	ἀντιρ(ρ)υσιάζω
combined	lbg_pairs.json	editorial_siglum	αντιρρυσιαζοιμι	ἀντιρ(ρ)υσιάζω
combined	lbg_pairs.json	editorial_siglum	αντιρρυσιαζοιντο	ἀντιρ(ρ)υσιάζω
combined	lbg_pairs.json	editorial_siglum	αντιρρυσιαζοιο	ἀντιρ(ρ)υσιάζω
combined	lbg_pairs.json	editorial_siglum	αντιρρυσιαζοις	ἀντιρ(ρ)υσιάζω
combined	lbg_pairs.json	editorial_siglum	αντιρρυσιαζοισθε	ἀντιρ(ρ)υσιάζω
combined	lbg_pairs.json	editorial_siglum	αντιρρυσιαζοισθην	ἀντιρ(ρ)υσιάζω
combined	lbg_pairs.json	editorial_siglum	αντιρρυσιαζοισθον	ἀντιρ(ρ)υσιάζω
combined	lbg_pairs.json	editorial_siglum	αντιρρυσιαζοιτε	ἀντιρ(ρ)υσιάζω
combined	lbg_pairs.json	editorial_siglum	αντιρρυσιαζοιτην	ἀντιρ(ρ)υσιάζω
combined	lbg_pairs.json	editorial_siglum	αντιρρυσιαζοιτο	ἀντιρ(ρ)υσιάζω
combined	lbg_pairs.json	editorial_siglum	αντιρρυσιαζοιτον	ἀντιρ(ρ)υσιάζω
combined	lbg_pairs.json	editorial_siglum	αντιρρυσιαζομαι	ἀντιρ(ρ)υσιάζω
combined	lbg_pairs.json	editorial_siglum	αντιρρυσιαζομεθα	ἀντιρ(ρ)υσιάζω
combined	lbg_pairs.json	editorial_siglum	αντιρρυσιαζομεν	ἀντιρ(ρ)υσιάζω
combined	lbg_pairs.json	editorial_siglum	αντιρρυσιαζομενη	ἀντιρ(ρ)υσιάζω
combined	lbg_pairs.json	editorial_siglum	αντιρρυσιαζομενον	ἀντιρ(ρ)υσιάζω
combined	lbg_pairs.json	editorial_siglum	αντιρρυσιαζομενος	ἀντιρ(ρ)υσιάζω
combined	lbg_pairs.json	editorial_siglum	αντιρρυσιαζον	ἀντιρ(ρ)υσιάζω
combined	lbg_pairs.json	editorial_siglum	αντιρρυσιαζονται	ἀντιρ(ρ)υσιάζω
combined	lbg_pairs.json	editorial_siglum	αντιρρυσιαζοντων	ἀντιρ(ρ)υσιάζω
combined	lbg_pairs.json	editorial_siglum	αντιρρυσιαζου	ἀντιρ(ρ)υσιάζω
combined	lbg_pairs.json	editorial_siglum	αντιρρυσιαζουσα	ἀντιρ(ρ)υσιάζω
combined	lbg_pairs.json	editorial_siglum	αντιρρυσιαζω	ἀντιρ(ρ)υσιάζω
combined	lbg_pairs.json	editorial_siglum	αντιρρυσιαζωμαι	ἀντιρ(ρ)υσιάζω
combined	lbg_pairs.json	editorial_siglum	αντιρρυσιαζωμεθα	ἀντιρ(ρ)υσιάζω
combined	lbg_pairs.json	editorial_siglum	αντιρρυσιαζωμεν	ἀντιρ(ρ)υσιάζω
combined	lbg_pairs.json	editorial_siglum	αντιρρυσιαζων	ἀντιρ(ρ)υσιάζω
combined	lbg_pairs.json	editorial_siglum	αντιρρυσιαζωνται	ἀντιρ(ρ)υσιάζω
combined	lbg_pairs.json	editorial_siglum	αντιρυσιαζε	ἀντιρ(ρ)υσιάζω
combined	lbg_pairs.json	editorial_siglum	αντιρυσιαζει	ἀντιρ(ρ)υσιάζω
combined	lbg_pairs.json	editorial_siglum	αντιρυσιαζειν	ἀντιρ(ρ)υσιάζω
combined	lbg_pairs.json	editorial_siglum	αντιρυσιαζεις	ἀντιρ(ρ)υσιάζω
combined	lbg_pairs.json	editorial_siglum	αντιρυσιαζεσθαι	ἀντιρ(ρ)υσιάζω
combined	lbg_pairs.json	editorial_siglum	αντιρυσιαζεσθε	ἀντιρ(ρ)υσιάζω
combined	lbg_pairs.json	editorial_siglum	αντιρυσιαζεσθον	ἀντιρ(ρ)υσιάζω
combined	lbg_pairs.json	editorial_siglum	αντιρυσιαζεσθω	ἀντιρ(ρ)υσιάζω
combined	lbg_pairs.json	editorial_siglum	αντιρυσιαζεσθων	ἀντιρ(ρ)υσιάζω
combined	lbg_pairs.json	editorial_siglum	αντιρυσιαζεται	ἀντιρ(ρ)υσιάζω
combined	lbg_pairs.json	editorial_siglum	αντιρυσιαζετε	ἀντιρ(ρ)υσιάζω
combined	lbg_pairs.json	editorial_siglum	αντιρυσιαζετον	ἀντιρ(ρ)υσιάζω
combined	lbg_pairs.json	editorial_siglum	αντιρυσιαζετω	ἀντιρ(ρ)υσιάζω
combined	lbg_pairs.json	editorial_siglum	αντιρυσιαζετων	ἀντιρ(ρ)υσιάζω
combined	lbg_pairs.json	editorial_siglum	αντιρυσιαζη	ἀντιρ(ρ)υσιάζω
combined	lbg_pairs.json	editorial_siglum	αντιρυσιαζης	ἀντιρ(ρ)υσιάζω
combined	lbg_pairs.json	editorial_siglum	αντιρυσιαζησθε	ἀντιρ(ρ)υσιάζω
combined	lbg_pairs.json	editorial_siglum	αντιρυσιαζησθον	ἀντιρ(ρ)υσιάζω
combined	lbg_pairs.json	editorial_siglum	αντιρυσιαζηται	ἀντιρ(ρ)υσιάζω
combined	lbg_pairs.json	editorial_siglum	αντιρυσιαζητε	ἀντιρ(ρ)υσιάζω
combined	lbg_pairs.json	editorial_siglum	αντιρυσιαζητον	ἀντιρ(ρ)υσιάζω
combined	lbg_pairs.json	editorial_siglum	αντιρυσιαζοι	ἀντιρ(ρ)υσιάζω
combined	lbg_pairs.json	editorial_siglum	αντιρυσιαζοιεν	ἀντιρ(ρ)υσιάζω
combined	lbg_pairs.json	editorial_siglum	αντιρυσιαζοιμεθα	ἀντιρ(ρ)υσιάζω
combined	lbg_pairs.json	editorial_siglum	αντιρυσιαζοιμεν	ἀντιρ(ρ)υσιάζω
combined	lbg_pairs.json	editorial_siglum	αντιρυσιαζοιμην	ἀντιρ(ρ)υσιάζω
combined	lbg_pairs.json	editorial_siglum	αντιρυσιαζοιμι	ἀντιρ(ρ)υσιάζω
combined	lbg_pairs.json	editorial_siglum	αντιρυσιαζοιντο	ἀντιρ(ρ)υσιάζω
combined	lbg_pairs.json	editorial_siglum	αντιρυσιαζοιο	ἀντιρ(ρ)υσιάζω
combined	lbg_pairs.json	editorial_siglum	αντιρυσιαζοις	ἀντιρ(ρ)υσιάζω
combined	lbg_pairs.json	editorial_siglum	αντιρυσιαζοισθε	ἀντιρ(ρ)υσιάζω
combined	lbg_pairs.json	editorial_siglum	αντιρυσιαζοισθην	ἀντιρ(ρ)υσιάζω
combined	lbg_pairs.json	editorial_siglum	αντιρυσιαζοισθον	ἀντιρ(ρ)υσιάζω
combined	lbg_pairs.json	editorial_siglum	αντιρυσιαζοιτε	ἀντιρ(ρ)υσιάζω
combined	lbg_pairs.json	editorial_siglum	αντιρυσιαζοιτην	ἀντιρ(ρ)υσιάζω
combined	lbg_pairs.json	editorial_siglum	αντιρυσιαζοιτο	ἀντιρ(ρ)υσιάζω
combined	lbg_pairs.json	editorial_siglum	αντιρυσιαζοιτον	ἀντιρ(ρ)υσιάζω
combined	lbg_pairs.json	editorial_siglum	αντιρυσιαζομαι	ἀντιρ(ρ)υσιάζω
combined	lbg_pairs.json	editorial_siglum	αντιρυσιαζομεθα	ἀντιρ(ρ)υσιάζω
combined	lbg_pairs.json	editorial_siglum	αντιρυσιαζομεν	ἀντιρ(ρ)υσιάζω
combined	lbg_pairs.json	editorial_siglum	αντιρυσιαζομενη	ἀντιρ(ρ)υσιάζω
combined	lbg_pairs.json	editorial_siglum	αντιρυσιαζομενον	ἀντιρ(ρ)υσιάζω
combined	lbg_pairs.json	editorial_siglum	αντιρυσιαζομενος	ἀντιρ(ρ)υσιάζω
combined	lbg_pairs.json	editorial_siglum	αντιρυσιαζον	ἀντιρ(ρ)υσιάζω
combined	lbg_pairs.json	editorial_siglum	αντιρυσιαζονται	ἀντιρ(ρ)υσιάζω
combined	lbg_pairs.json	editorial_siglum	αντιρυσιαζοντων	ἀντιρ(ρ)υσιάζω
combined	lbg_pairs.json	editorial_siglum	αντιρυσιαζου	ἀντιρ(ρ)υσιάζω
combined	lbg_pairs.json	editorial_siglum	αντιρυσιαζουσα	ἀντιρ(ρ)υσιάζω
combined	lbg_pairs.json	editorial_siglum	αντιρυσιαζω	ἀντιρ(ρ)υσιάζω
combined	lbg_pairs.json	editorial_siglum	αντιρυσιαζωμαι	ἀντιρ(ρ)υσιάζω
combined	lbg_pairs.json	editorial_siglum	αντιρυσιαζωμεθα	ἀντιρ(ρ)υσιάζω
combined	lbg_pairs.json	editorial_siglum	αντιρυσιαζωμεν	ἀντιρ(ρ)υσιάζω
combined	lbg_pairs.json	editorial_siglum	αντιρυσιαζων	ἀντιρ(ρ)υσιάζω
combined	lbg_pairs.json	editorial_siglum	αντιρυσιαζωνται	ἀντιρ(ρ)υσιάζω
combined	lbg_pairs.json	editorial_siglum	αντιροημα	ἀντιρ(ρ)όημα
combined	lbg_pairs.json	editorial_siglum	αντιροημασι	ἀντιρ(ρ)όημα
combined	lbg_pairs.json	editorial_siglum	αντιροημασιν	ἀντιρ(ρ)όημα
combined	lbg_pairs.json	editorial_siglum	αντιροηματα	ἀντιρ(ρ)όημα
combined	lbg_pairs.json	editorial_siglum	αντιροηματε	ἀντιρ(ρ)όημα
combined	lbg_pairs.json	editorial_siglum	αντιροηματι	ἀντιρ(ρ)όημα
combined	lbg_pairs.json	editorial_siglum	αντιροηματοιν	ἀντιρ(ρ)όημα
combined	lbg_pairs.json	editorial_siglum	αντιροηματος	ἀντιρ(ρ)όημα
combined	lbg_pairs.json	editorial_siglum	αντιροηματων	ἀντιρ(ρ)όημα
combined	lbg_pairs.json	editorial_siglum	αντιρροημα	ἀντιρ(ρ)όημα
combined	lbg_pairs.json	editorial_siglum	αντιρροημασι	ἀντιρ(ρ)όημα
combined	lbg_pairs.json	editorial_siglum	αντιρροημασιν	ἀντιρ(ρ)όημα
combined	lbg_pairs.json	editorial_siglum	αντιρροηματα	ἀντιρ(ρ)όημα
combined	lbg_pairs.json	editorial_siglum	αντιρροηματε	ἀντιρ(ρ)όημα
combined	lbg_pairs.json	editorial_siglum	αντιρροηματι	ἀντιρ(ρ)όημα
combined	lbg_pairs.json	editorial_siglum	αντιρροηματοιν	ἀντιρ(ρ)όημα
combined	lbg_pairs.json	editorial_siglum	αντιρροηματος	ἀντιρ(ρ)όημα
combined	lbg_pairs.json	editorial_siglum	αντιρροηματων	ἀντιρ(ρ)όημα
combined	lbg_pairs.json	editorial_siglum	απατηρια	ἀπα(τη)τήριον
combined	lbg_pairs.json	editorial_siglum	απατηριοιν	ἀπα(τη)τήριον
combined	lbg_pairs.json	editorial_siglum	απατηριοις	ἀπα(τη)τήριον
combined	lbg_pairs.json	editorial_siglum	απατηριον	ἀπα(τη)τήριον
combined	lbg_pairs.json	editorial_siglum	απατηριου	ἀπα(τη)τήριον
combined	lbg_pairs.json	editorial_siglum	απατηριω	ἀπα(τη)τήριον
combined	lbg_pairs.json	editorial_siglum	απατηριων	ἀπα(τη)τήριον
combined	lbg_pairs.json	editorial_siglum	απατητηρια	ἀπα(τη)τήριον
combined	lbg_pairs.json	editorial_siglum	απατητηριοιν	ἀπα(τη)τήριον
combined	lbg_pairs.json	editorial_siglum	απατητηριοις	ἀπα(τη)τήριον
combined	lbg_pairs.json	editorial_siglum	απατητηριον	ἀπα(τη)τήριον
combined	lbg_pairs.json	editorial_siglum	απατητηριου	ἀπα(τη)τήριον
combined	lbg_pairs.json	editorial_siglum	απατητηριω	ἀπα(τη)τήριον
combined	lbg_pairs.json	editorial_siglum	απατητηριων	ἀπα(τη)τήριον
combined	lbg_pairs.json	editorial_siglum	απεταε	ἀπετά(ζ)ω
combined	lbg_pairs.json	editorial_siglum	απεταει	ἀπετά(ζ)ω
combined	lbg_pairs.json	editorial_siglum	απεταειν	ἀπετά(ζ)ω
combined	lbg_pairs.json	editorial_siglum	απεταεις	ἀπετά(ζ)ω
combined	lbg_pairs.json	editorial_siglum	απεταεσθαι	ἀπετά(ζ)ω
combined	lbg_pairs.json	editorial_siglum	απεταεσθε	ἀπετά(ζ)ω
combined	lbg_pairs.json	editorial_siglum	απεταεσθον	ἀπετά(ζ)ω
combined	lbg_pairs.json	editorial_siglum	απεταεσθω	ἀπετά(ζ)ω
combined	lbg_pairs.json	editorial_siglum	απεταεσθων	ἀπετά(ζ)ω
combined	lbg_pairs.json	editorial_siglum	απεταεται	ἀπετά(ζ)ω
combined	lbg_pairs.json	editorial_siglum	απεταετε	ἀπετά(ζ)ω
combined	lbg_pairs.json	editorial_siglum	απεταετον	ἀπετά(ζ)ω
combined	lbg_pairs.json	editorial_siglum	απεταετω	ἀπετά(ζ)ω
combined	lbg_pairs.json	editorial_siglum	απεταετων	ἀπετά(ζ)ω
combined	lbg_pairs.json	editorial_siglum	απεταζε	ἀπετά(ζ)ω
combined	lbg_pairs.json	editorial_siglum	απεταζει	ἀπετά(ζ)ω
combined	lbg_pairs.json	editorial_siglum	απεταζειν	ἀπετά(ζ)ω
combined	lbg_pairs.json	editorial_siglum	απεταζεις	ἀπετά(ζ)ω
combined	lbg_pairs.json	editorial_siglum	απεταζεσθαι	ἀπετά(ζ)ω
combined	lbg_pairs.json	editorial_siglum	απεταζεσθε	ἀπετά(ζ)ω
combined	lbg_pairs.json	editorial_siglum	απεταζεσθον	ἀπετά(ζ)ω
combined	lbg_pairs.json	editorial_siglum	απεταζεσθω	ἀπετά(ζ)ω
combined	lbg_pairs.json	editorial_siglum	απεταζεσθων	ἀπετά(ζ)ω
combined	lbg_pairs.json	editorial_siglum	απεταζεται	ἀπετά(ζ)ω
combined	lbg_pairs.json	editorial_siglum	απεταζετε	ἀπετά(ζ)ω
combined	lbg_pairs.json	editorial_siglum	απεταζετον	ἀπετά(ζ)ω
combined	lbg_pairs.json	editorial_siglum	απεταζετω	ἀπετά(ζ)ω
combined	lbg_pairs.json	editorial_siglum	απεταζετων	ἀπετά(ζ)ω
combined	lbg_pairs.json	editorial_siglum	απεταζη	ἀπετά(ζ)ω
combined	lbg_pairs.json	editorial_siglum	απεταζης	ἀπετά(ζ)ω
combined	lbg_pairs.json	editorial_siglum	απεταζησθε	ἀπετά(ζ)ω
combined	lbg_pairs.json	editorial_siglum	απεταζησθον	ἀπετά(ζ)ω
combined	lbg_pairs.json	editorial_siglum	απεταζηται	ἀπετά(ζ)ω
combined	lbg_pairs.json	editorial_siglum	απεταζητε	ἀπετά(ζ)ω
combined	lbg_pairs.json	editorial_siglum	απεταζητον	ἀπετά(ζ)ω
combined	lbg_pairs.json	editorial_siglum	απεταζοι	ἀπετά(ζ)ω
combined	lbg_pairs.json	editorial_siglum	απεταζοιεν	ἀπετά(ζ)ω
combined	lbg_pairs.json	editorial_siglum	απεταζοιμεθα	ἀπετά(ζ)ω
combined	lbg_pairs.json	editorial_siglum	απεταζοιμεν	ἀπετά(ζ)ω
combined	lbg_pairs.json	editorial_siglum	απεταζοιμην	ἀπετά(ζ)ω
combined	lbg_pairs.json	editorial_siglum	απεταζοιμι	ἀπετά(ζ)ω
combined	lbg_pairs.json	editorial_siglum	απεταζοιντο	ἀπετά(ζ)ω
combined	lbg_pairs.json	editorial_siglum	απεταζοιο	ἀπετά(ζ)ω
combined	lbg_pairs.json	editorial_siglum	απεταζοις	ἀπετά(ζ)ω
combined	lbg_pairs.json	editorial_siglum	απεταζοισθε	ἀπετά(ζ)ω
combined	lbg_pairs.json	editorial_siglum	απεταζοισθην	ἀπετά(ζ)ω
combined	lbg_pairs.json	editorial_siglum	απεταζοισθον	ἀπετά(ζ)ω
combined	lbg_pairs.json	editorial_siglum	απεταζοιτε	ἀπετά(ζ)ω
combined	lbg_pairs.json	editorial_siglum	απεταζοιτην	ἀπετά(ζ)ω
combined	lbg_pairs.json	editorial_siglum	απεταζοιτο	ἀπετά(ζ)ω
combined	lbg_pairs.json	editorial_siglum	απεταζοιτον	ἀπετά(ζ)ω
combined	lbg_pairs.json	editorial_siglum	απεταζομαι	ἀπετά(ζ)ω
combined	lbg_pairs.json	editorial_siglum	απεταζομεθα	ἀπετά(ζ)ω
combined	lbg_pairs.json	editorial_siglum	απεταζομεν	ἀπετά(ζ)ω
combined	lbg_pairs.json	editorial_siglum	απεταζομενη	ἀπετά(ζ)ω
combined	lbg_pairs.json	editorial_siglum	απεταζομενον	ἀπετά(ζ)ω
combined	lbg_pairs.json	editorial_siglum	απεταζομενος	ἀπετά(ζ)ω
combined	lbg_pairs.json	editorial_siglum	απεταζον	ἀπετά(ζ)ω
combined	lbg_pairs.json	editorial_siglum	απεταζονται	ἀπετά(ζ)ω
combined	lbg_pairs.json	editorial_siglum	απεταζοντων	ἀπετά(ζ)ω
combined	lbg_pairs.json	editorial_siglum	απεταζου	ἀπετά(ζ)ω
combined	lbg_pairs.json	editorial_siglum	απεταζουσα	ἀπετά(ζ)ω
combined	lbg_pairs.json	editorial_siglum	απεταζω	ἀπετά(ζ)ω
combined	lbg_pairs.json	editorial_siglum	απεταζωμαι	ἀπετά(ζ)ω
combined	lbg_pairs.json	editorial_siglum	απεταζωμεθα	ἀπετά(ζ)ω
combined	lbg_pairs.json	editorial_siglum	απεταζωμεν	ἀπετά(ζ)ω
combined	lbg_pairs.json	editorial_siglum	απεταζων	ἀπετά(ζ)ω
combined	lbg_pairs.json	editorial_siglum	απεταζωνται	ἀπετά(ζ)ω
combined	lbg_pairs.json	editorial_siglum	απεταη	ἀπετά(ζ)ω
combined	lbg_pairs.json	editorial_siglum	απεταης	ἀπετά(ζ)ω
combined	lbg_pairs.json	editorial_siglum	απεταησθε	ἀπετά(ζ)ω
combined	lbg_pairs.json	editorial_siglum	απεταησθον	ἀπετά(ζ)ω
combined	lbg_pairs.json	editorial_siglum	απεταηται	ἀπετά(ζ)ω
combined	lbg_pairs.json	editorial_siglum	απεταητε	ἀπετά(ζ)ω
combined	lbg_pairs.json	editorial_siglum	απεταητον	ἀπετά(ζ)ω
combined	lbg_pairs.json	editorial_siglum	απεταοι	ἀπετά(ζ)ω
combined	lbg_pairs.json	editorial_siglum	απεταοιεν	ἀπετά(ζ)ω
combined	lbg_pairs.json	editorial_siglum	απεταοιμεθα	ἀπετά(ζ)ω
combined	lbg_pairs.json	editorial_siglum	απεταοιμεν	ἀπετά(ζ)ω
combined	lbg_pairs.json	editorial_siglum	απεταοιμην	ἀπετά(ζ)ω
combined	lbg_pairs.json	editorial_siglum	απεταοιμι	ἀπετά(ζ)ω
combined	lbg_pairs.json	editorial_siglum	απεταοιντο	ἀπετά(ζ)ω
combined	lbg_pairs.json	editorial_siglum	απεταοιο	ἀπετά(ζ)ω
combined	lbg_pairs.json	editorial_siglum	απεταοις	ἀπετά(ζ)ω
combined	lbg_pairs.json	editorial_siglum	απεταοισθε	ἀπετά(ζ)ω
combined	lbg_pairs.json	editorial_siglum	απεταοισθην	ἀπετά(ζ)ω
combined	lbg_pairs.json	editorial_siglum	απεταοισθον	ἀπετά(ζ)ω
combined	lbg_pairs.json	editorial_siglum	απεταοιτε	ἀπετά(ζ)ω
combined	lbg_pairs.json	editorial_siglum	απεταοιτην	ἀπετά(ζ)ω
combined	lbg_pairs.json	editorial_siglum	απεταοιτο	ἀπετά(ζ)ω
combined	lbg_pairs.json	editorial_siglum	απεταοιτον	ἀπετά(ζ)ω
combined	lbg_pairs.json	editorial_siglum	απεταομαι	ἀπετά(ζ)ω
combined	lbg_pairs.json	editorial_siglum	απεταομεθα	ἀπετά(ζ)ω
combined	lbg_pairs.json	editorial_siglum	απεταομεν	ἀπετά(ζ)ω
combined	lbg_pairs.json	editorial_siglum	απεταομενη	ἀπετά(ζ)ω
combined	lbg_pairs.json	editorial_siglum	απεταομενον	ἀπετά(ζ)ω
combined	lbg_pairs.json	editorial_siglum	απεταομενος	ἀπετά(ζ)ω
combined	lbg_pairs.json	editorial_siglum	απεταον	ἀπετά(ζ)ω
combined	lbg_pairs.json	editorial_siglum	απεταονται	ἀπετά(ζ)ω
combined	lbg_pairs.json	editorial_siglum	απεταοντων	ἀπετά(ζ)ω
combined	lbg_pairs.json	editorial_siglum	απεταου	ἀπετά(ζ)ω
combined	lbg_pairs.json	editorial_siglum	απεταουσα	ἀπετά(ζ)ω
combined	lbg_pairs.json	editorial_siglum	απεταω	ἀπετά(ζ)ω
combined	lbg_pairs.json	editorial_siglum	απεταωμαι	ἀπετά(ζ)ω
combined	lbg_pairs.json	editorial_siglum	απεταωμεθα	ἀπετά(ζ)ω
combined	lbg_pairs.json	editorial_siglum	απεταωμεν	ἀπετά(ζ)ω
combined	lbg_pairs.json	editorial_siglum	απεταων	ἀπετά(ζ)ω
combined	lbg_pairs.json	editorial_siglum	απεταωνται	ἀπετά(ζ)ω
combined	lbg_pairs.json	editorial_siglum	απογαματισμα	ἀπογαμ(μ)άτισμα
combined	lbg_pairs.json	editorial_siglum	απογαματισμασι	ἀπογαμ(μ)άτισμα
combined	lbg_pairs.json	editorial_siglum	απογαματισμασιν	ἀπογαμ(μ)άτισμα
combined	lbg_pairs.json	editorial_siglum	απογαματισματα	ἀπογαμ(μ)άτισμα
combined	lbg_pairs.json	editorial_siglum	απογαματισματε	ἀπογαμ(μ)άτισμα
combined	lbg_pairs.json	editorial_siglum	απογαματισματι	ἀπογαμ(μ)άτισμα
combined	lbg_pairs.json	editorial_siglum	απογαματισματοιν	ἀπογαμ(μ)άτισμα
combined	lbg_pairs.json	editorial_siglum	απογαματισματος	ἀπογαμ(μ)άτισμα
combined	lbg_pairs.json	editorial_siglum	απογαματισματων	ἀπογαμ(μ)άτισμα
combined	lbg_pairs.json	editorial_siglum	απογαμματισμα	ἀπογαμ(μ)άτισμα
combined	lbg_pairs.json	editorial_siglum	απογαμματισμασι	ἀπογαμ(μ)άτισμα
combined	lbg_pairs.json	editorial_siglum	απογαμματισμασιν	ἀπογαμ(μ)άτισμα
combined	lbg_pairs.json	editorial_siglum	απογαμματισματα	ἀπογαμ(μ)άτισμα
combined	lbg_pairs.json	editorial_siglum	απογαμματισματε	ἀπογαμ(μ)άτισμα
combined	lbg_pairs.json	editorial_siglum	απογαμματισματι	ἀπογαμ(μ)άτισμα
combined	lbg_pairs.json	editorial_siglum	απογαμματισματοιν	ἀπογαμ(μ)άτισμα
combined	lbg_pairs.json	editorial_siglum	απογαμματισματος	ἀπογαμ(μ)άτισμα
combined	lbg_pairs.json	editorial_siglum	απογαμματισματων	ἀπογαμ(μ)άτισμα
combined	lbg_pairs.json	editorial_siglum	αποραχισμα	ἀπορ(ρ)ἀχισμα
combined	lbg_pairs.json	editorial_siglum	αποραχισμασι	ἀπορ(ρ)ἀχισμα
combined	lbg_pairs.json	editorial_siglum	αποραχισμασιν	ἀπορ(ρ)ἀχισμα
combined	lbg_pairs.json	editorial_siglum	αποραχισματα	ἀπορ(ρ)ἀχισμα
combined	lbg_pairs.json	editorial_siglum	αποραχισματε	ἀπορ(ρ)ἀχισμα
combined	lbg_pairs.json	editorial_siglum	αποραχισματι	ἀπορ(ρ)ἀχισμα
combined	lbg_pairs.json	editorial_siglum	αποραχισματοιν	ἀπορ(ρ)ἀχισμα
combined	lbg_pairs.json	editorial_siglum	αποραχισματος	ἀπορ(ρ)ἀχισμα
combined	lbg_pairs.json	editorial_siglum	αποραχισματων	ἀπορ(ρ)ἀχισμα
combined	lbg_pairs.json	editorial_siglum	απορραχισμα	ἀπορ(ρ)ἀχισμα
combined	lbg_pairs.json	editorial_siglum	απορραχισμασι	ἀπορ(ρ)ἀχισμα
combined	lbg_pairs.json	editorial_siglum	απορραχισμασιν	ἀπορ(ρ)ἀχισμα
combined	lbg_pairs.json	editorial_siglum	απορραχισματα	ἀπορ(ρ)ἀχισμα
combined	lbg_pairs.json	editorial_siglum	απορραχισματε	ἀπορ(ρ)ἀχισμα
combined	lbg_pairs.json	editorial_siglum	απορραχισματι	ἀπορ(ρ)ἀχισμα
combined	lbg_pairs.json	editorial_siglum	απορραχισματοιν	ἀπορ(ρ)ἀχισμα
combined	lbg_pairs.json	editorial_siglum	απορραχισματος	ἀπορ(ρ)ἀχισμα
combined	lbg_pairs.json	editorial_siglum	απορραχισματων	ἀπορ(ρ)ἀχισμα
combined	lbg_pairs.json	editorial_siglum	αλυσειδοε	ἁλυσ(ε)ιδόω
combined	lbg_pairs.json	editorial_siglum	αλυσειδοει	ἁλυσ(ε)ιδόω
combined	lbg_pairs.json	editorial_siglum	αλυσειδοειν	ἁλυσ(ε)ιδόω
combined	lbg_pairs.json	editorial_siglum	αλυσειδοεις	ἁλυσ(ε)ιδόω
combined	lbg_pairs.json	editorial_siglum	αλυσειδοεσθαι	ἁλυσ(ε)ιδόω
combined	lbg_pairs.json	editorial_siglum	αλυσειδοεσθε	ἁλυσ(ε)ιδόω
combined	lbg_pairs.json	editorial_siglum	αλυσειδοεσθον	ἁλυσ(ε)ιδόω
combined	lbg_pairs.json	editorial_siglum	αλυσειδοεσθω	ἁλυσ(ε)ιδόω
combined	lbg_pairs.json	editorial_siglum	αλυσειδοεσθων	ἁλυσ(ε)ιδόω
combined	lbg_pairs.json	editorial_siglum	αλυσειδοεται	ἁλυσ(ε)ιδόω
combined	lbg_pairs.json	editorial_siglum	αλυσειδοετε	ἁλυσ(ε)ιδόω
combined	lbg_pairs.json	editorial_siglum	αλυσειδοετον	ἁλυσ(ε)ιδόω
combined	lbg_pairs.json	editorial_siglum	αλυσειδοετω	ἁλυσ(ε)ιδόω
combined	lbg_pairs.json	editorial_siglum	αλυσειδοετων	ἁλυσ(ε)ιδόω
combined	lbg_pairs.json	editorial_siglum	αλυσειδοη	ἁλυσ(ε)ιδόω
combined	lbg_pairs.json	editorial_siglum	αλυσειδοης	ἁλυσ(ε)ιδόω
combined	lbg_pairs.json	editorial_siglum	αλυσειδοησθε	ἁλυσ(ε)ιδόω
combined	lbg_pairs.json	editorial_siglum	αλυσειδοησθον	ἁλυσ(ε)ιδόω
combined	lbg_pairs.json	editorial_siglum	αλυσειδοηται	ἁλυσ(ε)ιδόω
combined	lbg_pairs.json	editorial_siglum	αλυσειδοητε	ἁλυσ(ε)ιδόω
combined	lbg_pairs.json	editorial_siglum	αλυσειδοητον	ἁλυσ(ε)ιδόω
combined	lbg_pairs.json	editorial_siglum	αλυσειδοι	ἁλυσ(ε)ιδόω
combined	lbg_pairs.json	editorial_siglum	αλυσειδοιεν	ἁλυσ(ε)ιδόω
combined	lbg_pairs.json	editorial_siglum	αλυσειδοιη	ἁλυσ(ε)ιδόω
combined	lbg_pairs.json	editorial_siglum	αλυσειδοιημεν	ἁλυσ(ε)ιδόω
combined	lbg_pairs.json	editorial_siglum	αλυσειδοιην	ἁλυσ(ε)ιδόω
combined	lbg_pairs.json	editorial_siglum	αλυσειδοιης	ἁλυσ(ε)ιδόω
combined	lbg_pairs.json	editorial_siglum	αλυσειδοιησαν	ἁλυσ(ε)ιδόω
combined	lbg_pairs.json	editorial_siglum	αλυσειδοιητε	ἁλυσ(ε)ιδόω
combined	lbg_pairs.json	editorial_siglum	αλυσειδοιητην	ἁλυσ(ε)ιδόω
combined	lbg_pairs.json	editorial_siglum	αλυσειδοιητον	ἁλυσ(ε)ιδόω
combined	lbg_pairs.json	editorial_siglum	αλυσειδοιμεθα	ἁλυσ(ε)ιδόω
combined	lbg_pairs.json	editorial_siglum	αλυσειδοιμεν	ἁλυσ(ε)ιδόω
combined	lbg_pairs.json	editorial_siglum	αλυσειδοιμην	ἁλυσ(ε)ιδόω
combined	lbg_pairs.json	editorial_siglum	αλυσειδοιμι	ἁλυσ(ε)ιδόω
combined	lbg_pairs.json	editorial_siglum	αλυσειδοιντο	ἁλυσ(ε)ιδόω
combined	lbg_pairs.json	editorial_siglum	αλυσειδοιο	ἁλυσ(ε)ιδόω
combined	lbg_pairs.json	editorial_siglum	αλυσειδοις	ἁλυσ(ε)ιδόω
combined	lbg_pairs.json	editorial_siglum	αλυσειδοισθε	ἁλυσ(ε)ιδόω
combined	lbg_pairs.json	editorial_siglum	αλυσειδοισθην	ἁλυσ(ε)ιδόω
combined	lbg_pairs.json	editorial_siglum	αλυσειδοισθον	ἁλυσ(ε)ιδόω
combined	lbg_pairs.json	editorial_siglum	αλυσειδοιτε	ἁλυσ(ε)ιδόω
combined	lbg_pairs.json	editorial_siglum	αλυσειδοιτην	ἁλυσ(ε)ιδόω
combined	lbg_pairs.json	editorial_siglum	αλυσειδοιτο	ἁλυσ(ε)ιδόω
combined	lbg_pairs.json	editorial_siglum	αλυσειδοιτον	ἁλυσ(ε)ιδόω
combined	lbg_pairs.json	editorial_siglum	αλυσειδοοι	ἁλυσ(ε)ιδόω
combined	lbg_pairs.json	editorial_siglum	αλυσειδοοιεν	ἁλυσ(ε)ιδόω
combined	lbg_pairs.json	editorial_siglum	αλυσειδοοιμεθα	ἁλυσ(ε)ιδόω
combined	lbg_pairs.json	editorial_siglum	αλυσειδοοιμεν	ἁλυσ(ε)ιδόω
combined	lbg_pairs.json	editorial_siglum	αλυσειδοοιμην	ἁλυσ(ε)ιδόω
combined	lbg_pairs.json	editorial_siglum	αλυσειδοοιμι	ἁλυσ(ε)ιδόω
combined	lbg_pairs.json	editorial_siglum	αλυσειδοοιντο	ἁλυσ(ε)ιδόω
combined	lbg_pairs.json	editorial_siglum	αλυσειδοοιο	ἁλυσ(ε)ιδόω
combined	lbg_pairs.json	editorial_siglum	αλυσειδοοις	ἁλυσ(ε)ιδόω
combined	lbg_pairs.json	editorial_siglum	αλυσειδοοισθε	ἁλυσ(ε)ιδόω
combined	lbg_pairs.json	editorial_siglum	αλυσειδοοισθην	ἁλυσ(ε)ιδόω
combined	lbg_pairs.json	editorial_siglum	αλυσειδοοισθον	ἁλυσ(ε)ιδόω
combined	lbg_pairs.json	editorial_siglum	αλυσειδοοιτε	ἁλυσ(ε)ιδόω
combined	lbg_pairs.json	editorial_siglum	αλυσειδοοιτην	ἁλυσ(ε)ιδόω
combined	lbg_pairs.json	editorial_siglum	αλυσειδοοιτο	ἁλυσ(ε)ιδόω
combined	lbg_pairs.json	editorial_siglum	αλυσειδοοιτον	ἁλυσ(ε)ιδόω
combined	lbg_pairs.json	editorial_siglum	αλυσειδοομαι	ἁλυσ(ε)ιδόω
combined	lbg_pairs.json	editorial_siglum	αλυσειδοομεθα	ἁλυσ(ε)ιδόω
combined	lbg_pairs.json	editorial_siglum	αλυσειδοομεν	ἁλυσ(ε)ιδόω
combined	lbg_pairs.json	editorial_siglum	αλυσειδοομενη	ἁλυσ(ε)ιδόω
combined	lbg_pairs.json	editorial_siglum	αλυσειδοομενον	ἁλυσ(ε)ιδόω
combined	lbg_pairs.json	editorial_siglum	αλυσειδοομενος	ἁλυσ(ε)ιδόω
combined	lbg_pairs.json	editorial_siglum	αλυσειδοον	ἁλυσ(ε)ιδόω
combined	lbg_pairs.json	editorial_siglum	αλυσειδοονται	ἁλυσ(ε)ιδόω
combined	lbg_pairs.json	editorial_siglum	αλυσειδοοντων	ἁλυσ(ε)ιδόω
combined	lbg_pairs.json	editorial_siglum	αλυσειδοου	ἁλυσ(ε)ιδόω
combined	lbg_pairs.json	editorial_siglum	αλυσειδοουσα	ἁλυσ(ε)ιδόω
combined	lbg_pairs.json	editorial_siglum	αλυσειδου	ἁλυσ(ε)ιδόω
combined	lbg_pairs.json	editorial_siglum	αλυσειδουμαι	ἁλυσ(ε)ιδόω
combined	lbg_pairs.json	editorial_siglum	αλυσειδουμεθα	ἁλυσ(ε)ιδόω
combined	lbg_pairs.json	editorial_siglum	αλυσειδουμεν	ἁλυσ(ε)ιδόω
combined	lbg_pairs.json	editorial_siglum	αλυσειδουμενη	ἁλυσ(ε)ιδόω
combined	lbg_pairs.json	editorial_siglum	αλυσειδουμενον	ἁλυσ(ε)ιδόω
combined	lbg_pairs.json	editorial_siglum	αλυσειδουμενος	ἁλυσ(ε)ιδόω
combined	lbg_pairs.json	editorial_siglum	αλυσειδουν	ἁλυσ(ε)ιδόω
combined	lbg_pairs.json	editorial_siglum	αλυσειδουνται	ἁλυσ(ε)ιδόω
combined	lbg_pairs.json	editorial_siglum	αλυσειδουντων	ἁλυσ(ε)ιδόω
combined	lbg_pairs.json	editorial_siglum	αλυσειδουσα	ἁλυσ(ε)ιδόω
combined	lbg_pairs.json	editorial_siglum	αλυσειδουσθαι	ἁλυσ(ε)ιδόω
combined	lbg_pairs.json	editorial_siglum	αλυσειδουσθε	ἁλυσ(ε)ιδόω
combined	lbg_pairs.json	editorial_siglum	αλυσειδουσθον	ἁλυσ(ε)ιδόω
combined	lbg_pairs.json	editorial_siglum	αλυσειδουσθω	ἁλυσ(ε)ιδόω
combined	lbg_pairs.json	editorial_siglum	αλυσειδουσθων	ἁλυσ(ε)ιδόω
combined	lbg_pairs.json	editorial_siglum	αλυσειδουται	ἁλυσ(ε)ιδόω
combined	lbg_pairs.json	editorial_siglum	αλυσειδουτε	ἁλυσ(ε)ιδόω
combined	lbg_pairs.json	editorial_siglum	αλυσειδουτον	ἁλυσ(ε)ιδόω
combined	lbg_pairs.json	editorial_siglum	αλυσειδουτω	ἁλυσ(ε)ιδόω
combined	lbg_pairs.json	editorial_siglum	αλυσειδουτων	ἁλυσ(ε)ιδόω
combined	lbg_pairs.json	editorial_siglum	αλυσειδοω	ἁλυσ(ε)ιδόω
combined	lbg_pairs.json	editorial_siglum	αλυσειδοωμαι	ἁλυσ(ε)ιδόω
combined	lbg_pairs.json	editorial_siglum	αλυσειδοωμεθα	ἁλυσ(ε)ιδόω
combined	lbg_pairs.json	editorial_siglum	αλυσειδοωμεν	ἁλυσ(ε)ιδόω
combined	lbg_pairs.json	editorial_siglum	αλυσειδοων	ἁλυσ(ε)ιδόω
combined	lbg_pairs.json	editorial_siglum	αλυσειδοωνται	ἁλυσ(ε)ιδόω
combined	lbg_pairs.json	editorial_siglum	αλυσειδω	ἁλυσ(ε)ιδόω
combined	lbg_pairs.json	editorial_siglum	αλυσειδωμαι	ἁλυσ(ε)ιδόω
combined	lbg_pairs.json	editorial_siglum	αλυσειδωμεθα	ἁλυσ(ε)ιδόω
combined	lbg_pairs.json	editorial_siglum	αλυσειδωμεν	ἁλυσ(ε)ιδόω
combined	lbg_pairs.json	editorial_siglum	αλυσειδων	ἁλυσ(ε)ιδόω
combined	lbg_pairs.json	editorial_siglum	αλυσειδωνται	ἁλυσ(ε)ιδόω
combined	lbg_pairs.json	editorial_siglum	αλυσειδωσθε	ἁλυσ(ε)ιδόω
combined	lbg_pairs.json	editorial_siglum	αλυσειδωσθον	ἁλυσ(ε)ιδόω
combined	lbg_pairs.json	editorial_siglum	αλυσειδωται	ἁλυσ(ε)ιδόω
combined	lbg_pairs.json	editorial_siglum	αλυσειδωτε	ἁλυσ(ε)ιδόω
combined	lbg_pairs.json	editorial_siglum	αλυσειδωτον	ἁλυσ(ε)ιδόω
combined	lbg_pairs.json	editorial_siglum	αλυσιδοε	ἁλυσ(ε)ιδόω
combined	lbg_pairs.json	editorial_siglum	αλυσιδοει	ἁλυσ(ε)ιδόω
combined	lbg_pairs.json	editorial_siglum	αλυσιδοειν	ἁλυσ(ε)ιδόω
combined	lbg_pairs.json	editorial_siglum	αλυσιδοεις	ἁλυσ(ε)ιδόω
combined	lbg_pairs.json	editorial_siglum	αλυσιδοεσθαι	ἁλυσ(ε)ιδόω
combined	lbg_pairs.json	editorial_siglum	αλυσιδοεσθε	ἁλυσ(ε)ιδόω
combined	lbg_pairs.json	editorial_siglum	αλυσιδοεσθον	ἁλυσ(ε)ιδόω
combined	lbg_pairs.json	editorial_siglum	αλυσιδοεσθω	ἁλυσ(ε)ιδόω
combined	lbg_pairs.json	editorial_siglum	αλυσιδοεσθων	ἁλυσ(ε)ιδόω
combined	lbg_pairs.json	editorial_siglum	αλυσιδοεται	ἁλυσ(ε)ιδόω
combined	lbg_pairs.json	editorial_siglum	αλυσιδοετε	ἁλυσ(ε)ιδόω
combined	lbg_pairs.json	editorial_siglum	αλυσιδοετον	ἁλυσ(ε)ιδόω
combined	lbg_pairs.json	editorial_siglum	αλυσιδοετω	ἁλυσ(ε)ιδόω
combined	lbg_pairs.json	editorial_siglum	αλυσιδοετων	ἁλυσ(ε)ιδόω
combined	lbg_pairs.json	editorial_siglum	αλυσιδοη	ἁλυσ(ε)ιδόω
combined	lbg_pairs.json	editorial_siglum	αλυσιδοης	ἁλυσ(ε)ιδόω
combined	lbg_pairs.json	editorial_siglum	αλυσιδοησθε	ἁλυσ(ε)ιδόω
combined	lbg_pairs.json	editorial_siglum	αλυσιδοησθον	ἁλυσ(ε)ιδόω
combined	lbg_pairs.json	editorial_siglum	αλυσιδοηται	ἁλυσ(ε)ιδόω
combined	lbg_pairs.json	editorial_siglum	αλυσιδοητε	ἁλυσ(ε)ιδόω
combined	lbg_pairs.json	editorial_siglum	αλυσιδοητον	ἁλυσ(ε)ιδόω
combined	lbg_pairs.json	editorial_siglum	αλυσιδοι	ἁλυσ(ε)ιδόω
combined	lbg_pairs.json	editorial_siglum	αλυσιδοιεν	ἁλυσ(ε)ιδόω
combined	lbg_pairs.json	editorial_siglum	αλυσιδοιη	ἁλυσ(ε)ιδόω
combined	lbg_pairs.json	editorial_siglum	αλυσιδοιημεν	ἁλυσ(ε)ιδόω
combined	lbg_pairs.json	editorial_siglum	αλυσιδοιην	ἁλυσ(ε)ιδόω
combined	lbg_pairs.json	editorial_siglum	αλυσιδοιης	ἁλυσ(ε)ιδόω
combined	lbg_pairs.json	editorial_siglum	αλυσιδοιησαν	ἁλυσ(ε)ιδόω
combined	lbg_pairs.json	editorial_siglum	αλυσιδοιητε	ἁλυσ(ε)ιδόω
combined	lbg_pairs.json	editorial_siglum	αλυσιδοιητην	ἁλυσ(ε)ιδόω
combined	lbg_pairs.json	editorial_siglum	αλυσιδοιητον	ἁλυσ(ε)ιδόω
combined	lbg_pairs.json	editorial_siglum	αλυσιδοιμεθα	ἁλυσ(ε)ιδόω
combined	lbg_pairs.json	editorial_siglum	αλυσιδοιμεν	ἁλυσ(ε)ιδόω
combined	lbg_pairs.json	editorial_siglum	αλυσιδοιμην	ἁλυσ(ε)ιδόω
combined	lbg_pairs.json	editorial_siglum	αλυσιδοιμι	ἁλυσ(ε)ιδόω
combined	lbg_pairs.json	editorial_siglum	αλυσιδοιντο	ἁλυσ(ε)ιδόω
combined	lbg_pairs.json	editorial_siglum	αλυσιδοιο	ἁλυσ(ε)ιδόω
combined	lbg_pairs.json	editorial_siglum	αλυσιδοις	ἁλυσ(ε)ιδόω
combined	lbg_pairs.json	editorial_siglum	αλυσιδοισθε	ἁλυσ(ε)ιδόω
combined	lbg_pairs.json	editorial_siglum	αλυσιδοισθην	ἁλυσ(ε)ιδόω
combined	lbg_pairs.json	editorial_siglum	αλυσιδοισθον	ἁλυσ(ε)ιδόω
combined	lbg_pairs.json	editorial_siglum	αλυσιδοιτε	ἁλυσ(ε)ιδόω
combined	lbg_pairs.json	editorial_siglum	αλυσιδοιτην	ἁλυσ(ε)ιδόω
combined	lbg_pairs.json	editorial_siglum	αλυσιδοιτο	ἁλυσ(ε)ιδόω
combined	lbg_pairs.json	editorial_siglum	αλυσιδοιτον	ἁλυσ(ε)ιδόω
combined	lbg_pairs.json	editorial_siglum	αλυσιδοοι	ἁλυσ(ε)ιδόω
combined	lbg_pairs.json	editorial_siglum	αλυσιδοοιεν	ἁλυσ(ε)ιδόω
combined	lbg_pairs.json	editorial_siglum	αλυσιδοοιμεθα	ἁλυσ(ε)ιδόω
combined	lbg_pairs.json	editorial_siglum	αλυσιδοοιμεν	ἁλυσ(ε)ιδόω
combined	lbg_pairs.json	editorial_siglum	αλυσιδοοιμην	ἁλυσ(ε)ιδόω
combined	lbg_pairs.json	editorial_siglum	αλυσιδοοιμι	ἁλυσ(ε)ιδόω
combined	lbg_pairs.json	editorial_siglum	αλυσιδοοιντο	ἁλυσ(ε)ιδόω
combined	lbg_pairs.json	editorial_siglum	αλυσιδοοιο	ἁλυσ(ε)ιδόω
combined	lbg_pairs.json	editorial_siglum	αλυσιδοοις	ἁλυσ(ε)ιδόω
combined	lbg_pairs.json	editorial_siglum	αλυσιδοοισθε	ἁλυσ(ε)ιδόω
combined	lbg_pairs.json	editorial_siglum	αλυσιδοοισθην	ἁλυσ(ε)ιδόω
combined	lbg_pairs.json	editorial_siglum	αλυσιδοοισθον	ἁλυσ(ε)ιδόω
combined	lbg_pairs.json	editorial_siglum	αλυσιδοοιτε	ἁλυσ(ε)ιδόω
combined	lbg_pairs.json	editorial_siglum	αλυσιδοοιτην	ἁλυσ(ε)ιδόω
combined	lbg_pairs.json	editorial_siglum	αλυσιδοοιτο	ἁλυσ(ε)ιδόω
combined	lbg_pairs.json	editorial_siglum	αλυσιδοοιτον	ἁλυσ(ε)ιδόω
combined	lbg_pairs.json	editorial_siglum	αλυσιδοομαι	ἁλυσ(ε)ιδόω
combined	lbg_pairs.json	editorial_siglum	αλυσιδοομεθα	ἁλυσ(ε)ιδόω
combined	lbg_pairs.json	editorial_siglum	αλυσιδοομεν	ἁλυσ(ε)ιδόω
combined	lbg_pairs.json	editorial_siglum	αλυσιδοομενη	ἁλυσ(ε)ιδόω
combined	lbg_pairs.json	editorial_siglum	αλυσιδοομενον	ἁλυσ(ε)ιδόω
combined	lbg_pairs.json	editorial_siglum	αλυσιδοομενος	ἁλυσ(ε)ιδόω
combined	lbg_pairs.json	editorial_siglum	αλυσιδοον	ἁλυσ(ε)ιδόω
combined	lbg_pairs.json	editorial_siglum	αλυσιδοονται	ἁλυσ(ε)ιδόω
combined	lbg_pairs.json	editorial_siglum	αλυσιδοοντων	ἁλυσ(ε)ιδόω
combined	lbg_pairs.json	editorial_siglum	αλυσιδοου	ἁλυσ(ε)ιδόω
combined	lbg_pairs.json	editorial_siglum	αλυσιδοουσα	ἁλυσ(ε)ιδόω
combined	lbg_pairs.json	editorial_siglum	αλυσιδου	ἁλυσ(ε)ιδόω
combined	lbg_pairs.json	editorial_siglum	αλυσιδουμαι	ἁλυσ(ε)ιδόω
combined	lbg_pairs.json	editorial_siglum	αλυσιδουμεθα	ἁλυσ(ε)ιδόω
combined	lbg_pairs.json	editorial_siglum	αλυσιδουμεν	ἁλυσ(ε)ιδόω
combined	lbg_pairs.json	editorial_siglum	αλυσιδουμενη	ἁλυσ(ε)ιδόω
combined	lbg_pairs.json	editorial_siglum	αλυσιδουμενον	ἁλυσ(ε)ιδόω
combined	lbg_pairs.json	editorial_siglum	αλυσιδουμενος	ἁλυσ(ε)ιδόω
combined	lbg_pairs.json	editorial_siglum	αλυσιδουν	ἁλυσ(ε)ιδόω
combined	lbg_pairs.json	editorial_siglum	αλυσιδουνται	ἁλυσ(ε)ιδόω
combined	lbg_pairs.json	editorial_siglum	αλυσιδουντων	ἁλυσ(ε)ιδόω
combined	lbg_pairs.json	editorial_siglum	αλυσιδουσα	ἁλυσ(ε)ιδόω
combined	lbg_pairs.json	editorial_siglum	αλυσιδουσθαι	ἁλυσ(ε)ιδόω
combined	lbg_pairs.json	editorial_siglum	αλυσιδουσθε	ἁλυσ(ε)ιδόω
combined	lbg_pairs.json	editorial_siglum	αλυσιδουσθον	ἁλυσ(ε)ιδόω
combined	lbg_pairs.json	editorial_siglum	αλυσιδουσθω	ἁλυσ(ε)ιδόω
combined	lbg_pairs.json	editorial_siglum	αλυσιδουσθων	ἁλυσ(ε)ιδόω
combined	lbg_pairs.json	editorial_siglum	αλυσιδουται	ἁλυσ(ε)ιδόω
combined	lbg_pairs.json	editorial_siglum	αλυσιδουτε	ἁλυσ(ε)ιδόω
combined	lbg_pairs.json	editorial_siglum	αλυσιδουτον	ἁλυσ(ε)ιδόω
combined	lbg_pairs.json	editorial_siglum	αλυσιδουτω	ἁλυσ(ε)ιδόω
combined	lbg_pairs.json	editorial_siglum	αλυσιδουτων	ἁλυσ(ε)ιδόω
combined	lbg_pairs.json	editorial_siglum	αλυσιδοω	ἁλυσ(ε)ιδόω
combined	lbg_pairs.json	editorial_siglum	αλυσιδοωμαι	ἁλυσ(ε)ιδόω
combined	lbg_pairs.json	editorial_siglum	αλυσιδοωμεθα	ἁλυσ(ε)ιδόω
combined	lbg_pairs.json	editorial_siglum	αλυσιδοωμεν	ἁλυσ(ε)ιδόω
combined	lbg_pairs.json	editorial_siglum	αλυσιδοων	ἁλυσ(ε)ιδόω
combined	lbg_pairs.json	editorial_siglum	αλυσιδοωνται	ἁλυσ(ε)ιδόω
combined	lbg_pairs.json	editorial_siglum	αλυσιδω	ἁλυσ(ε)ιδόω
combined	lbg_pairs.json	editorial_siglum	αλυσιδωμαι	ἁλυσ(ε)ιδόω
combined	lbg_pairs.json	editorial_siglum	αλυσιδωμεθα	ἁλυσ(ε)ιδόω
combined	lbg_pairs.json	editorial_siglum	αλυσιδωμεν	ἁλυσ(ε)ιδόω
combined	lbg_pairs.json	editorial_siglum	αλυσιδωνται	ἁλυσ(ε)ιδόω
combined	lbg_pairs.json	editorial_siglum	αλυσιδωσθε	ἁλυσ(ε)ιδόω
combined	lbg_pairs.json	editorial_siglum	αλυσιδωσθον	ἁλυσ(ε)ιδόω
combined	lbg_pairs.json	editorial_siglum	αλυσιδωται	ἁλυσ(ε)ιδόω
combined	lbg_pairs.json	editorial_siglum	αλυσιδωτον	ἁλυσ(ε)ιδόω
combined	lbg_pairs.json	editorial_siglum	εκπελευε	ἐκπελ(λ)εὐω
combined	lbg_pairs.json	editorial_siglum	εκπελευει	ἐκπελ(λ)εὐω
combined	lbg_pairs.json	editorial_siglum	εκπελευειν	ἐκπελ(λ)εὐω
combined	lbg_pairs.json	editorial_siglum	εκπελευεις	ἐκπελ(λ)εὐω
combined	lbg_pairs.json	editorial_siglum	εκπελευεσθαι	ἐκπελ(λ)εὐω
combined	lbg_pairs.json	editorial_siglum	εκπελευεσθε	ἐκπελ(λ)εὐω
combined	lbg_pairs.json	editorial_siglum	εκπελευεσθον	ἐκπελ(λ)εὐω
combined	lbg_pairs.json	editorial_siglum	εκπελευεσθω	ἐκπελ(λ)εὐω
combined	lbg_pairs.json	editorial_siglum	εκπελευεσθων	ἐκπελ(λ)εὐω
combined	lbg_pairs.json	editorial_siglum	εκπελευεται	ἐκπελ(λ)εὐω
combined	lbg_pairs.json	editorial_siglum	εκπελευετε	ἐκπελ(λ)εὐω
combined	lbg_pairs.json	editorial_siglum	εκπελευετον	ἐκπελ(λ)εὐω
combined	lbg_pairs.json	editorial_siglum	εκπελευετω	ἐκπελ(λ)εὐω
combined	lbg_pairs.json	editorial_siglum	εκπελευετων	ἐκπελ(λ)εὐω
combined	lbg_pairs.json	editorial_siglum	εκπελευη	ἐκπελ(λ)εὐω
combined	lbg_pairs.json	editorial_siglum	εκπελευης	ἐκπελ(λ)εὐω
combined	lbg_pairs.json	editorial_siglum	εκπελευησθε	ἐκπελ(λ)εὐω
combined	lbg_pairs.json	editorial_siglum	εκπελευησθον	ἐκπελ(λ)εὐω
combined	lbg_pairs.json	editorial_siglum	εκπελευηται	ἐκπελ(λ)εὐω
combined	lbg_pairs.json	editorial_siglum	εκπελευητε	ἐκπελ(λ)εὐω
combined	lbg_pairs.json	editorial_siglum	εκπελευητον	ἐκπελ(λ)εὐω
combined	lbg_pairs.json	editorial_siglum	εκπελευοι	ἐκπελ(λ)εὐω
combined	lbg_pairs.json	editorial_siglum	εκπελευοιεν	ἐκπελ(λ)εὐω
combined	lbg_pairs.json	editorial_siglum	εκπελευοιμεθα	ἐκπελ(λ)εὐω
combined	lbg_pairs.json	editorial_siglum	εκπελευοιμεν	ἐκπελ(λ)εὐω
combined	lbg_pairs.json	editorial_siglum	εκπελευοιμην	ἐκπελ(λ)εὐω
combined	lbg_pairs.json	editorial_siglum	εκπελευοιμι	ἐκπελ(λ)εὐω
combined	lbg_pairs.json	editorial_siglum	εκπελευοιντο	ἐκπελ(λ)εὐω
combined	lbg_pairs.json	editorial_siglum	εκπελευοιο	ἐκπελ(λ)εὐω
combined	lbg_pairs.json	editorial_siglum	εκπελευοις	ἐκπελ(λ)εὐω
combined	lbg_pairs.json	editorial_siglum	εκπελευοισθε	ἐκπελ(λ)εὐω
combined	lbg_pairs.json	editorial_siglum	εκπελευοισθην	ἐκπελ(λ)εὐω
combined	lbg_pairs.json	editorial_siglum	εκπελευοισθον	ἐκπελ(λ)εὐω
combined	lbg_pairs.json	editorial_siglum	εκπελευοιτε	ἐκπελ(λ)εὐω
combined	lbg_pairs.json	editorial_siglum	εκπελευοιτην	ἐκπελ(λ)εὐω
combined	lbg_pairs.json	editorial_siglum	εκπελευοιτο	ἐκπελ(λ)εὐω
combined	lbg_pairs.json	editorial_siglum	εκπελευοιτον	ἐκπελ(λ)εὐω
combined	lbg_pairs.json	editorial_siglum	εκπελευομαι	ἐκπελ(λ)εὐω
combined	lbg_pairs.json	editorial_siglum	εκπελευομεθα	ἐκπελ(λ)εὐω
combined	lbg_pairs.json	editorial_siglum	εκπελευομεν	ἐκπελ(λ)εὐω
combined	lbg_pairs.json	editorial_siglum	εκπελευομενη	ἐκπελ(λ)εὐω
combined	lbg_pairs.json	editorial_siglum	εκπελευομενον	ἐκπελ(λ)εὐω
combined	lbg_pairs.json	editorial_siglum	εκπελευομενος	ἐκπελ(λ)εὐω
combined	lbg_pairs.json	editorial_siglum	εκπελευον	ἐκπελ(λ)εὐω
combined	lbg_pairs.json	editorial_siglum	εκπελευονται	ἐκπελ(λ)εὐω
combined	lbg_pairs.json	editorial_siglum	εκπελευοντων	ἐκπελ(λ)εὐω
combined	lbg_pairs.json	editorial_siglum	εκπελευου	ἐκπελ(λ)εὐω
combined	lbg_pairs.json	editorial_siglum	εκπελευουσα	ἐκπελ(λ)εὐω
combined	lbg_pairs.json	editorial_siglum	εκπελευω	ἐκπελ(λ)εὐω
combined	lbg_pairs.json	editorial_siglum	εκπελευωμαι	ἐκπελ(λ)εὐω
combined	lbg_pairs.json	editorial_siglum	εκπελευωμεθα	ἐκπελ(λ)εὐω
combined	lbg_pairs.json	editorial_siglum	εκπελευωμεν	ἐκπελ(λ)εὐω
combined	lbg_pairs.json	editorial_siglum	εκπελευων	ἐκπελ(λ)εὐω
combined	lbg_pairs.json	editorial_siglum	εκπελευωνται	ἐκπελ(λ)εὐω
combined	lbg_pairs.json	editorial_siglum	εκπελλευε	ἐκπελ(λ)εὐω
combined	lbg_pairs.json	editorial_siglum	εκπελλευει	ἐκπελ(λ)εὐω
combined	lbg_pairs.json	editorial_siglum	εκπελλευειν	ἐκπελ(λ)εὐω
combined	lbg_pairs.json	editorial_siglum	εκπελλευεις	ἐκπελ(λ)εὐω
combined	lbg_pairs.json	editorial_siglum	εκπελλευεσθαι	ἐκπελ(λ)εὐω
combined	lbg_pairs.json	editorial_siglum	εκπελλευεσθε	ἐκπελ(λ)εὐω
combined	lbg_pairs.json	editorial_siglum	εκπελλευεσθον	ἐκπελ(λ)εὐω
combined	lbg_pairs.json	editorial_siglum	εκπελλευεσθω	ἐκπελ(λ)εὐω
combined	lbg_pairs.json	editorial_siglum	εκπελλευεσθων	ἐκπελ(λ)εὐω
combined	lbg_pairs.json	editorial_siglum	εκπελλευεται	ἐκπελ(λ)εὐω
combined	lbg_pairs.json	editorial_siglum	εκπελλευετε	ἐκπελ(λ)εὐω
combined	lbg_pairs.json	editorial_siglum	εκπελλευετον	ἐκπελ(λ)εὐω
combined	lbg_pairs.json	editorial_siglum	εκπελλευετω	ἐκπελ(λ)εὐω
combined	lbg_pairs.json	editorial_siglum	εκπελλευετων	ἐκπελ(λ)εὐω
combined	lbg_pairs.json	editorial_siglum	εκπελλευη	ἐκπελ(λ)εὐω
combined	lbg_pairs.json	editorial_siglum	εκπελλευης	ἐκπελ(λ)εὐω
combined	lbg_pairs.json	editorial_siglum	εκπελλευησθε	ἐκπελ(λ)εὐω
combined	lbg_pairs.json	editorial_siglum	εκπελλευησθον	ἐκπελ(λ)εὐω
combined	lbg_pairs.json	editorial_siglum	εκπελλευηται	ἐκπελ(λ)εὐω
combined	lbg_pairs.json	editorial_siglum	εκπελλευητε	ἐκπελ(λ)εὐω
combined	lbg_pairs.json	editorial_siglum	εκπελλευητον	ἐκπελ(λ)εὐω
combined	lbg_pairs.json	editorial_siglum	εκπελλευοι	ἐκπελ(λ)εὐω
combined	lbg_pairs.json	editorial_siglum	εκπελλευοιεν	ἐκπελ(λ)εὐω
combined	lbg_pairs.json	editorial_siglum	εκπελλευοιμεθα	ἐκπελ(λ)εὐω
combined	lbg_pairs.json	editorial_siglum	εκπελλευοιμεν	ἐκπελ(λ)εὐω
combined	lbg_pairs.json	editorial_siglum	εκπελλευοιμην	ἐκπελ(λ)εὐω
combined	lbg_pairs.json	editorial_siglum	εκπελλευοιμι	ἐκπελ(λ)εὐω
combined	lbg_pairs.json	editorial_siglum	εκπελλευοιντο	ἐκπελ(λ)εὐω
combined	lbg_pairs.json	editorial_siglum	εκπελλευοιο	ἐκπελ(λ)εὐω
combined	lbg_pairs.json	editorial_siglum	εκπελλευοις	ἐκπελ(λ)εὐω
combined	lbg_pairs.json	editorial_siglum	εκπελλευοισθε	ἐκπελ(λ)εὐω
combined	lbg_pairs.json	editorial_siglum	εκπελλευοισθην	ἐκπελ(λ)εὐω
combined	lbg_pairs.json	editorial_siglum	εκπελλευοισθον	ἐκπελ(λ)εὐω
combined	lbg_pairs.json	editorial_siglum	εκπελλευοιτε	ἐκπελ(λ)εὐω
combined	lbg_pairs.json	editorial_siglum	εκπελλευοιτην	ἐκπελ(λ)εὐω
combined	lbg_pairs.json	editorial_siglum	εκπελλευοιτο	ἐκπελ(λ)εὐω
combined	lbg_pairs.json	editorial_siglum	εκπελλευοιτον	ἐκπελ(λ)εὐω
combined	lbg_pairs.json	editorial_siglum	εκπελλευομαι	ἐκπελ(λ)εὐω
combined	lbg_pairs.json	editorial_siglum	εκπελλευομεθα	ἐκπελ(λ)εὐω
combined	lbg_pairs.json	editorial_siglum	εκπελλευομεν	ἐκπελ(λ)εὐω
combined	lbg_pairs.json	editorial_siglum	εκπελλευομενη	ἐκπελ(λ)εὐω
combined	lbg_pairs.json	editorial_siglum	εκπελλευομενον	ἐκπελ(λ)εὐω
combined	lbg_pairs.json	editorial_siglum	εκπελλευομενος	ἐκπελ(λ)εὐω
combined	lbg_pairs.json	editorial_siglum	εκπελλευον	ἐκπελ(λ)εὐω
combined	lbg_pairs.json	editorial_siglum	εκπελλευονται	ἐκπελ(λ)εὐω
combined	lbg_pairs.json	editorial_siglum	εκπελλευοντων	ἐκπελ(λ)εὐω
combined	lbg_pairs.json	editorial_siglum	εκπελλευου	ἐκπελ(λ)εὐω
combined	lbg_pairs.json	editorial_siglum	εκπελλευουσα	ἐκπελ(λ)εὐω
combined	lbg_pairs.json	editorial_siglum	εκπελλευω	ἐκπελ(λ)εὐω
combined	lbg_pairs.json	editorial_siglum	εκπελλευωμαι	ἐκπελ(λ)εὐω
combined	lbg_pairs.json	editorial_siglum	εκπελλευωμεθα	ἐκπελ(λ)εὐω
combined	lbg_pairs.json	editorial_siglum	εκπελλευωμεν	ἐκπελ(λ)εὐω
combined	lbg_pairs.json	editorial_siglum	εκπελλευων	ἐκπελ(λ)εὐω
combined	lbg_pairs.json	editorial_siglum	εκπελλευωνται	ἐκπελ(λ)εὐω
combined	lbg_pairs.json	editorial_siglum	εκφυλοφορεε	ἐκφυλ(λ)οφορέω
combined	lbg_pairs.json	editorial_siglum	εκφυλοφορεει	ἐκφυλ(λ)οφορέω
combined	lbg_pairs.json	editorial_siglum	εκφυλοφορεειν	ἐκφυλ(λ)οφορέω
combined	lbg_pairs.json	editorial_siglum	εκφυλοφορεεις	ἐκφυλ(λ)οφορέω
combined	lbg_pairs.json	editorial_siglum	εκφυλοφορεεσθαι	ἐκφυλ(λ)οφορέω
combined	lbg_pairs.json	editorial_siglum	εκφυλοφορεεσθε	ἐκφυλ(λ)οφορέω
combined	lbg_pairs.json	editorial_siglum	εκφυλοφορεεσθον	ἐκφυλ(λ)οφορέω
combined	lbg_pairs.json	editorial_siglum	εκφυλοφορεεσθω	ἐκφυλ(λ)οφορέω
combined	lbg_pairs.json	editorial_siglum	εκφυλοφορεεσθων	ἐκφυλ(λ)οφορέω
combined	lbg_pairs.json	editorial_siglum	εκφυλοφορεεται	ἐκφυλ(λ)οφορέω
combined	lbg_pairs.json	editorial_siglum	εκφυλοφορεετε	ἐκφυλ(λ)οφορέω
combined	lbg_pairs.json	editorial_siglum	εκφυλοφορεετον	ἐκφυλ(λ)οφορέω
combined	lbg_pairs.json	editorial_siglum	εκφυλοφορεετω	ἐκφυλ(λ)οφορέω
combined	lbg_pairs.json	editorial_siglum	εκφυλοφορεετων	ἐκφυλ(λ)οφορέω
combined	lbg_pairs.json	editorial_siglum	εκφυλοφορεη	ἐκφυλ(λ)οφορέω
combined	lbg_pairs.json	editorial_siglum	εκφυλοφορεης	ἐκφυλ(λ)οφορέω
combined	lbg_pairs.json	editorial_siglum	εκφυλοφορεησθε	ἐκφυλ(λ)οφορέω
combined	lbg_pairs.json	editorial_siglum	εκφυλοφορεησθον	ἐκφυλ(λ)οφορέω
combined	lbg_pairs.json	editorial_siglum	εκφυλοφορεηται	ἐκφυλ(λ)οφορέω
combined	lbg_pairs.json	editorial_siglum	εκφυλοφορεητε	ἐκφυλ(λ)οφορέω
combined	lbg_pairs.json	editorial_siglum	εκφυλοφορεητον	ἐκφυλ(λ)οφορέω
combined	lbg_pairs.json	editorial_siglum	εκφυλοφορει	ἐκφυλ(λ)οφορέω
combined	lbg_pairs.json	editorial_siglum	εκφυλοφορειν	ἐκφυλ(λ)οφορέω
combined	lbg_pairs.json	editorial_siglum	εκφυλοφορεις	ἐκφυλ(λ)οφορέω
combined	lbg_pairs.json	editorial_siglum	εκφυλοφορεισθαι	ἐκφυλ(λ)οφορέω
combined	lbg_pairs.json	editorial_siglum	εκφυλοφορεισθε	ἐκφυλ(λ)οφορέω
combined	lbg_pairs.json	editorial_siglum	εκφυλοφορεισθον	ἐκφυλ(λ)οφορέω
combined	lbg_pairs.json	editorial_siglum	εκφυλοφορεισθω	ἐκφυλ(λ)οφορέω
combined	lbg_pairs.json	editorial_siglum	εκφυλοφορεισθων	ἐκφυλ(λ)οφορέω
combined	lbg_pairs.json	editorial_siglum	εκφυλοφορειται	ἐκφυλ(λ)οφορέω
combined	lbg_pairs.json	editorial_siglum	εκφυλοφορειτε	ἐκφυλ(λ)οφορέω
combined	lbg_pairs.json	editorial_siglum	εκφυλοφορειτον	ἐκφυλ(λ)οφορέω
combined	lbg_pairs.json	editorial_siglum	εκφυλοφορειτω	ἐκφυλ(λ)οφορέω
combined	lbg_pairs.json	editorial_siglum	εκφυλοφορειτων	ἐκφυλ(λ)οφορέω
combined	lbg_pairs.json	editorial_siglum	εκφυλοφορεοι	ἐκφυλ(λ)οφορέω
combined	lbg_pairs.json	editorial_siglum	εκφυλοφορεοιεν	ἐκφυλ(λ)οφορέω
combined	lbg_pairs.json	editorial_siglum	εκφυλοφορεοιμεθα	ἐκφυλ(λ)οφορέω
combined	lbg_pairs.json	editorial_siglum	εκφυλοφορεοιμεν	ἐκφυλ(λ)οφορέω
combined	lbg_pairs.json	editorial_siglum	εκφυλοφορεοιμην	ἐκφυλ(λ)οφορέω
combined	lbg_pairs.json	editorial_siglum	εκφυλοφορεοιμι	ἐκφυλ(λ)οφορέω
combined	lbg_pairs.json	editorial_siglum	εκφυλοφορεοιντο	ἐκφυλ(λ)οφορέω
combined	lbg_pairs.json	editorial_siglum	εκφυλοφορεοιο	ἐκφυλ(λ)οφορέω
combined	lbg_pairs.json	editorial_siglum	εκφυλοφορεοις	ἐκφυλ(λ)οφορέω
combined	lbg_pairs.json	editorial_siglum	εκφυλοφορεοισθε	ἐκφυλ(λ)οφορέω
combined	lbg_pairs.json	editorial_siglum	εκφυλοφορεοισθην	ἐκφυλ(λ)οφορέω
combined	lbg_pairs.json	editorial_siglum	εκφυλοφορεοισθον	ἐκφυλ(λ)οφορέω
combined	lbg_pairs.json	editorial_siglum	εκφυλοφορεοιτε	ἐκφυλ(λ)οφορέω
combined	lbg_pairs.json	editorial_siglum	εκφυλοφορεοιτην	ἐκφυλ(λ)οφορέω
combined	lbg_pairs.json	editorial_siglum	εκφυλοφορεοιτο	ἐκφυλ(λ)οφορέω
combined	lbg_pairs.json	editorial_siglum	εκφυλοφορεοιτον	ἐκφυλ(λ)οφορέω
combined	lbg_pairs.json	editorial_siglum	εκφυλοφορεομαι	ἐκφυλ(λ)οφορέω
combined	lbg_pairs.json	editorial_siglum	εκφυλοφορεομεθα	ἐκφυλ(λ)οφορέω
combined	lbg_pairs.json	editorial_siglum	εκφυλοφορεομεν	ἐκφυλ(λ)οφορέω
combined	lbg_pairs.json	editorial_siglum	εκφυλοφορεομενη	ἐκφυλ(λ)οφορέω
combined	lbg_pairs.json	editorial_siglum	εκφυλοφορεομενον	ἐκφυλ(λ)οφορέω
combined	lbg_pairs.json	editorial_siglum	εκφυλοφορεομενος	ἐκφυλ(λ)οφορέω
combined	lbg_pairs.json	editorial_siglum	εκφυλοφορεον	ἐκφυλ(λ)οφορέω
combined	lbg_pairs.json	editorial_siglum	εκφυλοφορεονται	ἐκφυλ(λ)οφορέω
combined	lbg_pairs.json	editorial_siglum	εκφυλοφορεοντων	ἐκφυλ(λ)οφορέω
combined	lbg_pairs.json	editorial_siglum	εκφυλοφορεου	ἐκφυλ(λ)οφορέω
combined	lbg_pairs.json	editorial_siglum	εκφυλοφορεουσα	ἐκφυλ(λ)οφορέω
combined	lbg_pairs.json	editorial_siglum	εκφυλοφορεω	ἐκφυλ(λ)οφορέω
combined	lbg_pairs.json	editorial_siglum	εκφυλοφορεωμαι	ἐκφυλ(λ)οφορέω
combined	lbg_pairs.json	editorial_siglum	εκφυλοφορεωμεθα	ἐκφυλ(λ)οφορέω
combined	lbg_pairs.json	editorial_siglum	εκφυλοφορεωμεν	ἐκφυλ(λ)οφορέω
combined	lbg_pairs.json	editorial_siglum	εκφυλοφορεων	ἐκφυλ(λ)οφορέω
combined	lbg_pairs.json	editorial_siglum	εκφυλοφορεωνται	ἐκφυλ(λ)οφορέω
combined	lbg_pairs.json	editorial_siglum	εκφυλοφορη	ἐκφυλ(λ)οφορέω
combined	lbg_pairs.json	editorial_siglum	εκφυλοφορης	ἐκφυλ(λ)οφορέω
combined	lbg_pairs.json	editorial_siglum	εκφυλοφορησθε	ἐκφυλ(λ)οφορέω
combined	lbg_pairs.json	editorial_siglum	εκφυλοφορησθον	ἐκφυλ(λ)οφορέω
combined	lbg_pairs.json	editorial_siglum	εκφυλοφορηται	ἐκφυλ(λ)οφορέω
combined	lbg_pairs.json	editorial_siglum	εκφυλοφορητε	ἐκφυλ(λ)οφορέω
combined	lbg_pairs.json	editorial_siglum	εκφυλοφορητον	ἐκφυλ(λ)οφορέω
combined	lbg_pairs.json	editorial_siglum	εκφυλοφοροι	ἐκφυλ(λ)οφορέω
combined	lbg_pairs.json	editorial_siglum	εκφυλοφοροιεν	ἐκφυλ(λ)οφορέω
combined	lbg_pairs.json	editorial_siglum	εκφυλοφοροιη	ἐκφυλ(λ)οφορέω
combined	lbg_pairs.json	editorial_siglum	εκφυλοφοροιημεν	ἐκφυλ(λ)οφορέω
combined	lbg_pairs.json	editorial_siglum	εκφυλοφοροιην	ἐκφυλ(λ)οφορέω
combined	lbg_pairs.json	editorial_siglum	εκφυλοφοροιης	ἐκφυλ(λ)οφορέω
combined	lbg_pairs.json	editorial_siglum	εκφυλοφοροιησαν	ἐκφυλ(λ)οφορέω
combined	lbg_pairs.json	editorial_siglum	εκφυλοφοροιητε	ἐκφυλ(λ)οφορέω
combined	lbg_pairs.json	editorial_siglum	εκφυλοφοροιητην	ἐκφυλ(λ)οφορέω
combined	lbg_pairs.json	editorial_siglum	εκφυλοφοροιητον	ἐκφυλ(λ)οφορέω
combined	lbg_pairs.json	editorial_siglum	εκφυλοφοροιμεθα	ἐκφυλ(λ)οφορέω
combined	lbg_pairs.json	editorial_siglum	εκφυλοφοροιμεν	ἐκφυλ(λ)οφορέω
combined	lbg_pairs.json	editorial_siglum	εκφυλοφοροιμην	ἐκφυλ(λ)οφορέω
combined	lbg_pairs.json	editorial_siglum	εκφυλοφοροιμι	ἐκφυλ(λ)οφορέω
combined	lbg_pairs.json	editorial_siglum	εκφυλοφοροιντο	ἐκφυλ(λ)οφορέω
combined	lbg_pairs.json	editorial_siglum	εκφυλοφοροιο	ἐκφυλ(λ)οφορέω
combined	lbg_pairs.json	editorial_siglum	εκφυλοφοροις	ἐκφυλ(λ)οφορέω
combined	lbg_pairs.json	editorial_siglum	εκφυλοφοροισθε	ἐκφυλ(λ)οφορέω
combined	lbg_pairs.json	editorial_siglum	εκφυλοφοροισθην	ἐκφυλ(λ)οφορέω
combined	lbg_pairs.json	editorial_siglum	εκφυλοφοροισθον	ἐκφυλ(λ)οφορέω
combined	lbg_pairs.json	editorial_siglum	εκφυλοφοροιτε	ἐκφυλ(λ)οφορέω
combined	lbg_pairs.json	editorial_siglum	εκφυλοφοροιτην	ἐκφυλ(λ)οφορέω
combined	lbg_pairs.json	editorial_siglum	εκφυλοφοροιτο	ἐκφυλ(λ)οφορέω
combined	lbg_pairs.json	editorial_siglum	εκφυλοφοροιτον	ἐκφυλ(λ)οφορέω
combined	lbg_pairs.json	editorial_siglum	εκφυλοφορου	ἐκφυλ(λ)οφορέω
combined	lbg_pairs.json	editorial_siglum	εκφυλοφορουμαι	ἐκφυλ(λ)οφορέω
combined	lbg_pairs.json	editorial_siglum	εκφυλοφορουμεθα	ἐκφυλ(λ)οφορέω
combined	lbg_pairs.json	editorial_siglum	εκφυλοφορουμεν	ἐκφυλ(λ)οφορέω
combined	lbg_pairs.json	editorial_siglum	εκφυλοφορουμενη	ἐκφυλ(λ)οφορέω
combined	lbg_pairs.json	editorial_siglum	εκφυλοφορουμενον	ἐκφυλ(λ)οφορέω
combined	lbg_pairs.json	editorial_siglum	εκφυλοφορουμενος	ἐκφυλ(λ)οφορέω
combined	lbg_pairs.json	editorial_siglum	εκφυλοφορουν	ἐκφυλ(λ)οφορέω
combined	lbg_pairs.json	editorial_siglum	εκφυλοφορουνται	ἐκφυλ(λ)οφορέω
combined	lbg_pairs.json	editorial_siglum	εκφυλοφορουντων	ἐκφυλ(λ)οφορέω
combined	lbg_pairs.json	editorial_siglum	εκφυλοφορουσα	ἐκφυλ(λ)οφορέω
combined	lbg_pairs.json	editorial_siglum	εκφυλοφορω	ἐκφυλ(λ)οφορέω
combined	lbg_pairs.json	editorial_siglum	εκφυλοφορωμαι	ἐκφυλ(λ)οφορέω
combined	lbg_pairs.json	editorial_siglum	εκφυλοφορωμεθα	ἐκφυλ(λ)οφορέω
combined	lbg_pairs.json	editorial_siglum	εκφυλοφορωμεν	ἐκφυλ(λ)οφορέω
combined	lbg_pairs.json	editorial_siglum	εκφυλοφορων	ἐκφυλ(λ)οφορέω
combined	lbg_pairs.json	editorial_siglum	εκφυλοφορωνται	ἐκφυλ(λ)οφορέω
combined	lbg_pairs.json	editorial_siglum	εμπαλλωμα	ἐμπάλ(λ)ωμα
combined	lbg_pairs.json	editorial_siglum	εμπαλλωμασι	ἐμπάλ(λ)ωμα
combined	lbg_pairs.json	editorial_siglum	εμπαλλωμασιν	ἐμπάλ(λ)ωμα
combined	lbg_pairs.json	editorial_siglum	εμπαλλωματα	ἐμπάλ(λ)ωμα
combined	lbg_pairs.json	editorial_siglum	εμπαλλωματε	ἐμπάλ(λ)ωμα
combined	lbg_pairs.json	editorial_siglum	εμπαλλωματι	ἐμπάλ(λ)ωμα
combined	lbg_pairs.json	editorial_siglum	εμπαλλωματοιν	ἐμπάλ(λ)ωμα
combined	lbg_pairs.json	editorial_siglum	εμπαλλωματος	ἐμπάλ(λ)ωμα
combined	lbg_pairs.json	editorial_siglum	εμπαλλωματων	ἐμπάλ(λ)ωμα
combined	lbg_pairs.json	editorial_siglum	εμπαλωμα	ἐμπάλ(λ)ωμα
combined	lbg_pairs.json	editorial_siglum	εμπαλωμασι	ἐμπάλ(λ)ωμα
combined	lbg_pairs.json	editorial_siglum	εμπαλωμασιν	ἐμπάλ(λ)ωμα
combined	lbg_pairs.json	editorial_siglum	εμπαλωματε	ἐμπάλ(λ)ωμα
combined	lbg_pairs.json	editorial_siglum	εμπαλωματι	ἐμπάλ(λ)ωμα
combined	lbg_pairs.json	editorial_siglum	εμπαλωματοιν	ἐμπάλ(λ)ωμα
combined	lbg_pairs.json	editorial_siglum	εμπαλωματος	ἐμπάλ(λ)ωμα
combined	lbg_pairs.json	editorial_siglum	εμπαλωματων	ἐμπάλ(λ)ωμα
combined	lbg_pairs.json	editorial_siglum	εμπροσθοοπισε	ἐμπροσθο(ο)πίσω
combined	lbg_pairs.json	editorial_siglum	εμπροσθοοπισει	ἐμπροσθο(ο)πίσω
combined	lbg_pairs.json	editorial_siglum	εμπροσθοοπισειν	ἐμπροσθο(ο)πίσω
combined	lbg_pairs.json	editorial_siglum	εμπροσθοοπισεις	ἐμπροσθο(ο)πίσω
combined	lbg_pairs.json	editorial_siglum	εμπροσθοοπισεσθαι	ἐμπροσθο(ο)πίσω
combined	lbg_pairs.json	editorial_siglum	εμπροσθοοπισεσθε	ἐμπροσθο(ο)πίσω
combined	lbg_pairs.json	editorial_siglum	εμπροσθοοπισεσθον	ἐμπροσθο(ο)πίσω
combined	lbg_pairs.json	editorial_siglum	εμπροσθοοπισεσθω	ἐμπροσθο(ο)πίσω
combined	lbg_pairs.json	editorial_siglum	εμπροσθοοπισεσθων	ἐμπροσθο(ο)πίσω
combined	lbg_pairs.json	editorial_siglum	εμπροσθοοπισεται	ἐμπροσθο(ο)πίσω
combined	lbg_pairs.json	editorial_siglum	εμπροσθοοπισετε	ἐμπροσθο(ο)πίσω
combined	lbg_pairs.json	editorial_siglum	εμπροσθοοπισετον	ἐμπροσθο(ο)πίσω
combined	lbg_pairs.json	editorial_siglum	εμπροσθοοπισετω	ἐμπροσθο(ο)πίσω
combined	lbg_pairs.json	editorial_siglum	εμπροσθοοπισετων	ἐμπροσθο(ο)πίσω
combined	lbg_pairs.json	editorial_siglum	εμπροσθοοπιση	ἐμπροσθο(ο)πίσω
combined	lbg_pairs.json	editorial_siglum	εμπροσθοοπισης	ἐμπροσθο(ο)πίσω
combined	lbg_pairs.json	editorial_siglum	εμπροσθοοπισησθε	ἐμπροσθο(ο)πίσω
combined	lbg_pairs.json	editorial_siglum	εμπροσθοοπισησθον	ἐμπροσθο(ο)πίσω
combined	lbg_pairs.json	editorial_siglum	εμπροσθοοπισηται	ἐμπροσθο(ο)πίσω
combined	lbg_pairs.json	editorial_siglum	εμπροσθοοπισητε	ἐμπροσθο(ο)πίσω
combined	lbg_pairs.json	editorial_siglum	εμπροσθοοπισητον	ἐμπροσθο(ο)πίσω
combined	lbg_pairs.json	editorial_siglum	εμπροσθοοπισοι	ἐμπροσθο(ο)πίσω
combined	lbg_pairs.json	editorial_siglum	εμπροσθοοπισοιεν	ἐμπροσθο(ο)πίσω
combined	lbg_pairs.json	editorial_siglum	εμπροσθοοπισοιμεθα	ἐμπροσθο(ο)πίσω
combined	lbg_pairs.json	editorial_siglum	εμπροσθοοπισοιμεν	ἐμπροσθο(ο)πίσω
combined	lbg_pairs.json	editorial_siglum	εμπροσθοοπισοιμην	ἐμπροσθο(ο)πίσω
combined	lbg_pairs.json	editorial_siglum	εμπροσθοοπισοιμι	ἐμπροσθο(ο)πίσω
combined	lbg_pairs.json	editorial_siglum	εμπροσθοοπισοιντο	ἐμπροσθο(ο)πίσω
combined	lbg_pairs.json	editorial_siglum	εμπροσθοοπισοιο	ἐμπροσθο(ο)πίσω
combined	lbg_pairs.json	editorial_siglum	εμπροσθοοπισοις	ἐμπροσθο(ο)πίσω
combined	lbg_pairs.json	editorial_siglum	εμπροσθοοπισοισθε	ἐμπροσθο(ο)πίσω
combined	lbg_pairs.json	editorial_siglum	εμπροσθοοπισοισθην	ἐμπροσθο(ο)πίσω
combined	lbg_pairs.json	editorial_siglum	εμπροσθοοπισοισθον	ἐμπροσθο(ο)πίσω
combined	lbg_pairs.json	editorial_siglum	εμπροσθοοπισοιτε	ἐμπροσθο(ο)πίσω
combined	lbg_pairs.json	editorial_siglum	εμπροσθοοπισοιτην	ἐμπροσθο(ο)πίσω
combined	lbg_pairs.json	editorial_siglum	εμπροσθοοπισοιτο	ἐμπροσθο(ο)πίσω
combined	lbg_pairs.json	editorial_siglum	εμπροσθοοπισοιτον	ἐμπροσθο(ο)πίσω
combined	lbg_pairs.json	editorial_siglum	εμπροσθοοπισομαι	ἐμπροσθο(ο)πίσω
combined	lbg_pairs.json	editorial_siglum	εμπροσθοοπισομεθα	ἐμπροσθο(ο)πίσω
combined	lbg_pairs.json	editorial_siglum	εμπροσθοοπισομεν	ἐμπροσθο(ο)πίσω
combined	lbg_pairs.json	editorial_siglum	εμπροσθοοπισομενη	ἐμπροσθο(ο)πίσω
combined	lbg_pairs.json	editorial_siglum	εμπροσθοοπισομενον	ἐμπροσθο(ο)πίσω
combined	lbg_pairs.json	editorial_siglum	εμπροσθοοπισομενος	ἐμπροσθο(ο)πίσω
combined	lbg_pairs.json	editorial_siglum	εμπροσθοοπισον	ἐμπροσθο(ο)πίσω
combined	lbg_pairs.json	editorial_siglum	εμπροσθοοπισονται	ἐμπροσθο(ο)πίσω
combined	lbg_pairs.json	editorial_siglum	εμπροσθοοπισοντων	ἐμπροσθο(ο)πίσω
combined	lbg_pairs.json	editorial_siglum	εμπροσθοοπισου	ἐμπροσθο(ο)πίσω
combined	lbg_pairs.json	editorial_siglum	εμπροσθοοπισουσα	ἐμπροσθο(ο)πίσω
combined	lbg_pairs.json	editorial_siglum	εμπροσθοοπισω	ἐμπροσθο(ο)πίσω
combined	lbg_pairs.json	editorial_siglum	εμπροσθοοπισωμαι	ἐμπροσθο(ο)πίσω
combined	lbg_pairs.json	editorial_siglum	εμπροσθοοπισωμεθα	ἐμπροσθο(ο)πίσω
combined	lbg_pairs.json	editorial_siglum	εμπροσθοοπισωμεν	ἐμπροσθο(ο)πίσω
combined	lbg_pairs.json	editorial_siglum	εμπροσθοοπισων	ἐμπροσθο(ο)πίσω
combined	lbg_pairs.json	editorial_siglum	εμπροσθοοπισωνται	ἐμπροσθο(ο)πίσω
combined	lbg_pairs.json	editorial_siglum	εμπροσθοπισε	ἐμπροσθο(ο)πίσω
combined	lbg_pairs.json	editorial_siglum	εμπροσθοπισει	ἐμπροσθο(ο)πίσω
combined	lbg_pairs.json	editorial_siglum	εμπροσθοπισειν	ἐμπροσθο(ο)πίσω
combined	lbg_pairs.json	editorial_siglum	εμπροσθοπισεις	ἐμπροσθο(ο)πίσω
combined	lbg_pairs.json	editorial_siglum	εμπροσθοπισεσθαι	ἐμπροσθο(ο)πίσω
combined	lbg_pairs.json	editorial_siglum	εμπροσθοπισεσθε	ἐμπροσθο(ο)πίσω
combined	lbg_pairs.json	editorial_siglum	εμπροσθοπισεσθον	ἐμπροσθο(ο)πίσω
combined	lbg_pairs.json	editorial_siglum	εμπροσθοπισεσθω	ἐμπροσθο(ο)πίσω
combined	lbg_pairs.json	editorial_siglum	εμπροσθοπισεσθων	ἐμπροσθο(ο)πίσω
combined	lbg_pairs.json	editorial_siglum	εμπροσθοπισεται	ἐμπροσθο(ο)πίσω
combined	lbg_pairs.json	editorial_siglum	εμπροσθοπισετε	ἐμπροσθο(ο)πίσω
combined	lbg_pairs.json	editorial_siglum	εμπροσθοπισετον	ἐμπροσθο(ο)πίσω
combined	lbg_pairs.json	editorial_siglum	εμπροσθοπισετω	ἐμπροσθο(ο)πίσω
combined	lbg_pairs.json	editorial_siglum	εμπροσθοπισετων	ἐμπροσθο(ο)πίσω
combined	lbg_pairs.json	editorial_siglum	εμπροσθοπιση	ἐμπροσθο(ο)πίσω
combined	lbg_pairs.json	editorial_siglum	εμπροσθοπισης	ἐμπροσθο(ο)πίσω
combined	lbg_pairs.json	editorial_siglum	εμπροσθοπισησθε	ἐμπροσθο(ο)πίσω
combined	lbg_pairs.json	editorial_siglum	εμπροσθοπισησθον	ἐμπροσθο(ο)πίσω
combined	lbg_pairs.json	editorial_siglum	εμπροσθοπισηται	ἐμπροσθο(ο)πίσω
combined	lbg_pairs.json	editorial_siglum	εμπροσθοπισητε	ἐμπροσθο(ο)πίσω
combined	lbg_pairs.json	editorial_siglum	εμπροσθοπισητον	ἐμπροσθο(ο)πίσω
combined	lbg_pairs.json	editorial_siglum	εμπροσθοπισοι	ἐμπροσθο(ο)πίσω
combined	lbg_pairs.json	editorial_siglum	εμπροσθοπισοιεν	ἐμπροσθο(ο)πίσω
combined	lbg_pairs.json	editorial_siglum	εμπροσθοπισοιμεθα	ἐμπροσθο(ο)πίσω
combined	lbg_pairs.json	editorial_siglum	εμπροσθοπισοιμεν	ἐμπροσθο(ο)πίσω
combined	lbg_pairs.json	editorial_siglum	εμπροσθοπισοιμην	ἐμπροσθο(ο)πίσω
combined	lbg_pairs.json	editorial_siglum	εμπροσθοπισοιμι	ἐμπροσθο(ο)πίσω
combined	lbg_pairs.json	editorial_siglum	εμπροσθοπισοιντο	ἐμπροσθο(ο)πίσω
combined	lbg_pairs.json	editorial_siglum	εμπροσθοπισοιο	ἐμπροσθο(ο)πίσω
combined	lbg_pairs.json	editorial_siglum	εμπροσθοπισοις	ἐμπροσθο(ο)πίσω
combined	lbg_pairs.json	editorial_siglum	εμπροσθοπισοισθε	ἐμπροσθο(ο)πίσω
combined	lbg_pairs.json	editorial_siglum	εμπροσθοπισοισθην	ἐμπροσθο(ο)πίσω
combined	lbg_pairs.json	editorial_siglum	εμπροσθοπισοισθον	ἐμπροσθο(ο)πίσω
combined	lbg_pairs.json	editorial_siglum	εμπροσθοπισοιτε	ἐμπροσθο(ο)πίσω
combined	lbg_pairs.json	editorial_siglum	εμπροσθοπισοιτην	ἐμπροσθο(ο)πίσω
combined	lbg_pairs.json	editorial_siglum	εμπροσθοπισοιτο	ἐμπροσθο(ο)πίσω
combined	lbg_pairs.json	editorial_siglum	εμπροσθοπισοιτον	ἐμπροσθο(ο)πίσω
combined	lbg_pairs.json	editorial_siglum	εμπροσθοπισομαι	ἐμπροσθο(ο)πίσω
combined	lbg_pairs.json	editorial_siglum	εμπροσθοπισομεθα	ἐμπροσθο(ο)πίσω
combined	lbg_pairs.json	editorial_siglum	εμπροσθοπισομεν	ἐμπροσθο(ο)πίσω
combined	lbg_pairs.json	editorial_siglum	εμπροσθοπισομενη	ἐμπροσθο(ο)πίσω
combined	lbg_pairs.json	editorial_siglum	εμπροσθοπισομενον	ἐμπροσθο(ο)πίσω
combined	lbg_pairs.json	editorial_siglum	εμπροσθοπισομενος	ἐμπροσθο(ο)πίσω
combined	lbg_pairs.json	editorial_siglum	εμπροσθοπισον	ἐμπροσθο(ο)πίσω
combined	lbg_pairs.json	editorial_siglum	εμπροσθοπισονται	ἐμπροσθο(ο)πίσω
combined	lbg_pairs.json	editorial_siglum	εμπροσθοπισοντων	ἐμπροσθο(ο)πίσω
combined	lbg_pairs.json	editorial_siglum	εμπροσθοπισου	ἐμπροσθο(ο)πίσω
combined	lbg_pairs.json	editorial_siglum	εμπροσθοπισουσα	ἐμπροσθο(ο)πίσω
combined	lbg_pairs.json	editorial_siglum	εμπροσθοπισω	ἐμπροσθο(ο)πίσω
combined	lbg_pairs.json	editorial_siglum	εμπροσθοπισωμαι	ἐμπροσθο(ο)πίσω
combined	lbg_pairs.json	editorial_siglum	εμπροσθοπισωμεθα	ἐμπροσθο(ο)πίσω
combined	lbg_pairs.json	editorial_siglum	εμπροσθοπισωμεν	ἐμπροσθο(ο)πίσω
combined	lbg_pairs.json	editorial_siglum	εμπροσθοπισων	ἐμπροσθο(ο)πίσω
combined	lbg_pairs.json	editorial_siglum	εμπροσθοπισωνται	ἐμπροσθο(ο)πίσω
combined	lbg_pairs.json	editorial_siglum	εμφυλισμα	ἐμφύλ(λ)ισμα
combined	lbg_pairs.json	editorial_siglum	εμφυλισμασι	ἐμφύλ(λ)ισμα
combined	lbg_pairs.json	editorial_siglum	εμφυλισμασιν	ἐμφύλ(λ)ισμα
combined	lbg_pairs.json	editorial_siglum	εμφυλισματα	ἐμφύλ(λ)ισμα
combined	lbg_pairs.json	editorial_siglum	εμφυλισματε	ἐμφύλ(λ)ισμα
combined	lbg_pairs.json	editorial_siglum	εμφυλισματι	ἐμφύλ(λ)ισμα
combined	lbg_pairs.json	editorial_siglum	εμφυλισματοιν	ἐμφύλ(λ)ισμα
combined	lbg_pairs.json	editorial_siglum	εμφυλισματος	ἐμφύλ(λ)ισμα
combined	lbg_pairs.json	editorial_siglum	εμφυλισματων	ἐμφύλ(λ)ισμα
combined	lbg_pairs.json	editorial_siglum	εμφυλλισμα	ἐμφύλ(λ)ισμα
combined	lbg_pairs.json	editorial_siglum	εμφυλλισμασι	ἐμφύλ(λ)ισμα
combined	lbg_pairs.json	editorial_siglum	εμφυλλισμασιν	ἐμφύλ(λ)ισμα
combined	lbg_pairs.json	editorial_siglum	εμφυλλισματα	ἐμφύλ(λ)ισμα
combined	lbg_pairs.json	editorial_siglum	εμφυλλισματε	ἐμφύλ(λ)ισμα
combined	lbg_pairs.json	editorial_siglum	εμφυλλισματι	ἐμφύλ(λ)ισμα
combined	lbg_pairs.json	editorial_siglum	εμφυλλισματοιν	ἐμφύλ(λ)ισμα
combined	lbg_pairs.json	editorial_siglum	εμφυλλισματος	ἐμφύλ(λ)ισμα
combined	lbg_pairs.json	editorial_siglum	εμφυλλισματων	ἐμφύλ(λ)ισμα
combined	lbg_pairs.json	editorial_siglum	ενσκιροε	ἐνσκιρ(ρ)όω
combined	lbg_pairs.json	editorial_siglum	ενσκιροει	ἐνσκιρ(ρ)όω
combined	lbg_pairs.json	editorial_siglum	ενσκιροειν	ἐνσκιρ(ρ)όω
combined	lbg_pairs.json	editorial_siglum	ενσκιροεις	ἐνσκιρ(ρ)όω
combined	lbg_pairs.json	editorial_siglum	ενσκιροεσθαι	ἐνσκιρ(ρ)όω
combined	lbg_pairs.json	editorial_siglum	ενσκιροεσθε	ἐνσκιρ(ρ)όω
combined	lbg_pairs.json	editorial_siglum	ενσκιροεσθον	ἐνσκιρ(ρ)όω
combined	lbg_pairs.json	editorial_siglum	ενσκιροεσθω	ἐνσκιρ(ρ)όω
combined	lbg_pairs.json	editorial_siglum	ενσκιροεσθων	ἐνσκιρ(ρ)όω
combined	lbg_pairs.json	editorial_siglum	ενσκιροεται	ἐνσκιρ(ρ)όω
combined	lbg_pairs.json	editorial_siglum	ενσκιροετε	ἐνσκιρ(ρ)όω
combined	lbg_pairs.json	editorial_siglum	ενσκιροετον	ἐνσκιρ(ρ)όω
combined	lbg_pairs.json	editorial_siglum	ενσκιροετω	ἐνσκιρ(ρ)όω
combined	lbg_pairs.json	editorial_siglum	ενσκιροετων	ἐνσκιρ(ρ)όω
combined	lbg_pairs.json	editorial_siglum	ενσκιροη	ἐνσκιρ(ρ)όω
combined	lbg_pairs.json	editorial_siglum	ενσκιροης	ἐνσκιρ(ρ)όω
combined	lbg_pairs.json	editorial_siglum	ενσκιροησθε	ἐνσκιρ(ρ)όω
combined	lbg_pairs.json	editorial_siglum	ενσκιροησθον	ἐνσκιρ(ρ)όω
combined	lbg_pairs.json	editorial_siglum	ενσκιροηται	ἐνσκιρ(ρ)όω
combined	lbg_pairs.json	editorial_siglum	ενσκιροητε	ἐνσκιρ(ρ)όω
combined	lbg_pairs.json	editorial_siglum	ενσκιροητον	ἐνσκιρ(ρ)όω
combined	lbg_pairs.json	editorial_siglum	ενσκιροι	ἐνσκιρ(ρ)όω
combined	lbg_pairs.json	editorial_siglum	ενσκιροιεν	ἐνσκιρ(ρ)όω
combined	lbg_pairs.json	editorial_siglum	ενσκιροιη	ἐνσκιρ(ρ)όω
combined	lbg_pairs.json	editorial_siglum	ενσκιροιημεν	ἐνσκιρ(ρ)όω
combined	lbg_pairs.json	editorial_siglum	ενσκιροιην	ἐνσκιρ(ρ)όω
combined	lbg_pairs.json	editorial_siglum	ενσκιροιης	ἐνσκιρ(ρ)όω
combined	lbg_pairs.json	editorial_siglum	ενσκιροιησαν	ἐνσκιρ(ρ)όω
combined	lbg_pairs.json	editorial_siglum	ενσκιροιητε	ἐνσκιρ(ρ)όω
combined	lbg_pairs.json	editorial_siglum	ενσκιροιητην	ἐνσκιρ(ρ)όω
combined	lbg_pairs.json	editorial_siglum	ενσκιροιητον	ἐνσκιρ(ρ)όω
combined	lbg_pairs.json	editorial_siglum	ενσκιροιμεθα	ἐνσκιρ(ρ)όω
combined	lbg_pairs.json	editorial_siglum	ενσκιροιμεν	ἐνσκιρ(ρ)όω
combined	lbg_pairs.json	editorial_siglum	ενσκιροιμην	ἐνσκιρ(ρ)όω
combined	lbg_pairs.json	editorial_siglum	ενσκιροιμι	ἐνσκιρ(ρ)όω
combined	lbg_pairs.json	editorial_siglum	ενσκιροιντο	ἐνσκιρ(ρ)όω
combined	lbg_pairs.json	editorial_siglum	ενσκιροιο	ἐνσκιρ(ρ)όω
combined	lbg_pairs.json	editorial_siglum	ενσκιροις	ἐνσκιρ(ρ)όω
combined	lbg_pairs.json	editorial_siglum	ενσκιροισθε	ἐνσκιρ(ρ)όω
combined	lbg_pairs.json	editorial_siglum	ενσκιροισθην	ἐνσκιρ(ρ)όω
combined	lbg_pairs.json	editorial_siglum	ενσκιροισθον	ἐνσκιρ(ρ)όω
combined	lbg_pairs.json	editorial_siglum	ενσκιροιτε	ἐνσκιρ(ρ)όω
combined	lbg_pairs.json	editorial_siglum	ενσκιροιτην	ἐνσκιρ(ρ)όω
combined	lbg_pairs.json	editorial_siglum	ενσκιροιτο	ἐνσκιρ(ρ)όω
combined	lbg_pairs.json	editorial_siglum	ενσκιροιτον	ἐνσκιρ(ρ)όω
combined	lbg_pairs.json	editorial_siglum	ενσκιροοι	ἐνσκιρ(ρ)όω
combined	lbg_pairs.json	editorial_siglum	ενσκιροοιεν	ἐνσκιρ(ρ)όω
combined	lbg_pairs.json	editorial_siglum	ενσκιροοιμεθα	ἐνσκιρ(ρ)όω
combined	lbg_pairs.json	editorial_siglum	ενσκιροοιμεν	ἐνσκιρ(ρ)όω
combined	lbg_pairs.json	editorial_siglum	ενσκιροοιμην	ἐνσκιρ(ρ)όω
combined	lbg_pairs.json	editorial_siglum	ενσκιροοιμι	ἐνσκιρ(ρ)όω
combined	lbg_pairs.json	editorial_siglum	ενσκιροοιντο	ἐνσκιρ(ρ)όω
combined	lbg_pairs.json	editorial_siglum	ενσκιροοιο	ἐνσκιρ(ρ)όω
combined	lbg_pairs.json	editorial_siglum	ενσκιροοις	ἐνσκιρ(ρ)όω
combined	lbg_pairs.json	editorial_siglum	ενσκιροοισθε	ἐνσκιρ(ρ)όω
combined	lbg_pairs.json	editorial_siglum	ενσκιροοισθην	ἐνσκιρ(ρ)όω
combined	lbg_pairs.json	editorial_siglum	ενσκιροοισθον	ἐνσκιρ(ρ)όω
combined	lbg_pairs.json	editorial_siglum	ενσκιροοιτε	ἐνσκιρ(ρ)όω
combined	lbg_pairs.json	editorial_siglum	ενσκιροοιτην	ἐνσκιρ(ρ)όω
combined	lbg_pairs.json	editorial_siglum	ενσκιροοιτο	ἐνσκιρ(ρ)όω
combined	lbg_pairs.json	editorial_siglum	ενσκιροοιτον	ἐνσκιρ(ρ)όω
combined	lbg_pairs.json	editorial_siglum	ενσκιροομαι	ἐνσκιρ(ρ)όω
combined	lbg_pairs.json	editorial_siglum	ενσκιροομεθα	ἐνσκιρ(ρ)όω
combined	lbg_pairs.json	editorial_siglum	ενσκιροομεν	ἐνσκιρ(ρ)όω
combined	lbg_pairs.json	editorial_siglum	ενσκιροομενη	ἐνσκιρ(ρ)όω
combined	lbg_pairs.json	editorial_siglum	ενσκιροομενον	ἐνσκιρ(ρ)όω
combined	lbg_pairs.json	editorial_siglum	ενσκιροομενος	ἐνσκιρ(ρ)όω
combined	lbg_pairs.json	editorial_siglum	ενσκιροον	ἐνσκιρ(ρ)όω
combined	lbg_pairs.json	editorial_siglum	ενσκιροονται	ἐνσκιρ(ρ)όω
combined	lbg_pairs.json	editorial_siglum	ενσκιροοντων	ἐνσκιρ(ρ)όω
combined	lbg_pairs.json	editorial_siglum	ενσκιροου	ἐνσκιρ(ρ)όω
combined	lbg_pairs.json	editorial_siglum	ενσκιροουσα	ἐνσκιρ(ρ)όω
combined	lbg_pairs.json	editorial_siglum	ενσκιρου	ἐνσκιρ(ρ)όω
combined	lbg_pairs.json	editorial_siglum	ενσκιρουμαι	ἐνσκιρ(ρ)όω
combined	lbg_pairs.json	editorial_siglum	ενσκιρουμεθα	ἐνσκιρ(ρ)όω
combined	lbg_pairs.json	editorial_siglum	ενσκιρουμεν	ἐνσκιρ(ρ)όω
combined	lbg_pairs.json	editorial_siglum	ενσκιρουμενη	ἐνσκιρ(ρ)όω
combined	lbg_pairs.json	editorial_siglum	ενσκιρουμενον	ἐνσκιρ(ρ)όω
combined	lbg_pairs.json	editorial_siglum	ενσκιρουμενος	ἐνσκιρ(ρ)όω
combined	lbg_pairs.json	editorial_siglum	ενσκιρουν	ἐνσκιρ(ρ)όω
combined	lbg_pairs.json	editorial_siglum	ενσκιρουνται	ἐνσκιρ(ρ)όω
combined	lbg_pairs.json	editorial_siglum	ενσκιρουντων	ἐνσκιρ(ρ)όω
combined	lbg_pairs.json	editorial_siglum	ενσκιρουσα	ἐνσκιρ(ρ)όω
combined	lbg_pairs.json	editorial_siglum	ενσκιρουσθαι	ἐνσκιρ(ρ)όω
combined	lbg_pairs.json	editorial_siglum	ενσκιρουσθε	ἐνσκιρ(ρ)όω
combined	lbg_pairs.json	editorial_siglum	ενσκιρουσθον	ἐνσκιρ(ρ)όω
combined	lbg_pairs.json	editorial_siglum	ενσκιρουσθω	ἐνσκιρ(ρ)όω
combined	lbg_pairs.json	editorial_siglum	ενσκιρουσθων	ἐνσκιρ(ρ)όω
combined	lbg_pairs.json	editorial_siglum	ενσκιρουται	ἐνσκιρ(ρ)όω
combined	lbg_pairs.json	editorial_siglum	ενσκιρουτε	ἐνσκιρ(ρ)όω
combined	lbg_pairs.json	editorial_siglum	ενσκιρουτον	ἐνσκιρ(ρ)όω
combined	lbg_pairs.json	editorial_siglum	ενσκιρουτω	ἐνσκιρ(ρ)όω
combined	lbg_pairs.json	editorial_siglum	ενσκιρουτων	ἐνσκιρ(ρ)όω
combined	lbg_pairs.json	editorial_siglum	ενσκιροω	ἐνσκιρ(ρ)όω
combined	lbg_pairs.json	editorial_siglum	ενσκιροωμαι	ἐνσκιρ(ρ)όω
combined	lbg_pairs.json	editorial_siglum	ενσκιροωμεθα	ἐνσκιρ(ρ)όω
combined	lbg_pairs.json	editorial_siglum	ενσκιροωμεν	ἐνσκιρ(ρ)όω
combined	lbg_pairs.json	editorial_siglum	ενσκιροων	ἐνσκιρ(ρ)όω
combined	lbg_pairs.json	editorial_siglum	ενσκιροωνται	ἐνσκιρ(ρ)όω
combined	lbg_pairs.json	editorial_siglum	ενσκιρω	ἐνσκιρ(ρ)όω
combined	lbg_pairs.json	editorial_siglum	ενσκιρωμαι	ἐνσκιρ(ρ)όω
combined	lbg_pairs.json	editorial_siglum	ενσκιρωμεθα	ἐνσκιρ(ρ)όω
combined	lbg_pairs.json	editorial_siglum	ενσκιρωμεν	ἐνσκιρ(ρ)όω
combined	lbg_pairs.json	editorial_siglum	ενσκιρων	ἐνσκιρ(ρ)όω
combined	lbg_pairs.json	editorial_siglum	ενσκιρωνται	ἐνσκιρ(ρ)όω
combined	lbg_pairs.json	editorial_siglum	ενσκιρωσθε	ἐνσκιρ(ρ)όω
combined	lbg_pairs.json	editorial_siglum	ενσκιρωσθον	ἐνσκιρ(ρ)όω
combined	lbg_pairs.json	editorial_siglum	ενσκιρωται	ἐνσκιρ(ρ)όω
combined	lbg_pairs.json	editorial_siglum	ενσκιρωτε	ἐνσκιρ(ρ)όω
combined	lbg_pairs.json	editorial_siglum	ενσκιρωτον	ἐνσκιρ(ρ)όω
combined	lbg_pairs.json	editorial_siglum	εξατωρεια	ἐξατωρ(ε)ία
combined	lbg_pairs.json	editorial_siglum	εξατωρειαι	ἐξατωρ(ε)ία
combined	lbg_pairs.json	editorial_siglum	εξατωρειαιν	ἐξατωρ(ε)ία
combined	lbg_pairs.json	editorial_siglum	εξατωρειαις	ἐξατωρ(ε)ία
combined	lbg_pairs.json	editorial_siglum	εξατωρειαν	ἐξατωρ(ε)ία
combined	lbg_pairs.json	editorial_siglum	εξατωρειας	ἐξατωρ(ε)ία
combined	lbg_pairs.json	editorial_siglum	εξατωρειων	ἐξατωρ(ε)ία
combined	lbg_pairs.json	editorial_siglum	εξατωρια	ἐξατωρ(ε)ία
combined	lbg_pairs.json	editorial_siglum	εξατωριαι	ἐξατωρ(ε)ία
combined	lbg_pairs.json	editorial_siglum	εξατωριαιν	ἐξατωρ(ε)ία
combined	lbg_pairs.json	editorial_siglum	εξατωριαις	ἐξατωρ(ε)ία
combined	lbg_pairs.json	editorial_siglum	εξατωριαν	ἐξατωρ(ε)ία
combined	lbg_pairs.json	editorial_siglum	εξατωριας	ἐξατωρ(ε)ία
combined	lbg_pairs.json	editorial_siglum	εξατωριων	ἐξατωρ(ε)ία
combined	lbg_pairs.json	editorial_siglum	εξκουσατευε	ἐξκουσ(σ)ατεύω
combined	lbg_pairs.json	editorial_siglum	εξκουσατευει	ἐξκουσ(σ)ατεύω
combined	lbg_pairs.json	editorial_siglum	εξκουσατευειν	ἐξκουσ(σ)ατεύω
combined	lbg_pairs.json	editorial_siglum	εξκουσατευεις	ἐξκουσ(σ)ατεύω
combined	lbg_pairs.json	editorial_siglum	εξκουσατευεσθαι	ἐξκουσ(σ)ατεύω
combined	lbg_pairs.json	editorial_siglum	εξκουσατευεσθε	ἐξκουσ(σ)ατεύω
combined	lbg_pairs.json	editorial_siglum	εξκουσατευεσθον	ἐξκουσ(σ)ατεύω
combined	lbg_pairs.json	editorial_siglum	εξκουσατευεσθω	ἐξκουσ(σ)ατεύω
combined	lbg_pairs.json	editorial_siglum	εξκουσατευεσθων	ἐξκουσ(σ)ατεύω
combined	lbg_pairs.json	editorial_siglum	εξκουσατευεται	ἐξκουσ(σ)ατεύω
combined	lbg_pairs.json	editorial_siglum	εξκουσατευετε	ἐξκουσ(σ)ατεύω
combined	lbg_pairs.json	editorial_siglum	εξκουσατευετον	ἐξκουσ(σ)ατεύω
combined	lbg_pairs.json	editorial_siglum	εξκουσατευετω	ἐξκουσ(σ)ατεύω
combined	lbg_pairs.json	editorial_siglum	εξκουσατευετων	ἐξκουσ(σ)ατεύω
combined	lbg_pairs.json	editorial_siglum	εξκουσατευη	ἐξκουσ(σ)ατεύω
combined	lbg_pairs.json	editorial_siglum	εξκουσατευης	ἐξκουσ(σ)ατεύω
combined	lbg_pairs.json	editorial_siglum	εξκουσατευησθε	ἐξκουσ(σ)ατεύω
combined	lbg_pairs.json	editorial_siglum	εξκουσατευησθον	ἐξκουσ(σ)ατεύω
combined	lbg_pairs.json	editorial_siglum	εξκουσατευηται	ἐξκουσ(σ)ατεύω
combined	lbg_pairs.json	editorial_siglum	εξκουσατευητε	ἐξκουσ(σ)ατεύω
combined	lbg_pairs.json	editorial_siglum	εξκουσατευητον	ἐξκουσ(σ)ατεύω
combined	lbg_pairs.json	editorial_siglum	εξκουσατευοι	ἐξκουσ(σ)ατεύω
combined	lbg_pairs.json	editorial_siglum	εξκουσατευοιεν	ἐξκουσ(σ)ατεύω
combined	lbg_pairs.json	editorial_siglum	εξκουσατευοιμεθα	ἐξκουσ(σ)ατεύω
combined	lbg_pairs.json	editorial_siglum	εξκουσατευοιμεν	ἐξκουσ(σ)ατεύω
combined	lbg_pairs.json	editorial_siglum	εξκουσατευοιμην	ἐξκουσ(σ)ατεύω
combined	lbg_pairs.json	editorial_siglum	εξκουσατευοιμι	ἐξκουσ(σ)ατεύω
combined	lbg_pairs.json	editorial_siglum	εξκουσατευοιντο	ἐξκουσ(σ)ατεύω
combined	lbg_pairs.json	editorial_siglum	εξκουσατευοιο	ἐξκουσ(σ)ατεύω
combined	lbg_pairs.json	editorial_siglum	εξκουσατευοις	ἐξκουσ(σ)ατεύω
combined	lbg_pairs.json	editorial_siglum	εξκουσατευοισθε	ἐξκουσ(σ)ατεύω
combined	lbg_pairs.json	editorial_siglum	εξκουσατευοισθην	ἐξκουσ(σ)ατεύω
combined	lbg_pairs.json	editorial_siglum	εξκουσατευοισθον	ἐξκουσ(σ)ατεύω
combined	lbg_pairs.json	editorial_siglum	εξκουσατευοιτε	ἐξκουσ(σ)ατεύω
combined	lbg_pairs.json	editorial_siglum	εξκουσατευοιτην	ἐξκουσ(σ)ατεύω
combined	lbg_pairs.json	editorial_siglum	εξκουσατευοιτο	ἐξκουσ(σ)ατεύω
combined	lbg_pairs.json	editorial_siglum	εξκουσατευοιτον	ἐξκουσ(σ)ατεύω
combined	lbg_pairs.json	editorial_siglum	εξκουσατευομαι	ἐξκουσ(σ)ατεύω
combined	lbg_pairs.json	editorial_siglum	εξκουσατευομεθα	ἐξκουσ(σ)ατεύω
combined	lbg_pairs.json	editorial_siglum	εξκουσατευομεν	ἐξκουσ(σ)ατεύω
combined	lbg_pairs.json	editorial_siglum	εξκουσατευομενη	ἐξκουσ(σ)ατεύω
combined	lbg_pairs.json	editorial_siglum	εξκουσατευομενον	ἐξκουσ(σ)ατεύω
combined	lbg_pairs.json	editorial_siglum	εξκουσατευομενος	ἐξκουσ(σ)ατεύω
combined	lbg_pairs.json	editorial_siglum	εξκουσατευον	ἐξκουσ(σ)ατεύω
combined	lbg_pairs.json	editorial_siglum	εξκουσατευονται	ἐξκουσ(σ)ατεύω
combined	lbg_pairs.json	editorial_siglum	εξκουσατευοντων	ἐξκουσ(σ)ατεύω
combined	lbg_pairs.json	editorial_siglum	εξκουσατευου	ἐξκουσ(σ)ατεύω
combined	lbg_pairs.json	editorial_siglum	εξκουσατευουσα	ἐξκουσ(σ)ατεύω
combined	lbg_pairs.json	editorial_siglum	εξκουσατευω	ἐξκουσ(σ)ατεύω
combined	lbg_pairs.json	editorial_siglum	εξκουσατευωμαι	ἐξκουσ(σ)ατεύω
combined	lbg_pairs.json	editorial_siglum	εξκουσατευωμεθα	ἐξκουσ(σ)ατεύω
combined	lbg_pairs.json	editorial_siglum	εξκουσατευωμεν	ἐξκουσ(σ)ατεύω
combined	lbg_pairs.json	editorial_siglum	εξκουσατευων	ἐξκουσ(σ)ατεύω
combined	lbg_pairs.json	editorial_siglum	εξκουσατευωνται	ἐξκουσ(σ)ατεύω
combined	lbg_pairs.json	editorial_siglum	εξκουσσατευε	ἐξκουσ(σ)ατεύω
combined	lbg_pairs.json	editorial_siglum	εξκουσσατευει	ἐξκουσ(σ)ατεύω
combined	lbg_pairs.json	editorial_siglum	εξκουσσατευειν	ἐξκουσ(σ)ατεύω
combined	lbg_pairs.json	editorial_siglum	εξκουσσατευεις	ἐξκουσ(σ)ατεύω
combined	lbg_pairs.json	editorial_siglum	εξκουσσατευεσθαι	ἐξκουσ(σ)ατεύω
combined	lbg_pairs.json	editorial_siglum	εξκουσσατευεσθε	ἐξκουσ(σ)ατεύω
combined	lbg_pairs.json	editorial_siglum	εξκουσσατευεσθον	ἐξκουσ(σ)ατεύω
combined	lbg_pairs.json	editorial_siglum	εξκουσσατευεσθω	ἐξκουσ(σ)ατεύω
combined	lbg_pairs.json	editorial_siglum	εξκουσσατευεσθων	ἐξκουσ(σ)ατεύω
combined	lbg_pairs.json	editorial_siglum	εξκουσσατευεται	ἐξκουσ(σ)ατεύω
combined	lbg_pairs.json	editorial_siglum	εξκουσσατευετε	ἐξκουσ(σ)ατεύω
combined	lbg_pairs.json	editorial_siglum	εξκουσσατευετον	ἐξκουσ(σ)ατεύω
combined	lbg_pairs.json	editorial_siglum	εξκουσσατευετω	ἐξκουσ(σ)ατεύω
combined	lbg_pairs.json	editorial_siglum	εξκουσσατευετων	ἐξκουσ(σ)ατεύω
combined	lbg_pairs.json	editorial_siglum	εξκουσσατευη	ἐξκουσ(σ)ατεύω
combined	lbg_pairs.json	editorial_siglum	εξκουσσατευης	ἐξκουσ(σ)ατεύω
combined	lbg_pairs.json	editorial_siglum	εξκουσσατευησθε	ἐξκουσ(σ)ατεύω
combined	lbg_pairs.json	editorial_siglum	εξκουσσατευησθον	ἐξκουσ(σ)ατεύω
combined	lbg_pairs.json	editorial_siglum	εξκουσσατευηται	ἐξκουσ(σ)ατεύω
combined	lbg_pairs.json	editorial_siglum	εξκουσσατευητε	ἐξκουσ(σ)ατεύω
combined	lbg_pairs.json	editorial_siglum	εξκουσσατευητον	ἐξκουσ(σ)ατεύω
combined	lbg_pairs.json	editorial_siglum	εξκουσσατευοι	ἐξκουσ(σ)ατεύω
combined	lbg_pairs.json	editorial_siglum	εξκουσσατευοιεν	ἐξκουσ(σ)ατεύω
combined	lbg_pairs.json	editorial_siglum	εξκουσσατευοιμεθα	ἐξκουσ(σ)ατεύω
combined	lbg_pairs.json	editorial_siglum	εξκουσσατευοιμεν	ἐξκουσ(σ)ατεύω
combined	lbg_pairs.json	editorial_siglum	εξκουσσατευοιμην	ἐξκουσ(σ)ατεύω
combined	lbg_pairs.json	editorial_siglum	εξκουσσατευοιμι	ἐξκουσ(σ)ατεύω
combined	lbg_pairs.json	editorial_siglum	εξκουσσατευοιντο	ἐξκουσ(σ)ατεύω
combined	lbg_pairs.json	editorial_siglum	εξκουσσατευοιο	ἐξκουσ(σ)ατεύω
combined	lbg_pairs.json	editorial_siglum	εξκουσσατευοις	ἐξκουσ(σ)ατεύω
combined	lbg_pairs.json	editorial_siglum	εξκουσσατευοισθε	ἐξκουσ(σ)ατεύω
combined	lbg_pairs.json	editorial_siglum	εξκουσσατευοισθην	ἐξκουσ(σ)ατεύω
combined	lbg_pairs.json	editorial_siglum	εξκουσσατευοισθον	ἐξκουσ(σ)ατεύω
combined	lbg_pairs.json	editorial_siglum	εξκουσσατευοιτε	ἐξκουσ(σ)ατεύω
combined	lbg_pairs.json	editorial_siglum	εξκουσσατευοιτην	ἐξκουσ(σ)ατεύω
combined	lbg_pairs.json	editorial_siglum	εξκουσσατευοιτο	ἐξκουσ(σ)ατεύω
combined	lbg_pairs.json	editorial_siglum	εξκουσσατευοιτον	ἐξκουσ(σ)ατεύω
combined	lbg_pairs.json	editorial_siglum	εξκουσσατευομαι	ἐξκουσ(σ)ατεύω
combined	lbg_pairs.json	editorial_siglum	εξκουσσατευομεθα	ἐξκουσ(σ)ατεύω
combined	lbg_pairs.json	editorial_siglum	εξκουσσατευομεν	ἐξκουσ(σ)ατεύω
combined	lbg_pairs.json	editorial_siglum	εξκουσσατευομενη	ἐξκουσ(σ)ατεύω
combined	lbg_pairs.json	editorial_siglum	εξκουσσατευομενον	ἐξκουσ(σ)ατεύω
combined	lbg_pairs.json	editorial_siglum	εξκουσσατευομενος	ἐξκουσ(σ)ατεύω
combined	lbg_pairs.json	editorial_siglum	εξκουσσατευον	ἐξκουσ(σ)ατεύω
combined	lbg_pairs.json	editorial_siglum	εξκουσσατευονται	ἐξκουσ(σ)ατεύω
combined	lbg_pairs.json	editorial_siglum	εξκουσσατευοντων	ἐξκουσ(σ)ατεύω
combined	lbg_pairs.json	editorial_siglum	εξκουσσατευου	ἐξκουσ(σ)ατεύω
combined	lbg_pairs.json	editorial_siglum	εξκουσσατευουσα	ἐξκουσ(σ)ατεύω
combined	lbg_pairs.json	editorial_siglum	εξκουσσατευω	ἐξκουσ(σ)ατεύω
combined	lbg_pairs.json	editorial_siglum	εξκουσσατευωμαι	ἐξκουσ(σ)ατεύω
combined	lbg_pairs.json	editorial_siglum	εξκουσσατευωμεθα	ἐξκουσ(σ)ατεύω
combined	lbg_pairs.json	editorial_siglum	εξκουσσατευωμεν	ἐξκουσ(σ)ατεύω
combined	lbg_pairs.json	editorial_siglum	εξκουσσατευων	ἐξκουσ(σ)ατεύω
combined	lbg_pairs.json	editorial_siglum	εξκουσσατευωνται	ἐξκουσ(σ)ατεύω
combined	lbg_pairs.json	editorial_siglum	εξκουσευε	ἐξκουσ(σ)εύω
combined	lbg_pairs.json	editorial_siglum	εξκουσευει	ἐξκουσ(σ)εύω
combined	lbg_pairs.json	editorial_siglum	εξκουσευειν	ἐξκουσ(σ)εύω
combined	lbg_pairs.json	editorial_siglum	εξκουσευεις	ἐξκουσ(σ)εύω
combined	lbg_pairs.json	editorial_siglum	εξκουσευεσθαι	ἐξκουσ(σ)εύω
combined	lbg_pairs.json	editorial_siglum	εξκουσευεσθε	ἐξκουσ(σ)εύω
combined	lbg_pairs.json	editorial_siglum	εξκουσευεσθον	ἐξκουσ(σ)εύω
combined	lbg_pairs.json	editorial_siglum	εξκουσευεσθω	ἐξκουσ(σ)εύω
combined	lbg_pairs.json	editorial_siglum	εξκουσευεσθων	ἐξκουσ(σ)εύω
combined	lbg_pairs.json	editorial_siglum	εξκουσευεται	ἐξκουσ(σ)εύω
combined	lbg_pairs.json	editorial_siglum	εξκουσευετε	ἐξκουσ(σ)εύω
combined	lbg_pairs.json	editorial_siglum	εξκουσευετον	ἐξκουσ(σ)εύω
combined	lbg_pairs.json	editorial_siglum	εξκουσευετω	ἐξκουσ(σ)εύω
combined	lbg_pairs.json	editorial_siglum	εξκουσευετων	ἐξκουσ(σ)εύω
combined	lbg_pairs.json	editorial_siglum	εξκουσευη	ἐξκουσ(σ)εύω
combined	lbg_pairs.json	editorial_siglum	εξκουσευης	ἐξκουσ(σ)εύω
combined	lbg_pairs.json	editorial_siglum	εξκουσευησθε	ἐξκουσ(σ)εύω
combined	lbg_pairs.json	editorial_siglum	εξκουσευησθον	ἐξκουσ(σ)εύω
combined	lbg_pairs.json	editorial_siglum	εξκουσευηται	ἐξκουσ(σ)εύω
combined	lbg_pairs.json	editorial_siglum	εξκουσευητε	ἐξκουσ(σ)εύω
combined	lbg_pairs.json	editorial_siglum	εξκουσευητον	ἐξκουσ(σ)εύω
combined	lbg_pairs.json	editorial_siglum	εξκουσευοι	ἐξκουσ(σ)εύω
combined	lbg_pairs.json	editorial_siglum	εξκουσευοιεν	ἐξκουσ(σ)εύω
combined	lbg_pairs.json	editorial_siglum	εξκουσευοιμεθα	ἐξκουσ(σ)εύω
combined	lbg_pairs.json	editorial_siglum	εξκουσευοιμεν	ἐξκουσ(σ)εύω
combined	lbg_pairs.json	editorial_siglum	εξκουσευοιμην	ἐξκουσ(σ)εύω
combined	lbg_pairs.json	editorial_siglum	εξκουσευοιμι	ἐξκουσ(σ)εύω
combined	lbg_pairs.json	editorial_siglum	εξκουσευοιντο	ἐξκουσ(σ)εύω
combined	lbg_pairs.json	editorial_siglum	εξκουσευοιο	ἐξκουσ(σ)εύω
combined	lbg_pairs.json	editorial_siglum	εξκουσευοις	ἐξκουσ(σ)εύω
combined	lbg_pairs.json	editorial_siglum	εξκουσευοισθε	ἐξκουσ(σ)εύω
combined	lbg_pairs.json	editorial_siglum	εξκουσευοισθην	ἐξκουσ(σ)εύω
combined	lbg_pairs.json	editorial_siglum	εξκουσευοισθον	ἐξκουσ(σ)εύω
combined	lbg_pairs.json	editorial_siglum	εξκουσευοιτε	ἐξκουσ(σ)εύω
combined	lbg_pairs.json	editorial_siglum	εξκουσευοιτην	ἐξκουσ(σ)εύω
combined	lbg_pairs.json	editorial_siglum	εξκουσευοιτο	ἐξκουσ(σ)εύω
combined	lbg_pairs.json	editorial_siglum	εξκουσευοιτον	ἐξκουσ(σ)εύω
combined	lbg_pairs.json	editorial_siglum	εξκουσευομαι	ἐξκουσ(σ)εύω
combined	lbg_pairs.json	editorial_siglum	εξκουσευομεθα	ἐξκουσ(σ)εύω
combined	lbg_pairs.json	editorial_siglum	εξκουσευομεν	ἐξκουσ(σ)εύω
combined	lbg_pairs.json	editorial_siglum	εξκουσευομενη	ἐξκουσ(σ)εύω
combined	lbg_pairs.json	editorial_siglum	εξκουσευομενον	ἐξκουσ(σ)εύω
combined	lbg_pairs.json	editorial_siglum	εξκουσευομενος	ἐξκουσ(σ)εύω
combined	lbg_pairs.json	editorial_siglum	εξκουσευον	ἐξκουσ(σ)εύω
combined	lbg_pairs.json	editorial_siglum	εξκουσευονται	ἐξκουσ(σ)εύω
combined	lbg_pairs.json	editorial_siglum	εξκουσευοντων	ἐξκουσ(σ)εύω
combined	lbg_pairs.json	editorial_siglum	εξκουσευου	ἐξκουσ(σ)εύω
combined	lbg_pairs.json	editorial_siglum	εξκουσευουσα	ἐξκουσ(σ)εύω
combined	lbg_pairs.json	editorial_siglum	εξκουσευω	ἐξκουσ(σ)εύω
combined	lbg_pairs.json	editorial_siglum	εξκουσευωμαι	ἐξκουσ(σ)εύω
combined	lbg_pairs.json	editorial_siglum	εξκουσευωμεθα	ἐξκουσ(σ)εύω
combined	lbg_pairs.json	editorial_siglum	εξκουσευωμεν	ἐξκουσ(σ)εύω
combined	lbg_pairs.json	editorial_siglum	εξκουσευων	ἐξκουσ(σ)εύω
combined	lbg_pairs.json	editorial_siglum	εξκουσευωνται	ἐξκουσ(σ)εύω
combined	lbg_pairs.json	editorial_siglum	εξκουσσευε	ἐξκουσ(σ)εύω
combined	lbg_pairs.json	editorial_siglum	εξκουσσευει	ἐξκουσ(σ)εύω
combined	lbg_pairs.json	editorial_siglum	εξκουσσευειν	ἐξκουσ(σ)εύω
combined	lbg_pairs.json	editorial_siglum	εξκουσσευεις	ἐξκουσ(σ)εύω
combined	lbg_pairs.json	editorial_siglum	εξκουσσευεσθαι	ἐξκουσ(σ)εύω
combined	lbg_pairs.json	editorial_siglum	εξκουσσευεσθε	ἐξκουσ(σ)εύω
combined	lbg_pairs.json	editorial_siglum	εξκουσσευεσθον	ἐξκουσ(σ)εύω
combined	lbg_pairs.json	editorial_siglum	εξκουσσευεσθω	ἐξκουσ(σ)εύω
combined	lbg_pairs.json	editorial_siglum	εξκουσσευεσθων	ἐξκουσ(σ)εύω
combined	lbg_pairs.json	editorial_siglum	εξκουσσευεται	ἐξκουσ(σ)εύω
combined	lbg_pairs.json	editorial_siglum	εξκουσσευετε	ἐξκουσ(σ)εύω
combined	lbg_pairs.json	editorial_siglum	εξκουσσευετον	ἐξκουσ(σ)εύω
combined	lbg_pairs.json	editorial_siglum	εξκουσσευετω	ἐξκουσ(σ)εύω
combined	lbg_pairs.json	editorial_siglum	εξκουσσευετων	ἐξκουσ(σ)εύω
combined	lbg_pairs.json	editorial_siglum	εξκουσσευη	ἐξκουσ(σ)εύω
combined	lbg_pairs.json	editorial_siglum	εξκουσσευης	ἐξκουσ(σ)εύω
combined	lbg_pairs.json	editorial_siglum	εξκουσσευησθε	ἐξκουσ(σ)εύω
combined	lbg_pairs.json	editorial_siglum	εξκουσσευησθον	ἐξκουσ(σ)εύω
combined	lbg_pairs.json	editorial_siglum	εξκουσσευηται	ἐξκουσ(σ)εύω
combined	lbg_pairs.json	editorial_siglum	εξκουσσευητε	ἐξκουσ(σ)εύω
combined	lbg_pairs.json	editorial_siglum	εξκουσσευητον	ἐξκουσ(σ)εύω
combined	lbg_pairs.json	editorial_siglum	εξκουσσευοι	ἐξκουσ(σ)εύω
combined	lbg_pairs.json	editorial_siglum	εξκουσσευοιεν	ἐξκουσ(σ)εύω
combined	lbg_pairs.json	editorial_siglum	εξκουσσευοιμεθα	ἐξκουσ(σ)εύω
combined	lbg_pairs.json	editorial_siglum	εξκουσσευοιμεν	ἐξκουσ(σ)εύω
combined	lbg_pairs.json	editorial_siglum	εξκουσσευοιμην	ἐξκουσ(σ)εύω
combined	lbg_pairs.json	editorial_siglum	εξκουσσευοιμι	ἐξκουσ(σ)εύω
combined	lbg_pairs.json	editorial_siglum	εξκουσσευοιντο	ἐξκουσ(σ)εύω
combined	lbg_pairs.json	editorial_siglum	εξκουσσευοιο	ἐξκουσ(σ)εύω
combined	lbg_pairs.json	editorial_siglum	εξκουσσευοις	ἐξκουσ(σ)εύω
combined	lbg_pairs.json	editorial_siglum	εξκουσσευοισθε	ἐξκουσ(σ)εύω
combined	lbg_pairs.json	editorial_siglum	εξκουσσευοισθην	ἐξκουσ(σ)εύω
combined	lbg_pairs.json	editorial_siglum	εξκουσσευοισθον	ἐξκουσ(σ)εύω
combined	lbg_pairs.json	editorial_siglum	εξκουσσευοιτε	ἐξκουσ(σ)εύω
combined	lbg_pairs.json	editorial_siglum	εξκουσσευοιτην	ἐξκουσ(σ)εύω
combined	lbg_pairs.json	editorial_siglum	εξκουσσευοιτο	ἐξκουσ(σ)εύω
combined	lbg_pairs.json	editorial_siglum	εξκουσσευοιτον	ἐξκουσ(σ)εύω
combined	lbg_pairs.json	editorial_siglum	εξκουσσευομαι	ἐξκουσ(σ)εύω
combined	lbg_pairs.json	editorial_siglum	εξκουσσευομεθα	ἐξκουσ(σ)εύω
combined	lbg_pairs.json	editorial_siglum	εξκουσσευομεν	ἐξκουσ(σ)εύω
combined	lbg_pairs.json	editorial_siglum	εξκουσσευομενη	ἐξκουσ(σ)εύω
combined	lbg_pairs.json	editorial_siglum	εξκουσσευομενον	ἐξκουσ(σ)εύω
combined	lbg_pairs.json	editorial_siglum	εξκουσσευομενος	ἐξκουσ(σ)εύω
combined	lbg_pairs.json	editorial_siglum	εξκουσσευον	ἐξκουσ(σ)εύω
combined	lbg_pairs.json	editorial_siglum	εξκουσσευονται	ἐξκουσ(σ)εύω
combined	lbg_pairs.json	editorial_siglum	εξκουσσευοντων	ἐξκουσ(σ)εύω
combined	lbg_pairs.json	editorial_siglum	εξκουσσευου	ἐξκουσ(σ)εύω
combined	lbg_pairs.json	editorial_siglum	εξκουσσευουσα	ἐξκουσ(σ)εύω
combined	lbg_pairs.json	editorial_siglum	εξκουσσευω	ἐξκουσ(σ)εύω
combined	lbg_pairs.json	editorial_siglum	εξκουσσευωμαι	ἐξκουσ(σ)εύω
combined	lbg_pairs.json	editorial_siglum	εξκουσσευωμεθα	ἐξκουσ(σ)εύω
combined	lbg_pairs.json	editorial_siglum	εξκουσσευωμεν	ἐξκουσ(σ)εύω
combined	lbg_pairs.json	editorial_siglum	εξκουσσευων	ἐξκουσ(σ)εύω
combined	lbg_pairs.json	editorial_siglum	εξκουσσευωνται	ἐξκουσ(σ)εύω
combined	lbg_pairs.json	editorial_siglum	επαρχισα	ἐπάρχισ(σ)α
combined	lbg_pairs.json	editorial_siglum	επαρχισαι	ἐπάρχισ(σ)α
combined	lbg_pairs.json	editorial_siglum	επαρχισαιν	ἐπάρχισ(σ)α
combined	lbg_pairs.json	editorial_siglum	επαρχισαις	ἐπάρχισ(σ)α
combined	lbg_pairs.json	editorial_siglum	επαρχισαν	ἐπάρχισ(σ)α
combined	lbg_pairs.json	editorial_siglum	επαρχισας	ἐπάρχισ(σ)α
combined	lbg_pairs.json	editorial_siglum	επαρχισσα	ἐπάρχισ(σ)α
combined	lbg_pairs.json	editorial_siglum	επαρχισσαι	ἐπάρχισ(σ)α
combined	lbg_pairs.json	editorial_siglum	επαρχισσαιν	ἐπάρχισ(σ)α
combined	lbg_pairs.json	editorial_siglum	επαρχισσαις	ἐπάρχισ(σ)α
combined	lbg_pairs.json	editorial_siglum	επαρχισσαν	ἐπάρχισ(σ)α
combined	lbg_pairs.json	editorial_siglum	επαρχισσας	ἐπάρχισ(σ)α
combined	lbg_pairs.json	editorial_siglum	επαρχισσων	ἐπάρχισ(σ)α
combined	lbg_pairs.json	editorial_siglum	επαρχισων	ἐπάρχισ(σ)α
combined	lbg_pairs.json	editorial_siglum	επινια	ἐπίν(ο)ιον
combined	lbg_pairs.json	editorial_siglum	επινιοιν	ἐπίν(ο)ιον
combined	lbg_pairs.json	editorial_siglum	επινιοις	ἐπίν(ο)ιον
combined	lbg_pairs.json	editorial_siglum	επινιον	ἐπίν(ο)ιον
combined	lbg_pairs.json	editorial_siglum	επινιου	ἐπίν(ο)ιον
combined	lbg_pairs.json	editorial_siglum	επινιω	ἐπίν(ο)ιον
combined	lbg_pairs.json	editorial_siglum	επινιων	ἐπίν(ο)ιον
combined	lbg_pairs.json	editorial_siglum	επινοιοιν	ἐπίν(ο)ιον
combined	lbg_pairs.json	editorial_siglum	επινοιοις	ἐπίν(ο)ιον
combined	lbg_pairs.json	editorial_siglum	επινοιον	ἐπίν(ο)ιον
combined	lbg_pairs.json	editorial_siglum	επινοιου	ἐπίν(ο)ιον
combined	lbg_pairs.json	editorial_siglum	επινοιω	ἐπίν(ο)ιον
combined	lbg_pairs.json	editorial_siglum	επιδενε	ἐπιδέν(ν)ω
combined	lbg_pairs.json	editorial_siglum	επιδενει	ἐπιδέν(ν)ω
combined	lbg_pairs.json	editorial_siglum	επιδενειν	ἐπιδέν(ν)ω
combined	lbg_pairs.json	editorial_siglum	επιδενεις	ἐπιδέν(ν)ω
combined	lbg_pairs.json	editorial_siglum	επιδενεσθαι	ἐπιδέν(ν)ω
combined	lbg_pairs.json	editorial_siglum	επιδενεσθε	ἐπιδέν(ν)ω
combined	lbg_pairs.json	editorial_siglum	επιδενεσθον	ἐπιδέν(ν)ω
combined	lbg_pairs.json	editorial_siglum	επιδενεσθω	ἐπιδέν(ν)ω
combined	lbg_pairs.json	editorial_siglum	επιδενεσθων	ἐπιδέν(ν)ω
combined	lbg_pairs.json	editorial_siglum	επιδενεται	ἐπιδέν(ν)ω
combined	lbg_pairs.json	editorial_siglum	επιδενετε	ἐπιδέν(ν)ω
combined	lbg_pairs.json	editorial_siglum	επιδενετον	ἐπιδέν(ν)ω
combined	lbg_pairs.json	editorial_siglum	επιδενετω	ἐπιδέν(ν)ω
combined	lbg_pairs.json	editorial_siglum	επιδενετων	ἐπιδέν(ν)ω
combined	lbg_pairs.json	editorial_siglum	επιδενη	ἐπιδέν(ν)ω
combined	lbg_pairs.json	editorial_siglum	επιδενης	ἐπιδέν(ν)ω
combined	lbg_pairs.json	editorial_siglum	επιδενησθε	ἐπιδέν(ν)ω
combined	lbg_pairs.json	editorial_siglum	επιδενησθον	ἐπιδέν(ν)ω
combined	lbg_pairs.json	editorial_siglum	επιδενηται	ἐπιδέν(ν)ω
combined	lbg_pairs.json	editorial_siglum	επιδενητε	ἐπιδέν(ν)ω
combined	lbg_pairs.json	editorial_siglum	επιδενητον	ἐπιδέν(ν)ω
combined	lbg_pairs.json	editorial_siglum	επιδενοι	ἐπιδέν(ν)ω
combined	lbg_pairs.json	editorial_siglum	επιδενοιεν	ἐπιδέν(ν)ω
combined	lbg_pairs.json	editorial_siglum	επιδενοιμεθα	ἐπιδέν(ν)ω
combined	lbg_pairs.json	editorial_siglum	επιδενοιμεν	ἐπιδέν(ν)ω
combined	lbg_pairs.json	editorial_siglum	επιδενοιμην	ἐπιδέν(ν)ω
combined	lbg_pairs.json	editorial_siglum	επιδενοιμι	ἐπιδέν(ν)ω
combined	lbg_pairs.json	editorial_siglum	επιδενοιντο	ἐπιδέν(ν)ω
combined	lbg_pairs.json	editorial_siglum	επιδενοιο	ἐπιδέν(ν)ω
combined	lbg_pairs.json	editorial_siglum	επιδενοις	ἐπιδέν(ν)ω
combined	lbg_pairs.json	editorial_siglum	επιδενοισθε	ἐπιδέν(ν)ω
combined	lbg_pairs.json	editorial_siglum	επιδενοισθην	ἐπιδέν(ν)ω
combined	lbg_pairs.json	editorial_siglum	επιδενοισθον	ἐπιδέν(ν)ω
combined	lbg_pairs.json	editorial_siglum	επιδενοιτε	ἐπιδέν(ν)ω
combined	lbg_pairs.json	editorial_siglum	επιδενοιτην	ἐπιδέν(ν)ω
combined	lbg_pairs.json	editorial_siglum	επιδενοιτο	ἐπιδέν(ν)ω
combined	lbg_pairs.json	editorial_siglum	επιδενοιτον	ἐπιδέν(ν)ω
combined	lbg_pairs.json	editorial_siglum	επιδενομεθα	ἐπιδέν(ν)ω
combined	lbg_pairs.json	editorial_siglum	επιδενομεν	ἐπιδέν(ν)ω
combined	lbg_pairs.json	editorial_siglum	επιδενομενη	ἐπιδέν(ν)ω
combined	lbg_pairs.json	editorial_siglum	επιδενομενον	ἐπιδέν(ν)ω
combined	lbg_pairs.json	editorial_siglum	επιδενομενος	ἐπιδέν(ν)ω
combined	lbg_pairs.json	editorial_siglum	επιδενον	ἐπιδέν(ν)ω
combined	lbg_pairs.json	editorial_siglum	επιδενονται	ἐπιδέν(ν)ω
combined	lbg_pairs.json	editorial_siglum	επιδενοντων	ἐπιδέν(ν)ω
combined	lbg_pairs.json	editorial_siglum	επιδενου	ἐπιδέν(ν)ω
combined	lbg_pairs.json	editorial_siglum	επιδενουσα	ἐπιδέν(ν)ω
combined	lbg_pairs.json	editorial_siglum	επιδενωμαι	ἐπιδέν(ν)ω
combined	lbg_pairs.json	editorial_siglum	επιδενωμεθα	ἐπιδέν(ν)ω
combined	lbg_pairs.json	editorial_siglum	επιδενωμεν	ἐπιδέν(ν)ω
combined	lbg_pairs.json	editorial_siglum	επιδενων	ἐπιδέν(ν)ω
combined	lbg_pairs.json	editorial_siglum	επιδενωνται	ἐπιδέν(ν)ω
combined	lbg_pairs.json	editorial_siglum	επιρρωγολογεε	ἐπιρ(ρ)ωγολογέω
combined	lbg_pairs.json	editorial_siglum	επιρρωγολογεει	ἐπιρ(ρ)ωγολογέω
combined	lbg_pairs.json	editorial_siglum	επιρρωγολογεειν	ἐπιρ(ρ)ωγολογέω
combined	lbg_pairs.json	editorial_siglum	επιρρωγολογεεις	ἐπιρ(ρ)ωγολογέω
combined	lbg_pairs.json	editorial_siglum	επιρρωγολογεεσθαι	ἐπιρ(ρ)ωγολογέω
combined	lbg_pairs.json	editorial_siglum	επιρρωγολογεεσθε	ἐπιρ(ρ)ωγολογέω
combined	lbg_pairs.json	editorial_siglum	επιρρωγολογεεσθον	ἐπιρ(ρ)ωγολογέω
combined	lbg_pairs.json	editorial_siglum	επιρρωγολογεεσθω	ἐπιρ(ρ)ωγολογέω
combined	lbg_pairs.json	editorial_siglum	επιρρωγολογεεσθων	ἐπιρ(ρ)ωγολογέω
combined	lbg_pairs.json	editorial_siglum	επιρρωγολογεεται	ἐπιρ(ρ)ωγολογέω
combined	lbg_pairs.json	editorial_siglum	επιρρωγολογεετε	ἐπιρ(ρ)ωγολογέω
combined	lbg_pairs.json	editorial_siglum	επιρρωγολογεετον	ἐπιρ(ρ)ωγολογέω
combined	lbg_pairs.json	editorial_siglum	επιρρωγολογεετω	ἐπιρ(ρ)ωγολογέω
combined	lbg_pairs.json	editorial_siglum	επιρρωγολογεετων	ἐπιρ(ρ)ωγολογέω
combined	lbg_pairs.json	editorial_siglum	επιρρωγολογεη	ἐπιρ(ρ)ωγολογέω
combined	lbg_pairs.json	editorial_siglum	επιρρωγολογεης	ἐπιρ(ρ)ωγολογέω
combined	lbg_pairs.json	editorial_siglum	επιρρωγολογεησθε	ἐπιρ(ρ)ωγολογέω
combined	lbg_pairs.json	editorial_siglum	επιρρωγολογεησθον	ἐπιρ(ρ)ωγολογέω
combined	lbg_pairs.json	editorial_siglum	επιρρωγολογεηται	ἐπιρ(ρ)ωγολογέω
combined	lbg_pairs.json	editorial_siglum	επιρρωγολογεητε	ἐπιρ(ρ)ωγολογέω
combined	lbg_pairs.json	editorial_siglum	επιρρωγολογεητον	ἐπιρ(ρ)ωγολογέω
combined	lbg_pairs.json	editorial_siglum	επιρρωγολογει	ἐπιρ(ρ)ωγολογέω
combined	lbg_pairs.json	editorial_siglum	επιρρωγολογειν	ἐπιρ(ρ)ωγολογέω
combined	lbg_pairs.json	editorial_siglum	επιρρωγολογεις	ἐπιρ(ρ)ωγολογέω
combined	lbg_pairs.json	editorial_siglum	επιρρωγολογεισθαι	ἐπιρ(ρ)ωγολογέω
combined	lbg_pairs.json	editorial_siglum	επιρρωγολογεισθε	ἐπιρ(ρ)ωγολογέω
combined	lbg_pairs.json	editorial_siglum	επιρρωγολογεισθον	ἐπιρ(ρ)ωγολογέω
combined	lbg_pairs.json	editorial_siglum	επιρρωγολογεισθω	ἐπιρ(ρ)ωγολογέω
combined	lbg_pairs.json	editorial_siglum	επιρρωγολογεισθων	ἐπιρ(ρ)ωγολογέω
combined	lbg_pairs.json	editorial_siglum	επιρρωγολογειται	ἐπιρ(ρ)ωγολογέω
combined	lbg_pairs.json	editorial_siglum	επιρρωγολογειτε	ἐπιρ(ρ)ωγολογέω
combined	lbg_pairs.json	editorial_siglum	επιρρωγολογειτον	ἐπιρ(ρ)ωγολογέω
combined	lbg_pairs.json	editorial_siglum	επιρρωγολογειτω	ἐπιρ(ρ)ωγολογέω
combined	lbg_pairs.json	editorial_siglum	επιρρωγολογειτων	ἐπιρ(ρ)ωγολογέω
combined	lbg_pairs.json	editorial_siglum	επιρρωγολογεοι	ἐπιρ(ρ)ωγολογέω
combined	lbg_pairs.json	editorial_siglum	επιρρωγολογεοιεν	ἐπιρ(ρ)ωγολογέω
combined	lbg_pairs.json	editorial_siglum	επιρρωγολογεοιμεθα	ἐπιρ(ρ)ωγολογέω
combined	lbg_pairs.json	editorial_siglum	επιρρωγολογεοιμεν	ἐπιρ(ρ)ωγολογέω
combined	lbg_pairs.json	editorial_siglum	επιρρωγολογεοιμην	ἐπιρ(ρ)ωγολογέω
combined	lbg_pairs.json	editorial_siglum	επιρρωγολογεοιμι	ἐπιρ(ρ)ωγολογέω
combined	lbg_pairs.json	editorial_siglum	επιρρωγολογεοιντο	ἐπιρ(ρ)ωγολογέω
combined	lbg_pairs.json	editorial_siglum	επιρρωγολογεοιο	ἐπιρ(ρ)ωγολογέω
combined	lbg_pairs.json	editorial_siglum	επιρρωγολογεοις	ἐπιρ(ρ)ωγολογέω
combined	lbg_pairs.json	editorial_siglum	επιρρωγολογεοισθε	ἐπιρ(ρ)ωγολογέω
combined	lbg_pairs.json	editorial_siglum	επιρρωγολογεοισθην	ἐπιρ(ρ)ωγολογέω
combined	lbg_pairs.json	editorial_siglum	επιρρωγολογεοισθον	ἐπιρ(ρ)ωγολογέω
combined	lbg_pairs.json	editorial_siglum	επιρρωγολογεοιτε	ἐπιρ(ρ)ωγολογέω
combined	lbg_pairs.json	editorial_siglum	επιρρωγολογεοιτην	ἐπιρ(ρ)ωγολογέω
combined	lbg_pairs.json	editorial_siglum	επιρρωγολογεοιτο	ἐπιρ(ρ)ωγολογέω
combined	lbg_pairs.json	editorial_siglum	επιρρωγολογεοιτον	ἐπιρ(ρ)ωγολογέω
combined	lbg_pairs.json	editorial_siglum	επιρρωγολογεομαι	ἐπιρ(ρ)ωγολογέω
combined	lbg_pairs.json	editorial_siglum	επιρρωγολογεομεθα	ἐπιρ(ρ)ωγολογέω
combined	lbg_pairs.json	editorial_siglum	επιρρωγολογεομεν	ἐπιρ(ρ)ωγολογέω
combined	lbg_pairs.json	editorial_siglum	επιρρωγολογεομενη	ἐπιρ(ρ)ωγολογέω
combined	lbg_pairs.json	editorial_siglum	επιρρωγολογεομενον	ἐπιρ(ρ)ωγολογέω
combined	lbg_pairs.json	editorial_siglum	επιρρωγολογεομενος	ἐπιρ(ρ)ωγολογέω
combined	lbg_pairs.json	editorial_siglum	επιρρωγολογεον	ἐπιρ(ρ)ωγολογέω
combined	lbg_pairs.json	editorial_siglum	επιρρωγολογεονται	ἐπιρ(ρ)ωγολογέω
combined	lbg_pairs.json	editorial_siglum	επιρρωγολογεοντων	ἐπιρ(ρ)ωγολογέω
combined	lbg_pairs.json	editorial_siglum	επιρρωγολογεου	ἐπιρ(ρ)ωγολογέω
combined	lbg_pairs.json	editorial_siglum	επιρρωγολογεουσα	ἐπιρ(ρ)ωγολογέω
combined	lbg_pairs.json	editorial_siglum	επιρρωγολογεω	ἐπιρ(ρ)ωγολογέω
combined	lbg_pairs.json	editorial_siglum	επιρρωγολογεωμαι	ἐπιρ(ρ)ωγολογέω
combined	lbg_pairs.json	editorial_siglum	επιρρωγολογεωμεθα	ἐπιρ(ρ)ωγολογέω
combined	lbg_pairs.json	editorial_siglum	επιρρωγολογεωμεν	ἐπιρ(ρ)ωγολογέω
combined	lbg_pairs.json	editorial_siglum	επιρρωγολογεων	ἐπιρ(ρ)ωγολογέω
combined	lbg_pairs.json	editorial_siglum	επιρρωγολογεωνται	ἐπιρ(ρ)ωγολογέω
combined	lbg_pairs.json	editorial_siglum	επιρρωγολογη	ἐπιρ(ρ)ωγολογέω
combined	lbg_pairs.json	editorial_siglum	επιρρωγολογης	ἐπιρ(ρ)ωγολογέω
combined	lbg_pairs.json	editorial_siglum	επιρρωγολογησθε	ἐπιρ(ρ)ωγολογέω
combined	lbg_pairs.json	editorial_siglum	επιρρωγολογησθον	ἐπιρ(ρ)ωγολογέω
combined	lbg_pairs.json	editorial_siglum	επιρρωγολογηται	ἐπιρ(ρ)ωγολογέω
combined	lbg_pairs.json	editorial_siglum	επιρρωγολογητε	ἐπιρ(ρ)ωγολογέω
combined	lbg_pairs.json	editorial_siglum	επιρρωγολογητον	ἐπιρ(ρ)ωγολογέω
combined	lbg_pairs.json	editorial_siglum	επιρρωγολογοι	ἐπιρ(ρ)ωγολογέω
combined	lbg_pairs.json	editorial_siglum	επιρρωγολογοιεν	ἐπιρ(ρ)ωγολογέω
combined	lbg_pairs.json	editorial_siglum	επιρρωγολογοιη	ἐπιρ(ρ)ωγολογέω
combined	lbg_pairs.json	editorial_siglum	επιρρωγολογοιημεν	ἐπιρ(ρ)ωγολογέω
combined	lbg_pairs.json	editorial_siglum	επιρρωγολογοιην	ἐπιρ(ρ)ωγολογέω
combined	lbg_pairs.json	editorial_siglum	επιρρωγολογοιης	ἐπιρ(ρ)ωγολογέω
combined	lbg_pairs.json	editorial_siglum	επιρρωγολογοιησαν	ἐπιρ(ρ)ωγολογέω
combined	lbg_pairs.json	editorial_siglum	επιρρωγολογοιητε	ἐπιρ(ρ)ωγολογέω
combined	lbg_pairs.json	editorial_siglum	επιρρωγολογοιητην	ἐπιρ(ρ)ωγολογέω
combined	lbg_pairs.json	editorial_siglum	επιρρωγολογοιητον	ἐπιρ(ρ)ωγολογέω
combined	lbg_pairs.json	editorial_siglum	επιρρωγολογοιμεθα	ἐπιρ(ρ)ωγολογέω
combined	lbg_pairs.json	editorial_siglum	επιρρωγολογοιμεν	ἐπιρ(ρ)ωγολογέω
combined	lbg_pairs.json	editorial_siglum	επιρρωγολογοιμην	ἐπιρ(ρ)ωγολογέω
combined	lbg_pairs.json	editorial_siglum	επιρρωγολογοιμι	ἐπιρ(ρ)ωγολογέω
combined	lbg_pairs.json	editorial_siglum	επιρρωγολογοιντο	ἐπιρ(ρ)ωγολογέω
combined	lbg_pairs.json	editorial_siglum	επιρρωγολογοιο	ἐπιρ(ρ)ωγολογέω
combined	lbg_pairs.json	editorial_siglum	επιρρωγολογοις	ἐπιρ(ρ)ωγολογέω
combined	lbg_pairs.json	editorial_siglum	επιρρωγολογοισθε	ἐπιρ(ρ)ωγολογέω
combined	lbg_pairs.json	editorial_siglum	επιρρωγολογοισθην	ἐπιρ(ρ)ωγολογέω
combined	lbg_pairs.json	editorial_siglum	επιρρωγολογοισθον	ἐπιρ(ρ)ωγολογέω
combined	lbg_pairs.json	editorial_siglum	επιρρωγολογοιτε	ἐπιρ(ρ)ωγολογέω
combined	lbg_pairs.json	editorial_siglum	επιρρωγολογοιτην	ἐπιρ(ρ)ωγολογέω
combined	lbg_pairs.json	editorial_siglum	επιρρωγολογοιτο	ἐπιρ(ρ)ωγολογέω
combined	lbg_pairs.json	editorial_siglum	επιρρωγολογοιτον	ἐπιρ(ρ)ωγολογέω
combined	lbg_pairs.json	editorial_siglum	επιρρωγολογου	ἐπιρ(ρ)ωγολογέω
combined	lbg_pairs.json	editorial_siglum	επιρρωγολογουμαι	ἐπιρ(ρ)ωγολογέω
combined	lbg_pairs.json	editorial_siglum	επιρρωγολογουμεθα	ἐπιρ(ρ)ωγολογέω
combined	lbg_pairs.json	editorial_siglum	επιρρωγολογουμεν	ἐπιρ(ρ)ωγολογέω
combined	lbg_pairs.json	editorial_siglum	επιρρωγολογουμενη	ἐπιρ(ρ)ωγολογέω
combined	lbg_pairs.json	editorial_siglum	επιρρωγολογουμενον	ἐπιρ(ρ)ωγολογέω
combined	lbg_pairs.json	editorial_siglum	επιρρωγολογουμενος	ἐπιρ(ρ)ωγολογέω
combined	lbg_pairs.json	editorial_siglum	επιρρωγολογουν	ἐπιρ(ρ)ωγολογέω
combined	lbg_pairs.json	editorial_siglum	επιρρωγολογουνται	ἐπιρ(ρ)ωγολογέω
combined	lbg_pairs.json	editorial_siglum	επιρρωγολογουντων	ἐπιρ(ρ)ωγολογέω
combined	lbg_pairs.json	editorial_siglum	επιρρωγολογουσα	ἐπιρ(ρ)ωγολογέω
combined	lbg_pairs.json	editorial_siglum	επιρρωγολογω	ἐπιρ(ρ)ωγολογέω
combined	lbg_pairs.json	editorial_siglum	επιρρωγολογωμαι	ἐπιρ(ρ)ωγολογέω
combined	lbg_pairs.json	editorial_siglum	επιρρωγολογωμεθα	ἐπιρ(ρ)ωγολογέω
combined	lbg_pairs.json	editorial_siglum	επιρρωγολογωμεν	ἐπιρ(ρ)ωγολογέω
combined	lbg_pairs.json	editorial_siglum	επιρρωγολογων	ἐπιρ(ρ)ωγολογέω
combined	lbg_pairs.json	editorial_siglum	επιρρωγολογωνται	ἐπιρ(ρ)ωγολογέω
combined	lbg_pairs.json	editorial_siglum	επιρωγολογεε	ἐπιρ(ρ)ωγολογέω
combined	lbg_pairs.json	editorial_siglum	επιρωγολογεει	ἐπιρ(ρ)ωγολογέω
combined	lbg_pairs.json	editorial_siglum	επιρωγολογεειν	ἐπιρ(ρ)ωγολογέω
combined	lbg_pairs.json	editorial_siglum	επιρωγολογεεις	ἐπιρ(ρ)ωγολογέω
combined	lbg_pairs.json	editorial_siglum	επιρωγολογεεσθαι	ἐπιρ(ρ)ωγολογέω
combined	lbg_pairs.json	editorial_siglum	επιρωγολογεεσθε	ἐπιρ(ρ)ωγολογέω
combined	lbg_pairs.json	editorial_siglum	επιρωγολογεεσθον	ἐπιρ(ρ)ωγολογέω
combined	lbg_pairs.json	editorial_siglum	επιρωγολογεεσθω	ἐπιρ(ρ)ωγολογέω
combined	lbg_pairs.json	editorial_siglum	επιρωγολογεεσθων	ἐπιρ(ρ)ωγολογέω
combined	lbg_pairs.json	editorial_siglum	επιρωγολογεεται	ἐπιρ(ρ)ωγολογέω
combined	lbg_pairs.json	editorial_siglum	επιρωγολογεετε	ἐπιρ(ρ)ωγολογέω
combined	lbg_pairs.json	editorial_siglum	επιρωγολογεετον	ἐπιρ(ρ)ωγολογέω
combined	lbg_pairs.json	editorial_siglum	επιρωγολογεετω	ἐπιρ(ρ)ωγολογέω
combined	lbg_pairs.json	editorial_siglum	επιρωγολογεετων	ἐπιρ(ρ)ωγολογέω
combined	lbg_pairs.json	editorial_siglum	επιρωγολογεη	ἐπιρ(ρ)ωγολογέω
combined	lbg_pairs.json	editorial_siglum	επιρωγολογεης	ἐπιρ(ρ)ωγολογέω
combined	lbg_pairs.json	editorial_siglum	επιρωγολογεησθε	ἐπιρ(ρ)ωγολογέω
combined	lbg_pairs.json	editorial_siglum	επιρωγολογεησθον	ἐπιρ(ρ)ωγολογέω
combined	lbg_pairs.json	editorial_siglum	επιρωγολογεηται	ἐπιρ(ρ)ωγολογέω
combined	lbg_pairs.json	editorial_siglum	επιρωγολογεητε	ἐπιρ(ρ)ωγολογέω
combined	lbg_pairs.json	editorial_siglum	επιρωγολογεητον	ἐπιρ(ρ)ωγολογέω
combined	lbg_pairs.json	editorial_siglum	επιρωγολογει	ἐπιρ(ρ)ωγολογέω
combined	lbg_pairs.json	editorial_siglum	επιρωγολογειν	ἐπιρ(ρ)ωγολογέω
combined	lbg_pairs.json	editorial_siglum	επιρωγολογεις	ἐπιρ(ρ)ωγολογέω
combined	lbg_pairs.json	editorial_siglum	επιρωγολογεισθαι	ἐπιρ(ρ)ωγολογέω
combined	lbg_pairs.json	editorial_siglum	επιρωγολογεισθε	ἐπιρ(ρ)ωγολογέω
combined	lbg_pairs.json	editorial_siglum	επιρωγολογεισθον	ἐπιρ(ρ)ωγολογέω
combined	lbg_pairs.json	editorial_siglum	επιρωγολογεισθω	ἐπιρ(ρ)ωγολογέω
combined	lbg_pairs.json	editorial_siglum	επιρωγολογεισθων	ἐπιρ(ρ)ωγολογέω
combined	lbg_pairs.json	editorial_siglum	επιρωγολογειται	ἐπιρ(ρ)ωγολογέω
combined	lbg_pairs.json	editorial_siglum	επιρωγολογειτε	ἐπιρ(ρ)ωγολογέω
combined	lbg_pairs.json	editorial_siglum	επιρωγολογειτον	ἐπιρ(ρ)ωγολογέω
combined	lbg_pairs.json	editorial_siglum	επιρωγολογειτω	ἐπιρ(ρ)ωγολογέω
combined	lbg_pairs.json	editorial_siglum	επιρωγολογειτων	ἐπιρ(ρ)ωγολογέω
combined	lbg_pairs.json	editorial_siglum	επιρωγολογεοι	ἐπιρ(ρ)ωγολογέω
combined	lbg_pairs.json	editorial_siglum	επιρωγολογεοιεν	ἐπιρ(ρ)ωγολογέω
combined	lbg_pairs.json	editorial_siglum	επιρωγολογεοιμεθα	ἐπιρ(ρ)ωγολογέω
combined	lbg_pairs.json	editorial_siglum	επιρωγολογεοιμεν	ἐπιρ(ρ)ωγολογέω
combined	lbg_pairs.json	editorial_siglum	επιρωγολογεοιμην	ἐπιρ(ρ)ωγολογέω
combined	lbg_pairs.json	editorial_siglum	επιρωγολογεοιμι	ἐπιρ(ρ)ωγολογέω
combined	lbg_pairs.json	editorial_siglum	επιρωγολογεοιντο	ἐπιρ(ρ)ωγολογέω
combined	lbg_pairs.json	editorial_siglum	επιρωγολογεοιο	ἐπιρ(ρ)ωγολογέω
combined	lbg_pairs.json	editorial_siglum	επιρωγολογεοις	ἐπιρ(ρ)ωγολογέω
combined	lbg_pairs.json	editorial_siglum	επιρωγολογεοισθε	ἐπιρ(ρ)ωγολογέω
combined	lbg_pairs.json	editorial_siglum	επιρωγολογεοισθην	ἐπιρ(ρ)ωγολογέω
combined	lbg_pairs.json	editorial_siglum	επιρωγολογεοισθον	ἐπιρ(ρ)ωγολογέω
combined	lbg_pairs.json	editorial_siglum	επιρωγολογεοιτε	ἐπιρ(ρ)ωγολογέω
combined	lbg_pairs.json	editorial_siglum	επιρωγολογεοιτην	ἐπιρ(ρ)ωγολογέω
combined	lbg_pairs.json	editorial_siglum	επιρωγολογεοιτο	ἐπιρ(ρ)ωγολογέω
combined	lbg_pairs.json	editorial_siglum	επιρωγολογεοιτον	ἐπιρ(ρ)ωγολογέω
combined	lbg_pairs.json	editorial_siglum	επιρωγολογεομαι	ἐπιρ(ρ)ωγολογέω
combined	lbg_pairs.json	editorial_siglum	επιρωγολογεομεθα	ἐπιρ(ρ)ωγολογέω
combined	lbg_pairs.json	editorial_siglum	επιρωγολογεομεν	ἐπιρ(ρ)ωγολογέω
combined	lbg_pairs.json	editorial_siglum	επιρωγολογεομενη	ἐπιρ(ρ)ωγολογέω
combined	lbg_pairs.json	editorial_siglum	επιρωγολογεομενον	ἐπιρ(ρ)ωγολογέω
combined	lbg_pairs.json	editorial_siglum	επιρωγολογεομενος	ἐπιρ(ρ)ωγολογέω
combined	lbg_pairs.json	editorial_siglum	επιρωγολογεον	ἐπιρ(ρ)ωγολογέω
combined	lbg_pairs.json	editorial_siglum	επιρωγολογεονται	ἐπιρ(ρ)ωγολογέω
combined	lbg_pairs.json	editorial_siglum	επιρωγολογεοντων	ἐπιρ(ρ)ωγολογέω
combined	lbg_pairs.json	editorial_siglum	επιρωγολογεου	ἐπιρ(ρ)ωγολογέω
combined	lbg_pairs.json	editorial_siglum	επιρωγολογεουσα	ἐπιρ(ρ)ωγολογέω
combined	lbg_pairs.json	editorial_siglum	επιρωγολογεω	ἐπιρ(ρ)ωγολογέω
combined	lbg_pairs.json	editorial_siglum	επιρωγολογεωμαι	ἐπιρ(ρ)ωγολογέω
combined	lbg_pairs.json	editorial_siglum	επιρωγολογεωμεθα	ἐπιρ(ρ)ωγολογέω
combined	lbg_pairs.json	editorial_siglum	επιρωγολογεωμεν	ἐπιρ(ρ)ωγολογέω
combined	lbg_pairs.json	editorial_siglum	επιρωγολογεων	ἐπιρ(ρ)ωγολογέω
combined	lbg_pairs.json	editorial_siglum	επιρωγολογεωνται	ἐπιρ(ρ)ωγολογέω
combined	lbg_pairs.json	editorial_siglum	επιρωγολογη	ἐπιρ(ρ)ωγολογέω
combined	lbg_pairs.json	editorial_siglum	επιρωγολογης	ἐπιρ(ρ)ωγολογέω
combined	lbg_pairs.json	editorial_siglum	επιρωγολογησθε	ἐπιρ(ρ)ωγολογέω
combined	lbg_pairs.json	editorial_siglum	επιρωγολογησθον	ἐπιρ(ρ)ωγολογέω
combined	lbg_pairs.json	editorial_siglum	επιρωγολογηται	ἐπιρ(ρ)ωγολογέω
combined	lbg_pairs.json	editorial_siglum	επιρωγολογητε	ἐπιρ(ρ)ωγολογέω
combined	lbg_pairs.json	editorial_siglum	επιρωγολογητον	ἐπιρ(ρ)ωγολογέω
combined	lbg_pairs.json	editorial_siglum	επιρωγολογοι	ἐπιρ(ρ)ωγολογέω
combined	lbg_pairs.json	editorial_siglum	επιρωγολογοιεν	ἐπιρ(ρ)ωγολογέω
combined	lbg_pairs.json	editorial_siglum	επιρωγολογοιη	ἐπιρ(ρ)ωγολογέω
combined	lbg_pairs.json	editorial_siglum	επιρωγολογοιημεν	ἐπιρ(ρ)ωγολογέω
combined	lbg_pairs.json	editorial_siglum	επιρωγολογοιην	ἐπιρ(ρ)ωγολογέω
combined	lbg_pairs.json	editorial_siglum	επιρωγολογοιης	ἐπιρ(ρ)ωγολογέω
combined	lbg_pairs.json	editorial_siglum	επιρωγολογοιησαν	ἐπιρ(ρ)ωγολογέω
combined	lbg_pairs.json	editorial_siglum	επιρωγολογοιητε	ἐπιρ(ρ)ωγολογέω
combined	lbg_pairs.json	editorial_siglum	επιρωγολογοιητην	ἐπιρ(ρ)ωγολογέω
combined	lbg_pairs.json	editorial_siglum	επιρωγολογοιητον	ἐπιρ(ρ)ωγολογέω
combined	lbg_pairs.json	editorial_siglum	επιρωγολογοιμεθα	ἐπιρ(ρ)ωγολογέω
combined	lbg_pairs.json	editorial_siglum	επιρωγολογοιμεν	ἐπιρ(ρ)ωγολογέω
combined	lbg_pairs.json	editorial_siglum	επιρωγολογοιμην	ἐπιρ(ρ)ωγολογέω
combined	lbg_pairs.json	editorial_siglum	επιρωγολογοιμι	ἐπιρ(ρ)ωγολογέω
combined	lbg_pairs.json	editorial_siglum	επιρωγολογοιντο	ἐπιρ(ρ)ωγολογέω
combined	lbg_pairs.json	editorial_siglum	επιρωγολογοιο	ἐπιρ(ρ)ωγολογέω
combined	lbg_pairs.json	editorial_siglum	επιρωγολογοις	ἐπιρ(ρ)ωγολογέω
combined	lbg_pairs.json	editorial_siglum	επιρωγολογοισθε	ἐπιρ(ρ)ωγολογέω
combined	lbg_pairs.json	editorial_siglum	επιρωγολογοισθην	ἐπιρ(ρ)ωγολογέω
combined	lbg_pairs.json	editorial_siglum	επιρωγολογοισθον	ἐπιρ(ρ)ωγολογέω
combined	lbg_pairs.json	editorial_siglum	επιρωγολογοιτε	ἐπιρ(ρ)ωγολογέω
combined	lbg_pairs.json	editorial_siglum	επιρωγολογοιτην	ἐπιρ(ρ)ωγολογέω
combined	lbg_pairs.json	editorial_siglum	επιρωγολογοιτο	ἐπιρ(ρ)ωγολογέω
combined	lbg_pairs.json	editorial_siglum	επιρωγολογοιτον	ἐπιρ(ρ)ωγολογέω
combined	lbg_pairs.json	editorial_siglum	επιρωγολογου	ἐπιρ(ρ)ωγολογέω
combined	lbg_pairs.json	editorial_siglum	επιρωγολογουμαι	ἐπιρ(ρ)ωγολογέω
combined	lbg_pairs.json	editorial_siglum	επιρωγολογουμεθα	ἐπιρ(ρ)ωγολογέω
combined	lbg_pairs.json	editorial_siglum	επιρωγολογουμεν	ἐπιρ(ρ)ωγολογέω
combined	lbg_pairs.json	editorial_siglum	επιρωγολογουμενη	ἐπιρ(ρ)ωγολογέω
combined	lbg_pairs.json	editorial_siglum	επιρωγολογουμενον	ἐπιρ(ρ)ωγολογέω
combined	lbg_pairs.json	editorial_siglum	επιρωγολογουμενος	ἐπιρ(ρ)ωγολογέω
combined	lbg_pairs.json	editorial_siglum	επιρωγολογουν	ἐπιρ(ρ)ωγολογέω
combined	lbg_pairs.json	editorial_siglum	επιρωγολογουνται	ἐπιρ(ρ)ωγολογέω
combined	lbg_pairs.json	editorial_siglum	επιρωγολογουντων	ἐπιρ(ρ)ωγολογέω
combined	lbg_pairs.json	editorial_siglum	επιρωγολογουσα	ἐπιρ(ρ)ωγολογέω
combined	lbg_pairs.json	editorial_siglum	επιρωγολογω	ἐπιρ(ρ)ωγολογέω
combined	lbg_pairs.json	editorial_siglum	επιρωγολογωμαι	ἐπιρ(ρ)ωγολογέω
combined	lbg_pairs.json	editorial_siglum	επιρωγολογωμεθα	ἐπιρ(ρ)ωγολογέω
combined	lbg_pairs.json	editorial_siglum	επιρωγολογωμεν	ἐπιρ(ρ)ωγολογέω
combined	lbg_pairs.json	editorial_siglum	επιρωγολογων	ἐπιρ(ρ)ωγολογέω
combined	lbg_pairs.json	editorial_siglum	επιρωγολογωνται	ἐπιρ(ρ)ωγολογέω
combined	lbg_pairs.json	editorial_siglum	εφηβεα	ἐφήβε(ι)ον
combined	lbg_pairs.json	editorial_siglum	εφηβεοιν	ἐφήβε(ι)ον
combined	lbg_pairs.json	editorial_siglum	εφηβεοις	ἐφήβε(ι)ον
combined	lbg_pairs.json	editorial_siglum	εφηβεον	ἐφήβε(ι)ον
combined	lbg_pairs.json	editorial_siglum	εφηβεου	ἐφήβε(ι)ον
combined	lbg_pairs.json	editorial_siglum	εφηβεω	ἐφήβε(ι)ον
combined	lbg_pairs.json	editorial_siglum	εφηβεων	ἐφήβε(ι)ον
combined	lbg_pairs.json	editorial_siglum	ημιρομβε	ἡμίρ(ρ)ομβος
combined	lbg_pairs.json	editorial_siglum	ημιρομβοι	ἡμίρ(ρ)ομβος
combined	lbg_pairs.json	editorial_siglum	ημιρομβοιν	ἡμίρ(ρ)ομβος
combined	lbg_pairs.json	editorial_siglum	ημιρομβοις	ἡμίρ(ρ)ομβος
combined	lbg_pairs.json	editorial_siglum	ημιρομβον	ἡμίρ(ρ)ομβος
combined	lbg_pairs.json	editorial_siglum	ημιρομβος	ἡμίρ(ρ)ομβος
combined	lbg_pairs.json	editorial_siglum	ημιρομβου	ἡμίρ(ρ)ομβος
combined	lbg_pairs.json	editorial_siglum	ημιρομβους	ἡμίρ(ρ)ομβος
combined	lbg_pairs.json	editorial_siglum	ημιρομβω	ἡμίρ(ρ)ομβος
combined	lbg_pairs.json	editorial_siglum	ημιρομβων	ἡμίρ(ρ)ομβος
combined	lbg_pairs.json	editorial_siglum	ημιρρομβε	ἡμίρ(ρ)ομβος
combined	lbg_pairs.json	editorial_siglum	ημιρρομβοι	ἡμίρ(ρ)ομβος
combined	lbg_pairs.json	editorial_siglum	ημιρρομβοιν	ἡμίρ(ρ)ομβος
combined	lbg_pairs.json	editorial_siglum	ημιρρομβοις	ἡμίρ(ρ)ομβος
combined	lbg_pairs.json	editorial_siglum	ημιρρομβον	ἡμίρ(ρ)ομβος
combined	lbg_pairs.json	editorial_siglum	ημιρρομβος	ἡμίρ(ρ)ομβος
combined	lbg_pairs.json	editorial_siglum	ημιρρομβου	ἡμίρ(ρ)ομβος
combined	lbg_pairs.json	editorial_siglum	ημιρρομβους	ἡμίρ(ρ)ομβος
combined	lbg_pairs.json	editorial_siglum	ημιρρομβω	ἡμίρ(ρ)ομβος
combined	lbg_pairs.json	editorial_siglum	ημιρρομβων	ἡμίρ(ρ)ομβος
combined	lbg_pairs.json	editorial_siglum	ιντερουπτευε	ἰντερ(ρ)ουπτεύω
combined	lbg_pairs.json	editorial_siglum	ιντερουπτευει	ἰντερ(ρ)ουπτεύω
combined	lbg_pairs.json	editorial_siglum	ιντερουπτευειν	ἰντερ(ρ)ουπτεύω
combined	lbg_pairs.json	editorial_siglum	ιντερουπτευεις	ἰντερ(ρ)ουπτεύω
combined	lbg_pairs.json	editorial_siglum	ιντερουπτευεσθαι	ἰντερ(ρ)ουπτεύω
combined	lbg_pairs.json	editorial_siglum	ιντερουπτευεσθε	ἰντερ(ρ)ουπτεύω
combined	lbg_pairs.json	editorial_siglum	ιντερουπτευεσθον	ἰντερ(ρ)ουπτεύω
combined	lbg_pairs.json	editorial_siglum	ιντερουπτευεσθω	ἰντερ(ρ)ουπτεύω
combined	lbg_pairs.json	editorial_siglum	ιντερουπτευεσθων	ἰντερ(ρ)ουπτεύω
combined	lbg_pairs.json	editorial_siglum	ιντερουπτευεται	ἰντερ(ρ)ουπτεύω
combined	lbg_pairs.json	editorial_siglum	ιντερουπτευετε	ἰντερ(ρ)ουπτεύω
combined	lbg_pairs.json	editorial_siglum	ιντερουπτευετον	ἰντερ(ρ)ουπτεύω
combined	lbg_pairs.json	editorial_siglum	ιντερουπτευετω	ἰντερ(ρ)ουπτεύω
combined	lbg_pairs.json	editorial_siglum	ιντερουπτευετων	ἰντερ(ρ)ουπτεύω
combined	lbg_pairs.json	editorial_siglum	ιντερουπτευη	ἰντερ(ρ)ουπτεύω
combined	lbg_pairs.json	editorial_siglum	ιντερουπτευης	ἰντερ(ρ)ουπτεύω
combined	lbg_pairs.json	editorial_siglum	ιντερουπτευησθε	ἰντερ(ρ)ουπτεύω
combined	lbg_pairs.json	editorial_siglum	ιντερουπτευησθον	ἰντερ(ρ)ουπτεύω
combined	lbg_pairs.json	editorial_siglum	ιντερουπτευηται	ἰντερ(ρ)ουπτεύω
combined	lbg_pairs.json	editorial_siglum	ιντερουπτευητε	ἰντερ(ρ)ουπτεύω
combined	lbg_pairs.json	editorial_siglum	ιντερουπτευητον	ἰντερ(ρ)ουπτεύω
combined	lbg_pairs.json	editorial_siglum	ιντερουπτευοι	ἰντερ(ρ)ουπτεύω
combined	lbg_pairs.json	editorial_siglum	ιντερουπτευοιεν	ἰντερ(ρ)ουπτεύω
combined	lbg_pairs.json	editorial_siglum	ιντερουπτευοιμεθα	ἰντερ(ρ)ουπτεύω
combined	lbg_pairs.json	editorial_siglum	ιντερουπτευοιμεν	ἰντερ(ρ)ουπτεύω
combined	lbg_pairs.json	editorial_siglum	ιντερουπτευοιμην	ἰντερ(ρ)ουπτεύω
combined	lbg_pairs.json	editorial_siglum	ιντερουπτευοιμι	ἰντερ(ρ)ουπτεύω
combined	lbg_pairs.json	editorial_siglum	ιντερουπτευοιντο	ἰντερ(ρ)ουπτεύω
combined	lbg_pairs.json	editorial_siglum	ιντερουπτευοιο	ἰντερ(ρ)ουπτεύω
combined	lbg_pairs.json	editorial_siglum	ιντερουπτευοις	ἰντερ(ρ)ουπτεύω
combined	lbg_pairs.json	editorial_siglum	ιντερουπτευοισθε	ἰντερ(ρ)ουπτεύω
combined	lbg_pairs.json	editorial_siglum	ιντερουπτευοισθην	ἰντερ(ρ)ουπτεύω
combined	lbg_pairs.json	editorial_siglum	ιντερουπτευοισθον	ἰντερ(ρ)ουπτεύω
combined	lbg_pairs.json	editorial_siglum	ιντερουπτευοιτε	ἰντερ(ρ)ουπτεύω
combined	lbg_pairs.json	editorial_siglum	ιντερουπτευοιτην	ἰντερ(ρ)ουπτεύω
combined	lbg_pairs.json	editorial_siglum	ιντερουπτευοιτο	ἰντερ(ρ)ουπτεύω
combined	lbg_pairs.json	editorial_siglum	ιντερουπτευοιτον	ἰντερ(ρ)ουπτεύω
combined	lbg_pairs.json	editorial_siglum	ιντερουπτευομαι	ἰντερ(ρ)ουπτεύω
combined	lbg_pairs.json	editorial_siglum	ιντερουπτευομεθα	ἰντερ(ρ)ουπτεύω
combined	lbg_pairs.json	editorial_siglum	ιντερουπτευομεν	ἰντερ(ρ)ουπτεύω
combined	lbg_pairs.json	editorial_siglum	ιντερουπτευομενη	ἰντερ(ρ)ουπτεύω
combined	lbg_pairs.json	editorial_siglum	ιντερουπτευομενον	ἰντερ(ρ)ουπτεύω
combined	lbg_pairs.json	editorial_siglum	ιντερουπτευομενος	ἰντερ(ρ)ουπτεύω
combined	lbg_pairs.json	editorial_siglum	ιντερουπτευον	ἰντερ(ρ)ουπτεύω
combined	lbg_pairs.json	editorial_siglum	ιντερουπτευονται	ἰντερ(ρ)ουπτεύω
combined	lbg_pairs.json	editorial_siglum	ιντερουπτευοντων	ἰντερ(ρ)ουπτεύω
combined	lbg_pairs.json	editorial_siglum	ιντερουπτευου	ἰντερ(ρ)ουπτεύω
combined	lbg_pairs.json	editorial_siglum	ιντερουπτευουσα	ἰντερ(ρ)ουπτεύω
combined	lbg_pairs.json	editorial_siglum	ιντερουπτευω	ἰντερ(ρ)ουπτεύω
combined	lbg_pairs.json	editorial_siglum	ιντερουπτευωμαι	ἰντερ(ρ)ουπτεύω
combined	lbg_pairs.json	editorial_siglum	ιντερουπτευωμεθα	ἰντερ(ρ)ουπτεύω
combined	lbg_pairs.json	editorial_siglum	ιντερουπτευωμεν	ἰντερ(ρ)ουπτεύω
combined	lbg_pairs.json	editorial_siglum	ιντερουπτευων	ἰντερ(ρ)ουπτεύω
combined	lbg_pairs.json	editorial_siglum	ιντερουπτευωνται	ἰντερ(ρ)ουπτεύω
combined	lbg_pairs.json	editorial_siglum	ιντερρουπτευε	ἰντερ(ρ)ουπτεύω
combined	lbg_pairs.json	editorial_siglum	ιντερρουπτευει	ἰντερ(ρ)ουπτεύω
combined	lbg_pairs.json	editorial_siglum	ιντερρουπτευειν	ἰντερ(ρ)ουπτεύω
combined	lbg_pairs.json	editorial_siglum	ιντερρουπτευεις	ἰντερ(ρ)ουπτεύω
combined	lbg_pairs.json	editorial_siglum	ιντερρουπτευεσθαι	ἰντερ(ρ)ουπτεύω
combined	lbg_pairs.json	editorial_siglum	ιντερρουπτευεσθε	ἰντερ(ρ)ουπτεύω
combined	lbg_pairs.json	editorial_siglum	ιντερρουπτευεσθον	ἰντερ(ρ)ουπτεύω
combined	lbg_pairs.json	editorial_siglum	ιντερρουπτευεσθω	ἰντερ(ρ)ουπτεύω
combined	lbg_pairs.json	editorial_siglum	ιντερρουπτευεσθων	ἰντερ(ρ)ουπτεύω
combined	lbg_pairs.json	editorial_siglum	ιντερρουπτευεται	ἰντερ(ρ)ουπτεύω
combined	lbg_pairs.json	editorial_siglum	ιντερρουπτευετε	ἰντερ(ρ)ουπτεύω
combined	lbg_pairs.json	editorial_siglum	ιντερρουπτευετον	ἰντερ(ρ)ουπτεύω
combined	lbg_pairs.json	editorial_siglum	ιντερρουπτευετω	ἰντερ(ρ)ουπτεύω
combined	lbg_pairs.json	editorial_siglum	ιντερρουπτευετων	ἰντερ(ρ)ουπτεύω
combined	lbg_pairs.json	editorial_siglum	ιντερρουπτευη	ἰντερ(ρ)ουπτεύω
combined	lbg_pairs.json	editorial_siglum	ιντερρουπτευης	ἰντερ(ρ)ουπτεύω
combined	lbg_pairs.json	editorial_siglum	ιντερρουπτευησθε	ἰντερ(ρ)ουπτεύω
combined	lbg_pairs.json	editorial_siglum	ιντερρουπτευησθον	ἰντερ(ρ)ουπτεύω
combined	lbg_pairs.json	editorial_siglum	ιντερρουπτευηται	ἰντερ(ρ)ουπτεύω
combined	lbg_pairs.json	editorial_siglum	ιντερρουπτευητε	ἰντερ(ρ)ουπτεύω
combined	lbg_pairs.json	editorial_siglum	ιντερρουπτευητον	ἰντερ(ρ)ουπτεύω
combined	lbg_pairs.json	editorial_siglum	ιντερρουπτευοι	ἰντερ(ρ)ουπτεύω
combined	lbg_pairs.json	editorial_siglum	ιντερρουπτευοιεν	ἰντερ(ρ)ουπτεύω
combined	lbg_pairs.json	editorial_siglum	ιντερρουπτευοιμεθα	ἰντερ(ρ)ουπτεύω
combined	lbg_pairs.json	editorial_siglum	ιντερρουπτευοιμεν	ἰντερ(ρ)ουπτεύω
combined	lbg_pairs.json	editorial_siglum	ιντερρουπτευοιμην	ἰντερ(ρ)ουπτεύω
combined	lbg_pairs.json	editorial_siglum	ιντερρουπτευοιμι	ἰντερ(ρ)ουπτεύω
combined	lbg_pairs.json	editorial_siglum	ιντερρουπτευοιντο	ἰντερ(ρ)ουπτεύω
combined	lbg_pairs.json	editorial_siglum	ιντερρουπτευοιο	ἰντερ(ρ)ουπτεύω
combined	lbg_pairs.json	editorial_siglum	ιντερρουπτευοις	ἰντερ(ρ)ουπτεύω
combined	lbg_pairs.json	editorial_siglum	ιντερρουπτευοισθε	ἰντερ(ρ)ουπτεύω
combined	lbg_pairs.json	editorial_siglum	ιντερρουπτευοισθην	ἰντερ(ρ)ουπτεύω
combined	lbg_pairs.json	editorial_siglum	ιντερρουπτευοισθον	ἰντερ(ρ)ουπτεύω
combined	lbg_pairs.json	editorial_siglum	ιντερρουπτευοιτε	ἰντερ(ρ)ουπτεύω
combined	lbg_pairs.json	editorial_siglum	ιντερρουπτευοιτην	ἰντερ(ρ)ουπτεύω
combined	lbg_pairs.json	editorial_siglum	ιντερρουπτευοιτο	ἰντερ(ρ)ουπτεύω
combined	lbg_pairs.json	editorial_siglum	ιντερρουπτευοιτον	ἰντερ(ρ)ουπτεύω
combined	lbg_pairs.json	editorial_siglum	ιντερρουπτευομαι	ἰντερ(ρ)ουπτεύω
combined	lbg_pairs.json	editorial_siglum	ιντερρουπτευομεθα	ἰντερ(ρ)ουπτεύω
combined	lbg_pairs.json	editorial_siglum	ιντερρουπτευομεν	ἰντερ(ρ)ουπτεύω
combined	lbg_pairs.json	editorial_siglum	ιντερρουπτευομενη	ἰντερ(ρ)ουπτεύω
combined	lbg_pairs.json	editorial_siglum	ιντερρουπτευομενον	ἰντερ(ρ)ουπτεύω
combined	lbg_pairs.json	editorial_siglum	ιντερρουπτευομενος	ἰντερ(ρ)ουπτεύω
combined	lbg_pairs.json	editorial_siglum	ιντερρουπτευον	ἰντερ(ρ)ουπτεύω
combined	lbg_pairs.json	editorial_siglum	ιντερρουπτευονται	ἰντερ(ρ)ουπτεύω
combined	lbg_pairs.json	editorial_siglum	ιντερρουπτευοντων	ἰντερ(ρ)ουπτεύω
combined	lbg_pairs.json	editorial_siglum	ιντερρουπτευου	ἰντερ(ρ)ουπτεύω
combined	lbg_pairs.json	editorial_siglum	ιντερρουπτευουσα	ἰντερ(ρ)ουπτεύω
combined	lbg_pairs.json	editorial_siglum	ιντερρουπτευω	ἰντερ(ρ)ουπτεύω
combined	lbg_pairs.json	editorial_siglum	ιντερρουπτευωμαι	ἰντερ(ρ)ουπτεύω
combined	lbg_pairs.json	editorial_siglum	ιντερρουπτευωμεθα	ἰντερ(ρ)ουπτεύω
combined	lbg_pairs.json	editorial_siglum	ιντερρουπτευωμεν	ἰντερ(ρ)ουπτεύω
combined	lbg_pairs.json	editorial_siglum	ιντερρουπτευων	ἰντερ(ρ)ουπτεύω
combined	lbg_pairs.json	editorial_siglum	ιντερρουπτευωνται	ἰντερ(ρ)ουπτεύω
combined	lbg_pairs.json	editorial_siglum	ολιγορημοσυνα	ὀλιγο(ρ)ρημοσύνη
combined	lbg_pairs.json	editorial_siglum	ολιγορημοσυναι	ὀλιγο(ρ)ρημοσύνη
combined	lbg_pairs.json	editorial_siglum	ολιγορημοσυναιν	ὀλιγο(ρ)ρημοσύνη
combined	lbg_pairs.json	editorial_siglum	ολιγορημοσυναις	ὀλιγο(ρ)ρημοσύνη
combined	lbg_pairs.json	editorial_siglum	ολιγορημοσυνας	ὀλιγο(ρ)ρημοσύνη
combined	lbg_pairs.json	editorial_siglum	ολιγορημοσυνη	ὀλιγο(ρ)ρημοσύνη
combined	lbg_pairs.json	editorial_siglum	ολιγορημοσυνην	ὀλιγο(ρ)ρημοσύνη
combined	lbg_pairs.json	editorial_siglum	ολιγορημοσυνης	ὀλιγο(ρ)ρημοσύνη
combined	lbg_pairs.json	editorial_siglum	ολιγορημοσυνων	ὀλιγο(ρ)ρημοσύνη
combined	lbg_pairs.json	editorial_siglum	ολιγορρημοσυνα	ὀλιγο(ρ)ρημοσύνη
combined	lbg_pairs.json	editorial_siglum	ολιγορρημοσυναι	ὀλιγο(ρ)ρημοσύνη
combined	lbg_pairs.json	editorial_siglum	ολιγορρημοσυναιν	ὀλιγο(ρ)ρημοσύνη
combined	lbg_pairs.json	editorial_siglum	ολιγορρημοσυναις	ὀλιγο(ρ)ρημοσύνη
combined	lbg_pairs.json	editorial_siglum	ολιγορρημοσυνας	ὀλιγο(ρ)ρημοσύνη
combined	lbg_pairs.json	editorial_siglum	ολιγορρημοσυνη	ὀλιγο(ρ)ρημοσύνη
combined	lbg_pairs.json	editorial_siglum	ολιγορρημοσυνην	ὀλιγο(ρ)ρημοσύνη
combined	lbg_pairs.json	editorial_siglum	ολιγορρημοσυνης	ὀλιγο(ρ)ρημοσύνη
combined	lbg_pairs.json	editorial_siglum	ολιγορρημοσυνων	ὀλιγο(ρ)ρημοσύνη
combined	lbg_pairs.json	editorial_siglum	οξυκοκια	ὀξυκοκ(κ)ία
combined	lbg_pairs.json	editorial_siglum	οξυκοκιαι	ὀξυκοκ(κ)ία
combined	lbg_pairs.json	editorial_siglum	οξυκοκιαιν	ὀξυκοκ(κ)ία
combined	lbg_pairs.json	editorial_siglum	οξυκοκιαις	ὀξυκοκ(κ)ία
combined	lbg_pairs.json	editorial_siglum	οξυκοκιαν	ὀξυκοκ(κ)ία
combined	lbg_pairs.json	editorial_siglum	οξυκοκιας	ὀξυκοκ(κ)ία
combined	lbg_pairs.json	editorial_siglum	οξυκοκιων	ὀξυκοκ(κ)ία
combined	lbg_pairs.json	editorial_siglum	οξυκοκκια	ὀξυκοκ(κ)ία
combined	lbg_pairs.json	editorial_siglum	οξυκοκκιαι	ὀξυκοκ(κ)ία
combined	lbg_pairs.json	editorial_siglum	οξυκοκκιαιν	ὀξυκοκ(κ)ία
combined	lbg_pairs.json	editorial_siglum	οξυκοκκιαις	ὀξυκοκ(κ)ία
combined	lbg_pairs.json	editorial_siglum	οξυκοκκιαν	ὀξυκοκ(κ)ία
combined	lbg_pairs.json	editorial_siglum	οξυκοκκιας	ὀξυκοκ(κ)ία
combined	lbg_pairs.json	editorial_siglum	οξυκοκκιων	ὀξυκοκ(κ)ία
combined	lbg_pairs.json	editorial_siglum	ορνιθοχηνονητοπερδικοπρατα	ὀρνιθοχηνονητ(τ)οπερδικοπράτης
combined	lbg_pairs.json	editorial_siglum	ορνιθοχηνονητοπερδικοπραται	ὀρνιθοχηνονητ(τ)οπερδικοπράτης
combined	lbg_pairs.json	editorial_siglum	ορνιθοχηνονητοπερδικοπραταιν	ὀρνιθοχηνονητ(τ)οπερδικοπράτης
combined	lbg_pairs.json	editorial_siglum	ορνιθοχηνονητοπερδικοπραταις	ὀρνιθοχηνονητ(τ)οπερδικοπράτης
combined	lbg_pairs.json	editorial_siglum	ορνιθοχηνονητοπερδικοπρατας	ὀρνιθοχηνονητ(τ)οπερδικοπράτης
combined	lbg_pairs.json	editorial_siglum	ορνιθοχηνονητοπερδικοπρατη	ὀρνιθοχηνονητ(τ)οπερδικοπράτης
combined	lbg_pairs.json	editorial_siglum	ορνιθοχηνονητοπερδικοπρατην	ὀρνιθοχηνονητ(τ)οπερδικοπράτης
combined	lbg_pairs.json	editorial_siglum	ορνιθοχηνονητοπερδικοπρατης	ὀρνιθοχηνονητ(τ)οπερδικοπράτης
combined	lbg_pairs.json	editorial_siglum	ορνιθοχηνονητοπερδικοπρατου	ὀρνιθοχηνονητ(τ)οπερδικοπράτης
combined	lbg_pairs.json	editorial_siglum	ορνιθοχηνονητοπερδικοπρατων	ὀρνιθοχηνονητ(τ)οπερδικοπράτης
combined	lbg_pairs.json	editorial_siglum	ορνιθοχηνονηττοπερδικοπρατα	ὀρνιθοχηνονητ(τ)οπερδικοπράτης
combined	lbg_pairs.json	editorial_siglum	ορνιθοχηνονηττοπερδικοπραται	ὀρνιθοχηνονητ(τ)οπερδικοπράτης
combined	lbg_pairs.json	editorial_siglum	ορνιθοχηνονηττοπερδικοπραταιν	ὀρνιθοχηνονητ(τ)οπερδικοπράτης
combined	lbg_pairs.json	editorial_siglum	ορνιθοχηνονηττοπερδικοπραταις	ὀρνιθοχηνονητ(τ)οπερδικοπράτης
combined	lbg_pairs.json	editorial_siglum	ορνιθοχηνονηττοπερδικοπρατας	ὀρνιθοχηνονητ(τ)οπερδικοπράτης
combined	lbg_pairs.json	editorial_siglum	ορνιθοχηνονηττοπερδικοπρατη	ὀρνιθοχηνονητ(τ)οπερδικοπράτης
combined	lbg_pairs.json	editorial_siglum	ορνιθοχηνονηττοπερδικοπρατην	ὀρνιθοχηνονητ(τ)οπερδικοπράτης
combined	lbg_pairs.json	editorial_siglum	ορνιθοχηνονηττοπερδικοπρατης	ὀρνιθοχηνονητ(τ)οπερδικοπράτης
combined	lbg_pairs.json	editorial_siglum	ορνιθοχηνονηττοπερδικοπρατου	ὀρνιθοχηνονητ(τ)οπερδικοπράτης
combined	lbg_pairs.json	editorial_siglum	ορνιθοχηνονηττοπερδικοπρατων	ὀρνιθοχηνονητ(τ)οπερδικοπράτης
combined	lbg_pairs.json	editorial_siglum	ομορρεε	ὁμορ(ρ)έω
combined	lbg_pairs.json	editorial_siglum	ομορρεει	ὁμορ(ρ)έω
combined	lbg_pairs.json	editorial_siglum	ομορρεειν	ὁμορ(ρ)έω
combined	lbg_pairs.json	editorial_siglum	ομορρεεις	ὁμορ(ρ)έω
combined	lbg_pairs.json	editorial_siglum	ομορρεεσθαι	ὁμορ(ρ)έω
combined	lbg_pairs.json	editorial_siglum	ομορρεεσθε	ὁμορ(ρ)έω
combined	lbg_pairs.json	editorial_siglum	ομορρεεσθον	ὁμορ(ρ)έω
combined	lbg_pairs.json	editorial_siglum	ομορρεεσθω	ὁμορ(ρ)έω
combined	lbg_pairs.json	editorial_siglum	ομορρεεσθων	ὁμορ(ρ)έω
combined	lbg_pairs.json	editorial_siglum	ομορρεεται	ὁμορ(ρ)έω
combined	lbg_pairs.json	editorial_siglum	ομορρεετε	ὁμορ(ρ)έω
combined	lbg_pairs.json	editorial_siglum	ομορρεετον	ὁμορ(ρ)έω
combined	lbg_pairs.json	editorial_siglum	ομορρεετω	ὁμορ(ρ)έω
combined	lbg_pairs.json	editorial_siglum	ομορρεετων	ὁμορ(ρ)έω
combined	lbg_pairs.json	editorial_siglum	ομορρεη	ὁμορ(ρ)έω
combined	lbg_pairs.json	editorial_siglum	ομορρεης	ὁμορ(ρ)έω
combined	lbg_pairs.json	editorial_siglum	ομορρεησθε	ὁμορ(ρ)έω
combined	lbg_pairs.json	editorial_siglum	ομορρεησθον	ὁμορ(ρ)έω
combined	lbg_pairs.json	editorial_siglum	ομορρεηται	ὁμορ(ρ)έω
combined	lbg_pairs.json	editorial_siglum	ομορρεητε	ὁμορ(ρ)έω
combined	lbg_pairs.json	editorial_siglum	ομορρεητον	ὁμορ(ρ)έω
combined	lbg_pairs.json	editorial_siglum	ομορρει	ὁμορ(ρ)έω
combined	lbg_pairs.json	editorial_siglum	ομορρειν	ὁμορ(ρ)έω
combined	lbg_pairs.json	editorial_siglum	ομορρεις	ὁμορ(ρ)έω
combined	lbg_pairs.json	editorial_siglum	ομορρεισθαι	ὁμορ(ρ)έω
combined	lbg_pairs.json	editorial_siglum	ομορρεισθε	ὁμορ(ρ)έω
combined	lbg_pairs.json	editorial_siglum	ομορρεισθον	ὁμορ(ρ)έω
combined	lbg_pairs.json	editorial_siglum	ομορρεισθω	ὁμορ(ρ)έω
combined	lbg_pairs.json	editorial_siglum	ομορρεισθων	ὁμορ(ρ)έω
combined	lbg_pairs.json	editorial_siglum	ομορρειται	ὁμορ(ρ)έω
combined	lbg_pairs.json	editorial_siglum	ομορρειτε	ὁμορ(ρ)έω
combined	lbg_pairs.json	editorial_siglum	ομορρειτον	ὁμορ(ρ)έω
combined	lbg_pairs.json	editorial_siglum	ομορρειτω	ὁμορ(ρ)έω
combined	lbg_pairs.json	editorial_siglum	ομορρειτων	ὁμορ(ρ)έω
combined	lbg_pairs.json	editorial_siglum	ομορρεοι	ὁμορ(ρ)έω
combined	lbg_pairs.json	editorial_siglum	ομορρεοιεν	ὁμορ(ρ)έω
combined	lbg_pairs.json	editorial_siglum	ομορρεοιμεθα	ὁμορ(ρ)έω
combined	lbg_pairs.json	editorial_siglum	ομορρεοιμεν	ὁμορ(ρ)έω
combined	lbg_pairs.json	editorial_siglum	ομορρεοιμην	ὁμορ(ρ)έω
combined	lbg_pairs.json	editorial_siglum	ομορρεοιμι	ὁμορ(ρ)έω
combined	lbg_pairs.json	editorial_siglum	ομορρεοιντο	ὁμορ(ρ)έω
combined	lbg_pairs.json	editorial_siglum	ομορρεοιο	ὁμορ(ρ)έω
combined	lbg_pairs.json	editorial_siglum	ομορρεοις	ὁμορ(ρ)έω
combined	lbg_pairs.json	editorial_siglum	ομορρεοισθε	ὁμορ(ρ)έω
combined	lbg_pairs.json	editorial_siglum	ομορρεοισθην	ὁμορ(ρ)έω
combined	lbg_pairs.json	editorial_siglum	ομορρεοισθον	ὁμορ(ρ)έω
combined	lbg_pairs.json	editorial_siglum	ομορρεοιτε	ὁμορ(ρ)έω
combined	lbg_pairs.json	editorial_siglum	ομορρεοιτην	ὁμορ(ρ)έω
combined	lbg_pairs.json	editorial_siglum	ομορρεοιτο	ὁμορ(ρ)έω
combined	lbg_pairs.json	editorial_siglum	ομορρεοιτον	ὁμορ(ρ)έω
combined	lbg_pairs.json	editorial_siglum	ομορρεομαι	ὁμορ(ρ)έω
combined	lbg_pairs.json	editorial_siglum	ομορρεομεθα	ὁμορ(ρ)έω
combined	lbg_pairs.json	editorial_siglum	ομορρεομεν	ὁμορ(ρ)έω
combined	lbg_pairs.json	editorial_siglum	ομορρεομενη	ὁμορ(ρ)έω
combined	lbg_pairs.json	editorial_siglum	ομορρεομενον	ὁμορ(ρ)έω
combined	lbg_pairs.json	editorial_siglum	ομορρεομενος	ὁμορ(ρ)έω
combined	lbg_pairs.json	editorial_siglum	ομορρεον	ὁμορ(ρ)έω
combined	lbg_pairs.json	editorial_siglum	ομορρεονται	ὁμορ(ρ)έω
combined	lbg_pairs.json	editorial_siglum	ομορρεοντων	ὁμορ(ρ)έω
combined	lbg_pairs.json	editorial_siglum	ομορρεου	ὁμορ(ρ)έω
combined	lbg_pairs.json	editorial_siglum	ομορρεουσα	ὁμορ(ρ)έω
combined	lbg_pairs.json	editorial_siglum	ομορρεω	ὁμορ(ρ)έω
combined	lbg_pairs.json	editorial_siglum	ομορρεωμαι	ὁμορ(ρ)έω
combined	lbg_pairs.json	editorial_siglum	ομορρεωμεθα	ὁμορ(ρ)έω
combined	lbg_pairs.json	editorial_siglum	ομορρεωμεν	ὁμορ(ρ)έω
combined	lbg_pairs.json	editorial_siglum	ομορρεων	ὁμορ(ρ)έω
combined	lbg_pairs.json	editorial_siglum	ομορρεωνται	ὁμορ(ρ)έω
combined	lbg_pairs.json	editorial_siglum	ομορρη	ὁμορ(ρ)έω
combined	lbg_pairs.json	editorial_siglum	ομορρης	ὁμορ(ρ)έω
combined	lbg_pairs.json	editorial_siglum	ομορρησθε	ὁμορ(ρ)έω
combined	lbg_pairs.json	editorial_siglum	ομορρησθον	ὁμορ(ρ)έω
combined	lbg_pairs.json	editorial_siglum	ομορρηται	ὁμορ(ρ)έω
combined	lbg_pairs.json	editorial_siglum	ομορρητε	ὁμορ(ρ)έω
combined	lbg_pairs.json	editorial_siglum	ομορρητον	ὁμορ(ρ)έω
combined	lbg_pairs.json	editorial_siglum	ομορροι	ὁμορ(ρ)έω
combined	lbg_pairs.json	editorial_siglum	ομορροιεν	ὁμορ(ρ)έω
combined	lbg_pairs.json	editorial_siglum	ομορροιη	ὁμορ(ρ)έω
combined	lbg_pairs.json	editorial_siglum	ομορροιημεν	ὁμορ(ρ)έω
combined	lbg_pairs.json	editorial_siglum	ομορροιην	ὁμορ(ρ)έω
combined	lbg_pairs.json	editorial_siglum	ομορροιης	ὁμορ(ρ)έω
combined	lbg_pairs.json	editorial_siglum	ομορροιησαν	ὁμορ(ρ)έω
combined	lbg_pairs.json	editorial_siglum	ομορροιητε	ὁμορ(ρ)έω
combined	lbg_pairs.json	editorial_siglum	ομορροιητην	ὁμορ(ρ)έω
combined	lbg_pairs.json	editorial_siglum	ομορροιητον	ὁμορ(ρ)έω
combined	lbg_pairs.json	editorial_siglum	ομορροιμεθα	ὁμορ(ρ)έω
combined	lbg_pairs.json	editorial_siglum	ομορροιμεν	ὁμορ(ρ)έω
combined	lbg_pairs.json	editorial_siglum	ομορροιμην	ὁμορ(ρ)έω
combined	lbg_pairs.json	editorial_siglum	ομορροιμι	ὁμορ(ρ)έω
combined	lbg_pairs.json	editorial_siglum	ομορροιντο	ὁμορ(ρ)έω
combined	lbg_pairs.json	editorial_siglum	ομορροιο	ὁμορ(ρ)έω
combined	lbg_pairs.json	editorial_siglum	ομορροις	ὁμορ(ρ)έω
combined	lbg_pairs.json	editorial_siglum	ομορροισθε	ὁμορ(ρ)έω
combined	lbg_pairs.json	editorial_siglum	ομορροισθην	ὁμορ(ρ)έω
combined	lbg_pairs.json	editorial_siglum	ομορροισθον	ὁμορ(ρ)έω
combined	lbg_pairs.json	editorial_siglum	ομορροιτε	ὁμορ(ρ)έω
combined	lbg_pairs.json	editorial_siglum	ομορροιτην	ὁμορ(ρ)έω
combined	lbg_pairs.json	editorial_siglum	ομορροιτο	ὁμορ(ρ)έω
combined	lbg_pairs.json	editorial_siglum	ομορροιτον	ὁμορ(ρ)έω
combined	lbg_pairs.json	editorial_siglum	ομορρου	ὁμορ(ρ)έω
combined	lbg_pairs.json	editorial_siglum	ομορρουμαι	ὁμορ(ρ)έω
combined	lbg_pairs.json	editorial_siglum	ομορρουμεθα	ὁμορ(ρ)έω
combined	lbg_pairs.json	editorial_siglum	ομορρουμεν	ὁμορ(ρ)έω
combined	lbg_pairs.json	editorial_siglum	ομορρουμενη	ὁμορ(ρ)έω
combined	lbg_pairs.json	editorial_siglum	ομορρουμενον	ὁμορ(ρ)έω
combined	lbg_pairs.json	editorial_siglum	ομορρουμενος	ὁμορ(ρ)έω
combined	lbg_pairs.json	editorial_siglum	ομορρουν	ὁμορ(ρ)έω
combined	lbg_pairs.json	editorial_siglum	ομορρουνται	ὁμορ(ρ)έω
combined	lbg_pairs.json	editorial_siglum	ομορρουντων	ὁμορ(ρ)έω
combined	lbg_pairs.json	editorial_siglum	ομορρουσα	ὁμορ(ρ)έω
combined	lbg_pairs.json	editorial_siglum	ομορρω	ὁμορ(ρ)έω
combined	lbg_pairs.json	editorial_siglum	ομορρωμαι	ὁμορ(ρ)έω
combined	lbg_pairs.json	editorial_siglum	ομορρωμεθα	ὁμορ(ρ)έω
combined	lbg_pairs.json	editorial_siglum	ομορρωμεν	ὁμορ(ρ)έω
combined	lbg_pairs.json	editorial_siglum	ομορρων	ὁμορ(ρ)έω
combined	lbg_pairs.json	editorial_siglum	ομορρωνται	ὁμορ(ρ)έω
combined	lbg_pairs.json	editorial_siglum	υπεκδυε	ὑπεκδύ(ν)ω
combined	lbg_pairs.json	editorial_siglum	υπεκδυει	ὑπεκδύ(ν)ω
combined	lbg_pairs.json	editorial_siglum	υπεκδυειν	ὑπεκδύ(ν)ω
combined	lbg_pairs.json	editorial_siglum	υπεκδυεις	ὑπεκδύ(ν)ω
combined	lbg_pairs.json	editorial_siglum	υπεκδυεσθαι	ὑπεκδύ(ν)ω
combined	lbg_pairs.json	editorial_siglum	υπεκδυεσθε	ὑπεκδύ(ν)ω
combined	lbg_pairs.json	editorial_siglum	υπεκδυεσθον	ὑπεκδύ(ν)ω
combined	lbg_pairs.json	editorial_siglum	υπεκδυεσθω	ὑπεκδύ(ν)ω
combined	lbg_pairs.json	editorial_siglum	υπεκδυεσθων	ὑπεκδύ(ν)ω
combined	lbg_pairs.json	editorial_siglum	υπεκδυεται	ὑπεκδύ(ν)ω
combined	lbg_pairs.json	editorial_siglum	υπεκδυετε	ὑπεκδύ(ν)ω
combined	lbg_pairs.json	editorial_siglum	υπεκδυετον	ὑπεκδύ(ν)ω
combined	lbg_pairs.json	editorial_siglum	υπεκδυετω	ὑπεκδύ(ν)ω
combined	lbg_pairs.json	editorial_siglum	υπεκδυετων	ὑπεκδύ(ν)ω
combined	lbg_pairs.json	editorial_siglum	υπεκδυη	ὑπεκδύ(ν)ω
combined	lbg_pairs.json	editorial_siglum	υπεκδυης	ὑπεκδύ(ν)ω
combined	lbg_pairs.json	editorial_siglum	υπεκδυησθε	ὑπεκδύ(ν)ω
combined	lbg_pairs.json	editorial_siglum	υπεκδυησθον	ὑπεκδύ(ν)ω
combined	lbg_pairs.json	editorial_siglum	υπεκδυηται	ὑπεκδύ(ν)ω
combined	lbg_pairs.json	editorial_siglum	υπεκδυητε	ὑπεκδύ(ν)ω
combined	lbg_pairs.json	editorial_siglum	υπεκδυητον	ὑπεκδύ(ν)ω
combined	lbg_pairs.json	editorial_siglum	υπεκδυνε	ὑπεκδύ(ν)ω
combined	lbg_pairs.json	editorial_siglum	υπεκδυνει	ὑπεκδύ(ν)ω
combined	lbg_pairs.json	editorial_siglum	υπεκδυνειν	ὑπεκδύ(ν)ω
combined	lbg_pairs.json	editorial_siglum	υπεκδυνεις	ὑπεκδύ(ν)ω
combined	lbg_pairs.json	editorial_siglum	υπεκδυνεσθαι	ὑπεκδύ(ν)ω
combined	lbg_pairs.json	editorial_siglum	υπεκδυνεσθε	ὑπεκδύ(ν)ω
combined	lbg_pairs.json	editorial_siglum	υπεκδυνεσθον	ὑπεκδύ(ν)ω
combined	lbg_pairs.json	editorial_siglum	υπεκδυνεσθω	ὑπεκδύ(ν)ω
combined	lbg_pairs.json	editorial_siglum	υπεκδυνεσθων	ὑπεκδύ(ν)ω
combined	lbg_pairs.json	editorial_siglum	υπεκδυνεται	ὑπεκδύ(ν)ω
combined	lbg_pairs.json	editorial_siglum	υπεκδυνετε	ὑπεκδύ(ν)ω
combined	lbg_pairs.json	editorial_siglum	υπεκδυνετον	ὑπεκδύ(ν)ω
combined	lbg_pairs.json	editorial_siglum	υπεκδυνετω	ὑπεκδύ(ν)ω
combined	lbg_pairs.json	editorial_siglum	υπεκδυνετων	ὑπεκδύ(ν)ω
combined	lbg_pairs.json	editorial_siglum	υπεκδυνη	ὑπεκδύ(ν)ω
combined	lbg_pairs.json	editorial_siglum	υπεκδυνης	ὑπεκδύ(ν)ω
combined	lbg_pairs.json	editorial_siglum	υπεκδυνησθε	ὑπεκδύ(ν)ω
combined	lbg_pairs.json	editorial_siglum	υπεκδυνησθον	ὑπεκδύ(ν)ω
combined	lbg_pairs.json	editorial_siglum	υπεκδυνηται	ὑπεκδύ(ν)ω
combined	lbg_pairs.json	editorial_siglum	υπεκδυνητε	ὑπεκδύ(ν)ω
combined	lbg_pairs.json	editorial_siglum	υπεκδυνητον	ὑπεκδύ(ν)ω
combined	lbg_pairs.json	editorial_siglum	υπεκδυνοι	ὑπεκδύ(ν)ω
combined	lbg_pairs.json	editorial_siglum	υπεκδυνοιεν	ὑπεκδύ(ν)ω
combined	lbg_pairs.json	editorial_siglum	υπεκδυνοιμεθα	ὑπεκδύ(ν)ω
combined	lbg_pairs.json	editorial_siglum	υπεκδυνοιμεν	ὑπεκδύ(ν)ω
combined	lbg_pairs.json	editorial_siglum	υπεκδυνοιμην	ὑπεκδύ(ν)ω
combined	lbg_pairs.json	editorial_siglum	υπεκδυνοιμι	ὑπεκδύ(ν)ω
combined	lbg_pairs.json	editorial_siglum	υπεκδυνοιντο	ὑπεκδύ(ν)ω
combined	lbg_pairs.json	editorial_siglum	υπεκδυνοιο	ὑπεκδύ(ν)ω
combined	lbg_pairs.json	editorial_siglum	υπεκδυνοις	ὑπεκδύ(ν)ω
combined	lbg_pairs.json	editorial_siglum	υπεκδυνοισθε	ὑπεκδύ(ν)ω
combined	lbg_pairs.json	editorial_siglum	υπεκδυνοισθην	ὑπεκδύ(ν)ω
combined	lbg_pairs.json	editorial_siglum	υπεκδυνοισθον	ὑπεκδύ(ν)ω
combined	lbg_pairs.json	editorial_siglum	υπεκδυνοιτε	ὑπεκδύ(ν)ω
combined	lbg_pairs.json	editorial_siglum	υπεκδυνοιτην	ὑπεκδύ(ν)ω
combined	lbg_pairs.json	editorial_siglum	υπεκδυνοιτο	ὑπεκδύ(ν)ω
combined	lbg_pairs.json	editorial_siglum	υπεκδυνοιτον	ὑπεκδύ(ν)ω
combined	lbg_pairs.json	editorial_siglum	υπεκδυνομαι	ὑπεκδύ(ν)ω
combined	lbg_pairs.json	editorial_siglum	υπεκδυνομεθα	ὑπεκδύ(ν)ω
combined	lbg_pairs.json	editorial_siglum	υπεκδυνομεν	ὑπεκδύ(ν)ω
combined	lbg_pairs.json	editorial_siglum	υπεκδυνομενη	ὑπεκδύ(ν)ω
combined	lbg_pairs.json	editorial_siglum	υπεκδυνομενον	ὑπεκδύ(ν)ω
combined	lbg_pairs.json	editorial_siglum	υπεκδυνομενος	ὑπεκδύ(ν)ω
combined	lbg_pairs.json	editorial_siglum	υπεκδυνον	ὑπεκδύ(ν)ω
combined	lbg_pairs.json	editorial_siglum	υπεκδυνονται	ὑπεκδύ(ν)ω
combined	lbg_pairs.json	editorial_siglum	υπεκδυνοντων	ὑπεκδύ(ν)ω
combined	lbg_pairs.json	editorial_siglum	υπεκδυνου	ὑπεκδύ(ν)ω
combined	lbg_pairs.json	editorial_siglum	υπεκδυνουσα	ὑπεκδύ(ν)ω
combined	lbg_pairs.json	editorial_siglum	υπεκδυνω	ὑπεκδύ(ν)ω
combined	lbg_pairs.json	editorial_siglum	υπεκδυνωμαι	ὑπεκδύ(ν)ω
combined	lbg_pairs.json	editorial_siglum	υπεκδυνωμεθα	ὑπεκδύ(ν)ω
combined	lbg_pairs.json	editorial_siglum	υπεκδυνωμεν	ὑπεκδύ(ν)ω
combined	lbg_pairs.json	editorial_siglum	υπεκδυνων	ὑπεκδύ(ν)ω
combined	lbg_pairs.json	editorial_siglum	υπεκδυνωνται	ὑπεκδύ(ν)ω
combined	lbg_pairs.json	editorial_siglum	υπεκδυοι	ὑπεκδύ(ν)ω
combined	lbg_pairs.json	editorial_siglum	υπεκδυοιεν	ὑπεκδύ(ν)ω
combined	lbg_pairs.json	editorial_siglum	υπεκδυοιμεθα	ὑπεκδύ(ν)ω
combined	lbg_pairs.json	editorial_siglum	υπεκδυοιμεν	ὑπεκδύ(ν)ω
combined	lbg_pairs.json	editorial_siglum	υπεκδυοιμην	ὑπεκδύ(ν)ω
combined	lbg_pairs.json	editorial_siglum	υπεκδυοιμι	ὑπεκδύ(ν)ω
combined	lbg_pairs.json	editorial_siglum	υπεκδυοιντο	ὑπεκδύ(ν)ω
combined	lbg_pairs.json	editorial_siglum	υπεκδυοιο	ὑπεκδύ(ν)ω
combined	lbg_pairs.json	editorial_siglum	υπεκδυοις	ὑπεκδύ(ν)ω
combined	lbg_pairs.json	editorial_siglum	υπεκδυοισθε	ὑπεκδύ(ν)ω
combined	lbg_pairs.json	editorial_siglum	υπεκδυοισθην	ὑπεκδύ(ν)ω
combined	lbg_pairs.json	editorial_siglum	υπεκδυοισθον	ὑπεκδύ(ν)ω
combined	lbg_pairs.json	editorial_siglum	υπεκδυοιτε	ὑπεκδύ(ν)ω
combined	lbg_pairs.json	editorial_siglum	υπεκδυοιτην	ὑπεκδύ(ν)ω
combined	lbg_pairs.json	editorial_siglum	υπεκδυοιτο	ὑπεκδύ(ν)ω
combined	lbg_pairs.json	editorial_siglum	υπεκδυοιτον	ὑπεκδύ(ν)ω
combined	lbg_pairs.json	editorial_siglum	υπεκδυομαι	ὑπεκδύ(ν)ω
combined	lbg_pairs.json	editorial_siglum	υπεκδυομεθα	ὑπεκδύ(ν)ω
combined	lbg_pairs.json	editorial_siglum	υπεκδυομεν	ὑπεκδύ(ν)ω
combined	lbg_pairs.json	editorial_siglum	υπεκδυομενη	ὑπεκδύ(ν)ω
combined	lbg_pairs.json	editorial_siglum	υπεκδυομενον	ὑπεκδύ(ν)ω
combined	lbg_pairs.json	editorial_siglum	υπεκδυομενος	ὑπεκδύ(ν)ω
combined	lbg_pairs.json	editorial_siglum	υπεκδυον	ὑπεκδύ(ν)ω
combined	lbg_pairs.json	editorial_siglum	υπεκδυονται	ὑπεκδύ(ν)ω
combined	lbg_pairs.json	editorial_siglum	υπεκδυοντων	ὑπεκδύ(ν)ω
combined	lbg_pairs.json	editorial_siglum	υπεκδυου	ὑπεκδύ(ν)ω
combined	lbg_pairs.json	editorial_siglum	υπεκδυουσα	ὑπεκδύ(ν)ω
combined	lbg_pairs.json	editorial_siglum	υπεκδυω	ὑπεκδύ(ν)ω
combined	lbg_pairs.json	editorial_siglum	υπεκδυωμαι	ὑπεκδύ(ν)ω
combined	lbg_pairs.json	editorial_siglum	υπεκδυωμεθα	ὑπεκδύ(ν)ω
combined	lbg_pairs.json	editorial_siglum	υπεκδυωμεν	ὑπεκδύ(ν)ω
combined	lbg_pairs.json	editorial_siglum	υπεκδυων	ὑπεκδύ(ν)ω
combined	lbg_pairs.json	editorial_siglum	υπεκδυωνται	ὑπεκδύ(ν)ω
combined	lbg_pairs.json	editorial_siglum	υψιβαθε	ὑψίβαθ(μ)ος
combined	lbg_pairs.json	editorial_siglum	υψιβαθμε	ὑψίβαθ(μ)ος
combined	lbg_pairs.json	editorial_siglum	υψιβαθμοι	ὑψίβαθ(μ)ος
combined	lbg_pairs.json	editorial_siglum	υψιβαθμοιν	ὑψίβαθ(μ)ος
combined	lbg_pairs.json	editorial_siglum	υψιβαθμοις	ὑψίβαθ(μ)ος
combined	lbg_pairs.json	editorial_siglum	υψιβαθμον	ὑψίβαθ(μ)ος
combined	lbg_pairs.json	editorial_siglum	υψιβαθμος	ὑψίβαθ(μ)ος
combined	lbg_pairs.json	editorial_siglum	υψιβαθμου	ὑψίβαθ(μ)ος
combined	lbg_pairs.json	editorial_siglum	υψιβαθμους	ὑψίβαθ(μ)ος
combined	lbg_pairs.json	editorial_siglum	υψιβαθμω	ὑψίβαθ(μ)ος
combined	lbg_pairs.json	editorial_siglum	υψιβαθμων	ὑψίβαθ(μ)ος
combined	lbg_pairs.json	editorial_siglum	υψιβαθοι	ὑψίβαθ(μ)ος
combined	lbg_pairs.json	editorial_siglum	υψιβαθοιν	ὑψίβαθ(μ)ος
combined	lbg_pairs.json	editorial_siglum	υψιβαθοις	ὑψίβαθ(μ)ος
combined	lbg_pairs.json	editorial_siglum	υψιβαθον	ὑψίβαθ(μ)ος
combined	lbg_pairs.json	editorial_siglum	υψιβαθος	ὑψίβαθ(μ)ος
combined	lbg_pairs.json	editorial_siglum	υψιβαθου	ὑψίβαθ(μ)ος
combined	lbg_pairs.json	editorial_siglum	υψιβαθους	ὑψίβαθ(μ)ος
combined	lbg_pairs.json	editorial_siglum	υψιβαθω	ὑψίβαθ(μ)ος
combined	lbg_pairs.json	editorial_siglum	υψιβαθων	ὑψίβαθ(μ)ος
combined	lbg_pairs.json	editorial_siglum	ωμησια	ὠμήσ(τ)ιον
combined	lbg_pairs.json	editorial_siglum	ωμησιοιν	ὠμήσ(τ)ιον
combined	lbg_pairs.json	editorial_siglum	ωμησιοις	ὠμήσ(τ)ιον
combined	lbg_pairs.json	editorial_siglum	ωμησιον	ὠμήσ(τ)ιον
combined	lbg_pairs.json	editorial_siglum	ωμησιου	ὠμήσ(τ)ιον
combined	lbg_pairs.json	editorial_siglum	ωμησιω	ὠμήσ(τ)ιον
combined	lbg_pairs.json	editorial_siglum	ωμησιων	ὠμήσ(τ)ιον
combined	lbg_pairs.json	editorial_siglum	ωμηστια	ὠμήσ(τ)ιον
combined	lbg_pairs.json	editorial_siglum	ωμηστιοιν	ὠμήσ(τ)ιον
combined	lbg_pairs.json	editorial_siglum	ωμηστιοις	ὠμήσ(τ)ιον
combined	lbg_pairs.json	editorial_siglum	ωμηστιον	ὠμήσ(τ)ιον
combined	lbg_pairs.json	editorial_siglum	ωμηστιου	ὠμήσ(τ)ιον
combined	lbg_pairs.json	editorial_siglum	ωμηστιω	ὠμήσ(τ)ιον
combined	lbg_pairs.json	editorial_siglum	ωμηστιων	ὠμήσ(τ)ιον
combined	lbg_pairs.json	untrusted_grave	χορος αφροδισιε	χορὸς ἀφροδίσιος
combined	lbg_pairs.json	untrusted_grave	χορος αφροδισιοι	χορὸς ἀφροδίσιος
combined	lbg_pairs.json	untrusted_grave	χορος αφροδισιοιν	χορὸς ἀφροδίσιος
combined	lbg_pairs.json	untrusted_grave	χορος αφροδισιοις	χορὸς ἀφροδίσιος
combined	lbg_pairs.json	untrusted_grave	χορος αφροδισιον	χορὸς ἀφροδίσιος
combined	lbg_pairs.json	untrusted_grave	χορος αφροδισιος	χορὸς ἀφροδίσιος
combined	lbg_pairs.json	untrusted_grave	χορος αφροδισιου	χορὸς ἀφροδίσιος
combined	lbg_pairs.json	untrusted_grave	χορος αφροδισιους	χορὸς ἀφροδίσιος
combined	lbg_pairs.json	untrusted_grave	χορος αφροδισιω	χορὸς ἀφροδίσιος
combined	lbg_pairs.json	untrusted_grave	χορος αφροδισιων	χορὸς ἀφροδίσιος
AG	lsj10_headwords.json	duplicate_tonal_marks	πενθερά́ς	πενθερά́ς
AG	nt_pairs.json	editorial_siglum	αὐτόν,)	αὐτός
AG	nt_pairs.json	editorial_siglum	αὐτὸν]]	αὐτός
AG	nt_pairs.json	editorial_siglum	γεγονός.]]	γίνομαι
AG	nt_pairs.json	editorial_siglum	Διδάσκαλε).	διδάσκαλος
AG	nt_pairs.json	editorial_siglum	Διδάσκαλε,)	διδάσκαλος
AG	nt_pairs.json	editorial_siglum	(εἰ	εἰ
AG	nt_pairs.json	editorial_siglum	Θεοῦ).	θεός
AG	nt_pairs.json	editorial_siglum	(Καὶ	καί
AG	nt_pairs.json	editorial_siglum	[[καὶ	καί
AG	nt_pairs.json	editorial_siglum	νοσήματι).	νόσημα
AG	nt_pairs.json	editorial_siglum	ξηρῶν(,	ξηρός
AG	nt_pairs.json	editorial_siglum	οὐρανόν]].	οὐρανός
AG	nt_pairs.json	editorial_siglum	Πέτρος).	πέτρος
AG	nt_pairs.json	editorial_siglum	(περὶ	περί
AG	nt_pairs.json	editorial_siglum	πόδας.]]	πούς
AG	nt_pairs.json	editorial_siglum	[[προσκυνήσαντες	προσκυνέω
AG	nt_pairs.json	editorial_siglum	[[Πάντα	πᾶς
AG	nt_pairs.json	editorial_siglum	σημείων.]]	σημεῖον
AG	nt_pairs.json	editorial_siglum	σωτηρίας.]]	σωτηρία
AG	nt_pairs.json	editorial_siglum	σε,)	σύ
AG	nt_pairs.json	editorial_siglum	ὑμῖν]].	σύ
AG	nt_pairs.json	editorial_siglum	(Υἱοῦ	υἱός
AG	nt_pairs.json	editorial_siglum	Χριστός).	χριστός
AG	nt_pairs.json	editorial_siglum	[[Ἀναστὰς	ἀνίστημι
AG	nt_pairs.json	editorial_siglum	Ἀπεσταλμένος).	ἀποστέλλω
AG	nt_pairs.json	editorial_siglum	ἁμάρτανε.)	ἁμαρτάνω
AG	nt_pairs.json	editorial_siglum	[ἐν	ἐν
AG	nt_pairs.json	editorial_siglum	ἐπιμελήσεται;)	ἐπιμελέομαι
AG	nt_pairs.json	editorial_siglum	Ἐφέσῳ]	Ἔφεσος
AG	nt_pairs.json	editorial_siglum	[[Ὁ	ὁ
AG	nt_pairs.json	editorial_siglum	(ὃ	ὅς
AG	nt_pairs.json	editorial_siglum	(ὅ	ὅς
AG	nt_pairs.json	editorial_siglum	(ὅς	ὅς
EL	nt_pairs.json	editorial_siglum	αὐτόν,)	αὐτός
EL	nt_pairs.json	editorial_siglum	αὐτὸν]]	αὐτός
EL	nt_pairs.json	editorial_siglum	γεγονός.]]	γίνομαι
EL	nt_pairs.json	editorial_siglum	Διδάσκαλε).	διδάσκαλος
EL	nt_pairs.json	editorial_siglum	Διδάσκαλε,)	διδάσκαλος
EL	nt_pairs.json	editorial_siglum	(εἰ	εἰ
EL	nt_pairs.json	editorial_siglum	Θεοῦ).	θεός
EL	nt_pairs.json	editorial_siglum	(Καὶ	καί
EL	nt_pairs.json	editorial_siglum	[[καὶ	καί
EL	nt_pairs.json	editorial_siglum	νοσήματι).	νόσημα
EL	nt_pairs.json	editorial_siglum	ξηρῶν(,	ξηρός
EL	nt_pairs.json	editorial_siglum	οὐρανόν]].	οὐρανός
EL	nt_pairs.json	editorial_siglum	Πέτρος).	πέτρος
EL	nt_pairs.json	editorial_siglum	(περὶ	περί
EL	nt_pairs.json	editorial_siglum	πόδας.]]	πούς
EL	nt_pairs.json	editorial_siglum	[[προσκυνήσαντες	προσκυνέω
EL	nt_pairs.json	editorial_siglum	[[Πάντα	πᾶς
EL	nt_pairs.json	editorial_siglum	σημείων.]]	σημεῖον
EL	nt_pairs.json	editorial_siglum	σωτηρίας.]]	σωτηρία
EL	nt_pairs.json	editorial_siglum	σε,)	σύ
EL	nt_pairs.json	editorial_siglum	ὑμῖν]].	σύ
EL	nt_pairs.json	editorial_siglum	(Υἱοῦ	υἱός
EL	nt_pairs.json	editorial_siglum	Χριστός).	χριστός
EL	nt_pairs.json	editorial_siglum	[[Ἀναστὰς	ἀνίστημι
EL	nt_pairs.json	editorial_siglum	Ἀπεσταλμένος).	ἀποστέλλω
EL	nt_pairs.json	editorial_siglum	ἁμάρτανε.)	ἁμαρτάνω
EL	nt_pairs.json	editorial_siglum	[ἐν	ἐν
EL	nt_pairs.json	editorial_siglum	ἐπιμελήσεται;)	ἐπιμελέομαι
EL	nt_pairs.json	editorial_siglum	Ἐφέσῳ]	Ἔφεσος
EL	nt_pairs.json	editorial_siglum	[[Ὁ	ὁ
EL	nt_pairs.json	editorial_siglum	(ὃ	ὅς
EL	nt_pairs.json	editorial_siglum	(ὅ	ὅς
EL	nt_pairs.json	editorial_siglum	(ὅς	ὅς
AG	pedalion_pairs.json	editorial_siglum	(	(
AG	pedalion_pairs.json	editorial_siglum	)	)
EL	pedalion_pairs.json	editorial_siglum	(	(
EL	pedalion_pairs.json	editorial_siglum	)	)
AG	perseus_pairs.json	corpus_word_tail_of_βαρύνοντ	νοντ᾽	βαρύνω
combined	perseus_pairs.json	corpus_word_tail_of_βαρύνοντ	νοντ᾽	βαρύνω
AG	perseus_pairs.json	corpus_word_tail_of_γαμήλευμ	λευμ᾽	γαμήλευμα
combined	perseus_pairs.json	corpus_word_tail_of_γαμήλευμ	λευμ᾽	γαμήλευμα
AG	perseus_pairs.json	corpus_word_tail_of_πυκάεντ	εντ᾽	πευκήεις
combined	perseus_pairs.json	corpus_word_tail_of_πυκάεντ	εντ᾽	πευκήεις
AG	perseus_pairs.json	corpus_word_tail_of_ἠργάσασθ	γάσασθ᾽	ἐργάζομαι
combined	perseus_pairs.json	corpus_word_tail_of_ἠργάσασθ	γάσασθ᾽	ἐργάζομαι
AG	perseus_pairs.json	duplicate_tonal_marks	Πρώνακτος	Πρώ͂ναξ
AG	perseus_pairs.json	editorial_siglum	[Αἴαντος	Αἴας
AG	perseus_pairs.json	editorial_siglum	Καρχηδονίων]	Καρχηδόνιος
AG	perseus_pairs.json	editorial_siglum	[Περσὶς	Περσίς
AG	perseus_pairs.json	editorial_siglum	[Τηλέγονον	Τηλέγονος
AG	perseus_pairs.json	editorial_siglum	[αἰγιόχου	αἰγίοχος
AG	perseus_pairs.json	editorial_siglum	[αἰγίδα	αἰγίς
AG	perseus_pairs.json	editorial_siglum	[αἶψα	αἶψα
AG	perseus_pairs.json	editorial_siglum	α[ἶψα	αἶψα
AG	perseus_pairs.json	editorial_siglum	αὐδὰν]	αὐδή
AG	perseus_pairs.json	editorial_siglum	[αὐτοσφαγῆ	αὐτοσφαγής
AG	perseus_pairs.json	editorial_siglum	[βίον]	βίος
AG	perseus_pairs.json	editorial_siglum	[βλαστοῦσι]	βλαστάνω
AG	perseus_pairs.json	editorial_siglum	[βρύει]	βρύω
AG	perseus_pairs.json	editorial_siglum	[γὰρ]	γάρ
AG	perseus_pairs.json	editorial_siglum	[γένη]	γένος
AG	perseus_pairs.json	editorial_siglum	[δέ	δέ
AG	perseus_pairs.json	editorial_siglum	[δὲ]	δέ
AG	perseus_pairs.json	editorial_siglum	δεσμὸ]ν	δεσμός
AG	perseus_pairs.json	editorial_siglum	[δείματα]	δεῖμα
AG	perseus_pairs.json	editorial_siglum	[δονεῖ]	δονέω
AG	perseus_pairs.json	editorial_siglum	δύσβατος]	δύσβατος
AG	perseus_pairs.json	editorial_siglum	[ἦν]	εἰμί
AG	perseus_pairs.json	editorial_siglum	[εἰς	εἰς
AG	perseus_pairs.json	editorial_siglum	[εὐρύοπα	εὐρύοπα
AG	perseus_pairs.json	editorial_siglum	εὐώδε[σιν	εὐώδης
AG	perseus_pairs.json	editorial_siglum	θέει[ν	θέω
AG	perseus_pairs.json	editorial_siglum	[θεῶν	θεός
AG	perseus_pairs.json	editorial_siglum	θεοῦ]	θεός
AG	perseus_pairs.json	editorial_siglum	[θρεομένη	θρέομαι
AG	perseus_pairs.json	editorial_siglum	[καὶ	καί
AG	perseus_pairs.json	editorial_siglum	[καὶ]	καί
AG	perseus_pairs.json	editorial_siglum	καὶ]	καί
AG	perseus_pairs.json	editorial_siglum	[κακὰ]	κακός
AG	perseus_pairs.json	editorial_siglum	κακόν]	κακός
AG	perseus_pairs.json	editorial_siglum	κα]ρπὸν	καρπός
AG	perseus_pairs.json	editorial_siglum	κελ[αινεφέϊ	κελαινεφής
AG	perseus_pairs.json	editorial_siglum	κινητήρια]	κινητήριος
AG	perseus_pairs.json	editorial_siglum	κρυπτά]	κρυπτός
AG	perseus_pairs.json	editorial_siglum	μ[ὴ	μ[ὴ
AG	perseus_pairs.json	editorial_siglum	μέλη]	μέλη
AG	perseus_pairs.json	editorial_siglum	μέρ[ος	μέρος
AG	perseus_pairs.json	editorial_siglum	[μέχρις	μέχρι
AG	perseus_pairs.json	editorial_siglum	μεν]έαινε	μενεαίνω
AG	perseus_pairs.json	editorial_siglum	ν]εάτοις	νέατος
AG	perseus_pairs.json	editorial_siglum	[ναύστολον]	ναύστολος
AG	perseus_pairs.json	editorial_siglum	[νεῦσε	νεύω
AG	perseus_pairs.json	editorial_siglum	[νικηθεὶς	νικάω
AG	perseus_pairs.json	editorial_siglum	νῆσον]	νῆσος
AG	perseus_pairs.json	editorial_siglum	[οἰκτρὸν]	οἰκτρός
AG	perseus_pairs.json	editorial_siglum	[ὀίω]	οἴομαι
AG	perseus_pairs.json	editorial_siglum	[οὐ]	οὐ
AG	perseus_pairs.json	editorial_siglum	[οὖν]	οὖν
AG	perseus_pairs.json	editorial_siglum	παλάμαις]	παλάμη
AG	perseus_pairs.json	editorial_siglum	π[αρὰ	παρά
AG	perseus_pairs.json	editorial_siglum	[παράδειγμα]	παράδειγμα
AG	perseus_pairs.json	editorial_siglum	[πατρὸς	πατήρ
AG	perseus_pairs.json	editorial_siglum	πα[τὴρ	πατήρ
AG	perseus_pairs.json	editorial_siglum	παυομ[ένη	παύω
AG	perseus_pairs.json	editorial_siglum	π]εριτελλομένοιο	περιτέλλομαι
AG	perseus_pairs.json	editorial_siglum	[πλαγὰν]	πληγή
AG	perseus_pairs.json	editorial_siglum	[πολλοί	πολύς
AG	perseus_pairs.json	editorial_siglum	[πολλὰ	πολύς
AG	perseus_pairs.json	editorial_siglum	[πόδα]	πούς
AG	perseus_pairs.json	editorial_siglum	[πρὸς	πρός
AG	perseus_pairs.json	editorial_siglum	[πρόσθε	πρόσθεν
AG	perseus_pairs.json	editorial_siglum	[πτόλιν]	πόλις
AG	perseus_pairs.json	editorial_siglum	[πόλιν]	πόλις
AG	perseus_pairs.json	editorial_siglum	[πάντα	πᾶς
AG	perseus_pairs.json	editorial_siglum	[πώλοις	πῶλος
AG	perseus_pairs.json	editorial_siglum	[στρουθῶν]	στρουθός
AG	perseus_pairs.json	editorial_siglum	[τ̓]	σύ
AG	perseus_pairs.json	editorial_siglum	σ[ύ	σύ
AG	perseus_pairs.json	editorial_siglum	σὲ]	σύ
AG	perseus_pairs.json	editorial_siglum	τετιμ[ένη	τίω
AG	perseus_pairs.json	editorial_siglum	[ταυροκτονοῦντας	ταυροκτονέω
AG	perseus_pairs.json	editorial_siglum	[τε]	τε
AG	perseus_pairs.json	editorial_siglum	τελέ]εσθαι	τελέω
AG	perseus_pairs.json	editorial_siglum	[τεῦξε	τεύχω
AG	perseus_pairs.json	editorial_siglum	φίλα]	φίλος
AG	perseus_pairs.json	editorial_siglum	φωνὴν]	φωνή
AG	perseus_pairs.json	editorial_siglum	[χθονὶ	χθών
AG	perseus_pairs.json	editorial_siglum	[χρόνος	χρόνος
AG	perseus_pairs.json	editorial_siglum	ἀ[ζηχὲς	ἀζηχής
AG	perseus_pairs.json	editorial_siglum	[ἀθανάτων	ἀθάνατος
AG	perseus_pairs.json	editorial_siglum	ἀθανά]τοισιν	ἀθάνατος
AG	perseus_pairs.json	editorial_siglum	ἀθανάτοι]σιν	ἀθάνατος
AG	perseus_pairs.json	editorial_siglum	[ἀλγεινὰ	ἀλγεινός
AG	perseus_pairs.json	editorial_siglum	[ἀστέρας	ἀστήρ
AG	perseus_pairs.json	editorial_siglum	[ἀφρογενέα	ἀφρογενής
AG	perseus_pairs.json	editorial_siglum	[ἄγετε]	ἄγε
AG	perseus_pairs.json	editorial_siglum	ἄ]λλο	ἄλλος
AG	perseus_pairs.json	editorial_siglum	ἄλλοις]	ἄλλος
AG	perseus_pairs.json	editorial_siglum	[ἄρχων]	ἄρχων
AG	perseus_pairs.json	editorial_siglum	[Ἄρτεμι	Ἄρτεμις
AG	perseus_pairs.json	editorial_siglum	εἰαρινο[ῖσι	ἐαρινός
AG	perseus_pairs.json	editorial_siglum	[ἐν]	ἐν
AG	perseus_pairs.json	editorial_siglum	[ἐννέπω]	ἐνέπω
AG	perseus_pairs.json	editorial_siglum	ἐξολωλότος]	ἐξόλλυμι
AG	perseus_pairs.json	editorial_siglum	ἐπεύχομαι]	ἐπεύχομαι
AG	perseus_pairs.json	editorial_siglum	ἑτέρ[ωθεν	ἑτέρωθεν
AG	perseus_pairs.json	editorial_siglum	[ἐλθέτω]	ἔρχομαι
AG	perseus_pairs.json	editorial_siglum	[ἕκτος	ἕκτος
AG	perseus_pairs.json	editorial_siglum	ἠ]ερόεντα	ἠερόεις
AG	perseus_pairs.json	editorial_siglum	[ἢ	ἤ
AG	perseus_pairs.json	editorial_siglum	[ἴυζε	ἰύζω
AG	perseus_pairs.json	editorial_siglum	[ἰὼ]	ἰώ
AG	perseus_pairs.json	editorial_siglum	[ἰφθίμου	ἴφθιμος
AG	perseus_pairs.json	editorial_siglum	[οἵ	ὁ
AG	perseus_pairs.json	editorial_siglum	[τὰς	ὁ
AG	perseus_pairs.json	editorial_siglum	[τὴν	ὁ
AG	perseus_pairs.json	editorial_siglum	[τὸ	ὁ
AG	perseus_pairs.json	editorial_siglum	[τῆς	ὁ
AG	perseus_pairs.json	editorial_siglum	[ἡ]	ὁ
AG	perseus_pairs.json	editorial_siglum	[ὁ	ὁ
AG	perseus_pairs.json	editorial_siglum	[ὁ]	ὁ
AG	perseus_pairs.json	editorial_siglum	τῶν]	ὁ
AG	perseus_pairs.json	editorial_siglum	[ὀλόμεναι	ὄλλυμι
AG	perseus_pairs.json	editorial_siglum	ὄχον]	ὄχος
AG	perseus_pairs.json	editorial_siglum	[τούσδε]	ὅδε
AG	perseus_pairs.json	editorial_siglum	[ὅς]	ὅς
AG	perseus_pairs.json	editorial_siglum	οἳ]	ὅς
AG	perseus_pairs.json	editorial_siglum	[ὑπομιμνήσκεις]	ὑπομιμνήσκω
AG	perseus_pairs.json	editorial_siglum	ὑπ[ὸ	ὑπό
AG	perseus_pairs.json	editorial_siglum	[ὡς]	ὡς
AG	perseus_pairs.json	final_elision_mark	β᾽	β᾽
AG	perseus_pairs.json	final_elision_mark	ζ᾽	ζ᾽
AG	perseus_pairs.json	final_elision_mark	ν᾽	ν᾽
AG	perseus_pairs.json	final_elision_mark	φ᾽	φ᾽
AG	perseus_pairs.json	nonlexical_numeral	ιβ᾽	ιβ᾽
AG	perseus_pairs.json	nonlexical_numeral	κγ᾽	κγ᾽
AG	perseus_pairs.json	nonlexical_numeral	νβ᾽	νβ᾽
AG	perseus_pairs.json	orphaned_tonal_mark	ἐσίδεσθ᾽	εἰσορ́αω
AG	perseus_pairs.json	orphaned_tonal_mark	Ἀφροδιτης	Ἀφροδ́ιτη
AG	vlg_headwords.json	editorial_siglum	(Ϝ)ίκατι	(Ϝ)ίκατι
AG	vlg_headwords.json	editorial_siglum	(Ϝ)ίλσις	(Ϝ)ίλσις
AG	vlg_headwords.json	editorial_siglum	(Ϝ)ιν	(Ϝ)ιν
AG	vlg_headwords.json	editorial_siglum	(Ϝ)ορθασία	(Ϝ)ορθασία
AG	vlg_headwords.json	editorial_siglum	-θε(ν)	-θε(ν)
AG	vlg_headwords.json	editorial_siglum	Αἰάντε(ι)ος	Αἰάντε(ι)ος
AG	vlg_headwords.json	editorial_siglum	Αἰσώπ(ε)ιος	Αἰσώπ(ε)ιος
AG	vlg_headwords.json	editorial_siglum	Βάρδυλ(λ)ις	Βάρδυλ(λ)ις
AG	vlg_headwords.json	editorial_siglum	Βήρωσ(σ)σος	Βήρωσ(σ)σος
AG	vlg_headwords.json	editorial_siglum	Βαθάνα(τ)τος	Βαθάνα(τ)τος
AG	vlg_headwords.json	editorial_siglum	Βαρβαλισ(σ)ός	Βαρβαλισ(σ)ός
AG	vlg_headwords.json	editorial_siglum	Βεργίλ(λ)ιος	Βεργίλ(λ)ιος
AG	vlg_headwords.json	editorial_siglum	Βλέμ(μ)υες	Βλέμ(μ)υες
AG	vlg_headwords.json	editorial_siglum	Βριλησ(σ)όν	Βριλησ(σ)όν
AG	vlg_headwords.json	editorial_siglum	Βριτόμα(ρ)τος	Βριτόμα(ρ)τος
AG	vlg_headwords.json	editorial_siglum	Γάγα(ς)	Γάγα(ς)
AG	vlg_headwords.json	editorial_siglum	Γιλγά(μ)μαι	Γιλγά(μ)μαι
AG	vlg_headwords.json	editorial_siglum	Δέρκυλ(λ)ος	Δέρκυλ(λ)ος
AG	vlg_headwords.json	editorial_siglum	Δίυλ(λ)ος	Δίυλ(λ)ος
AG	vlg_headwords.json	editorial_siglum	Δασκύλ(ε)ιον	Δασκύλ(ε)ιον
AG	vlg_headwords.json	editorial_siglum	Δερκυλ(λ)ίδας	Δερκυλ(λ)ίδας
AG	vlg_headwords.json	editorial_siglum	Δικαιαρχ(ε)ίτης	Δικαιαρχ(ε)ίτης
AG	vlg_headwords.json	editorial_siglum	Διομε(ι)εύς	Διομε(ι)εύς
AG	vlg_headwords.json	editorial_siglum	Διπόλ(ε)ια	Διπόλ(ε)ια
AG	vlg_headwords.json	editorial_siglum	Δρυμοῦσ(σ)α	Δρυμοῦσ(σ)α
AG	vlg_headwords.json	editorial_siglum	Δρῖλ(λ)αι	Δρῖλ(λ)αι
AG	vlg_headwords.json	editorial_siglum	Εὐβοίηθε(ν)	Εὐβοίηθε(ν)
AG	vlg_headwords.json	editorial_siglum	Εὐν(ε)ίκη	Εὐν(ε)ίκη
AG	vlg_headwords.json	editorial_siglum	Εὔξε(ι)νος	Εὔξε(ι)νος
AG	vlg_headwords.json	editorial_siglum	Θήβηθε(ν)	Θήβηθε(ν)
AG	vlg_headwords.json	editorial_siglum	Θήβῃσι(ν)	Θήβῃσι(ν)
AG	vlg_headwords.json	editorial_siglum	Θε(ι)αντίς	Θε(ι)αντίς
AG	vlg_headwords.json	editorial_siglum	Θεσπιᾶσι(ν)	Θεσπιᾶσι(ν)
AG	vlg_headwords.json	editorial_siglum	Κάλλ(ε)ιον	Κάλλ(ε)ιον
AG	vlg_headwords.json	editorial_siglum	Κάσ(σ)ανδρος	Κάσ(σ)ανδρος
AG	vlg_headwords.json	editorial_siglum	Καβησ(σ)ός	Καβησ(σ)ός
AG	vlg_headwords.json	editorial_siglum	Κασ(σ)άνδρα	Κασ(σ)άνδρα
AG	vlg_headwords.json	editorial_siglum	Κεγχρε(ι)αί	Κεγχρε(ι)αί
AG	vlg_headwords.json	editorial_siglum	Κιθαιρών(ε)ιος	Κιθαιρών(ε)ιος
AG	vlg_headwords.json	editorial_siglum	Κιμών(ε)ιος	Κιμών(ε)ιος
AG	vlg_headwords.json	editorial_siglum	Κνωσ(σ)ός	Κνωσ(σ)ός
AG	vlg_headwords.json	editorial_siglum	Κουλ(λ)έων	Κουλ(λ)έων
AG	vlg_headwords.json	editorial_siglum	Κρήτηθε(ν)	Κρήτηθε(ν)
AG	vlg_headwords.json	editorial_siglum	Κριμι(σ)σός	Κριμι(σ)σός
AG	vlg_headwords.json	editorial_siglum	Κυκλωπ(ε)ία	Κυκλωπ(ε)ία
AG	vlg_headwords.json	editorial_siglum	Κυπρόθε(ν)	Κυπρόθε(ν)
AG	vlg_headwords.json	editorial_siglum	Λαγ(ε)ίδας	Λαγ(ε)ίδας
AG	vlg_headwords.json	editorial_siglum	Λαυρε(ι)ωτικός	Λαυρε(ι)ωτικός
AG	vlg_headwords.json	editorial_siglum	Λευ(ε)ΐτης	Λευ(ε)ΐτης
AG	vlg_headwords.json	editorial_siglum	Λευ(ε)ί	Λευ(ε)ί
AG	vlg_headwords.json	editorial_siglum	Λευ(ε)ϊτικός	Λευ(ε)ϊτικός
AG	vlg_headwords.json	editorial_siglum	Λευκονο(ι)εύς	Λευκονο(ι)εύς
AG	vlg_headwords.json	editorial_siglum	Λεωκόρ(ε)ιον	Λεωκόρ(ε)ιον
AG	vlg_headwords.json	editorial_siglum	Λύρκ(ε)ιος	Λύρκ(ε)ιος
AG	vlg_headwords.json	editorial_siglum	Μα(ν)νίλιος	Μα(ν)νίλιος
AG	vlg_headwords.json	editorial_siglum	Μαγνησ(σ)ίς	Μαγνησ(σ)ίς
AG	vlg_headwords.json	editorial_siglum	Μαρων(ε)ίτης	Μαρων(ε)ίτης
AG	vlg_headwords.json	editorial_siglum	Μαύσ(σ)ωλος	Μαύσ(σ)ωλος
AG	vlg_headwords.json	editorial_siglum	Μεμνόν(ε)ιος	Μεμνόν(ε)ιος
AG	vlg_headwords.json	editorial_siglum	Μολύκρ(ε)ιον	Μολύκρ(ε)ιον
AG	vlg_headwords.json	editorial_siglum	Μυ(ν)νίσκος	Μυ(ν)νίσκος
AG	vlg_headwords.json	editorial_siglum	Μυλα(σ)σεύς	Μυλα(σ)σεύς
AG	vlg_headwords.json	editorial_siglum	Οἰδιπόδ(ε)ιος	Οἰδιπόδ(ε)ιος
AG	vlg_headwords.json	editorial_siglum	Παρνάσ(σ)ιος	Παρνάσ(σ)ιος
AG	vlg_headwords.json	editorial_siglum	Παρνασ(σ)ίς	Παρνασ(σ)ίς
AG	vlg_headwords.json	editorial_siglum	Παρνησ(σ)ός	Παρνησ(σ)ός
AG	vlg_headwords.json	editorial_siglum	Περμη(σ)σός	Περμη(σ)σός
AG	vlg_headwords.json	editorial_siglum	Πιθηκοῦσ(σ)αι	Πιθηκοῦσ(σ)αι
AG	vlg_headwords.json	editorial_siglum	Σολομώντ(ε)ιον	Σολομώντ(ε)ιον
AG	vlg_headwords.json	editorial_siglum	Ταμασ(σ)ός	Ταμασ(σ)ός
AG	vlg_headwords.json	editorial_siglum	Τελμησ(σ)ός	Τελμησ(σ)ός
AG	vlg_headwords.json	editorial_siglum	Τευμη(σ)σός	Τευμη(σ)σός
AG	vlg_headwords.json	editorial_siglum	Τι(σ)σαφέρνης	Τι(σ)σαφέρνης
AG	vlg_headwords.json	editorial_siglum	Τολῶσ(σ)α	Τολῶσ(σ)α
AG	vlg_headwords.json	editorial_siglum	Τρικόρυ(ν)θος	Τρικόρυ(ν)θος
AG	vlg_headwords.json	editorial_siglum	Φειδών(ε)ιος	Φειδών(ε)ιος
AG	vlg_headwords.json	editorial_siglum	Φηγα(ι)εύς	Φηγα(ι)εύς
AG	vlg_headwords.json	editorial_siglum	Φρεα(τ)τώ	Φρεα(τ)τώ
AG	vlg_headwords.json	editorial_siglum	Φωκα(ι)ίδιον	Φωκα(ι)ίδιον
AG	vlg_headwords.json	editorial_siglum	Φωκα(ι)εύς	Φωκα(ι)εύς
AG	vlg_headwords.json	editorial_siglum	αἰγίθαλ(λ)ος	αἰγίθαλ(λ)ος
AG	vlg_headwords.json	editorial_siglum	αὐθημερ(ε)ί	αὐθημερ(ε)ί
AG	vlg_headwords.json	editorial_siglum	αὐθωρ(ε)ί	αὐθωρ(ε)ί
AG	vlg_headwords.json	editorial_siglum	αὐτοαγέν(ν)ητος	αὐτοαγέν(ν)ητος
AG	vlg_headwords.json	editorial_siglum	αὐτοματ(ε)ί	αὐτοματ(ε)ί
AG	vlg_headwords.json	editorial_siglum	αὐτονυχ(ηδ)ίς	αὐτονυχ(ηδ)ίς
AG	vlg_headwords.json	editorial_siglum	αὐτόκτι(σ)τος	αὐτόκτι(σ)τος
AG	vlg_headwords.json	editorial_siglum	αὐτόρ(ρ)ιζος	αὐτόρ(ρ)ιζος
AG	vlg_headwords.json	editorial_siglum	αὐτόφι(ν)	αὐτόφι(ν)
AG	vlg_headwords.json	editorial_siglum	βαλ(λ)αντίδιον	βαλ(λ)αντίδιον
AG	vlg_headwords.json	editorial_siglum	βαμβακ(ε)ία	βαμβακ(ε)ία
AG	vlg_headwords.json	editorial_siglum	βερ(ε)νικάριον	βερ(ε)νικάριον
AG	vlg_headwords.json	editorial_siglum	βεστίτωρ (or βεστήτωρ)	βεστίτωρ (or βεστήτωρ)
AG	vlg_headwords.json	editorial_siglum	βετ(ε)ρανός	βετ(ε)ρανός
AG	vlg_headwords.json	editorial_siglum	βλιτομάμ(μ)ας	βλιτομάμ(μ)ας
AG	vlg_headwords.json	editorial_siglum	βο(υ)αγός	βο(υ)αγός
AG	vlg_headwords.json	editorial_siglum	βουβωνι(α)κός	βουβωνι(α)κός
AG	vlg_headwords.json	editorial_siglum	βουκ(κ)ελλάριος	βουκ(κ)ελλάριος
AG	vlg_headwords.json	editorial_siglum	βουκ(κ)ᾶς	βουκ(κ)ᾶς
AG	vlg_headwords.json	editorial_siglum	βουκκελ(λ)άτον	βουκκελ(λ)άτον
AG	vlg_headwords.json	editorial_siglum	βρυαλ(λ)ίκτης	βρυαλ(λ)ίκτης
AG	vlg_headwords.json	editorial_siglum	βόε(ι)ος	βόε(ι)ος
AG	vlg_headwords.json	editorial_siglum	βόνα(σ)σος	βόνα(σ)σος
AG	vlg_headwords.json	editorial_siglum	γ(ε)ιώρας	γ(ε)ιώρας
AG	vlg_headwords.json	editorial_siglum	γά(γ)γραινα	γά(γ)γραινα
AG	vlg_headwords.json	editorial_siglum	γεωφάν(ε)ιον	γεωφάν(ε)ιον
AG	vlg_headwords.json	editorial_siglum	γεῖσ(σ)ον	γεῖσ(σ)ον
AG	vlg_headwords.json	editorial_siglum	γνάφαλ(λ)ον	γνάφαλ(λ)ον
AG	vlg_headwords.json	editorial_siglum	γυναικ(ε)ιάριος	γυναικ(ε)ιάριος
AG	vlg_headwords.json	editorial_siglum	δήπουθε(ν)	δήπουθε(ν)
AG	vlg_headwords.json	editorial_siglum	δί(ρ)ρυτος	δί(ρ)ρυτος
AG	vlg_headwords.json	editorial_siglum	δίν(ν)ημι	δίν(ν)ημι
AG	vlg_headwords.json	editorial_siglum	δαμι(ο)εργ-	δαμι(ο)εργ-
AG	vlg_headwords.json	editorial_siglum	δεκαμν(αι)αῖος	δεκαμν(αι)αῖος
AG	vlg_headwords.json	editorial_siglum	δηθάκι(ς)	δηθάκι(ς)
AG	vlg_headwords.json	editorial_siglum	διάρ(ρ)αντος	διάρ(ρ)αντος
AG	vlg_headwords.json	editorial_siglum	διήρεσ(σ)α	διήρεσ(σ)α
AG	vlg_headwords.json	editorial_siglum	διεμπί(μ)πλημι	διεμπί(μ)πλημι
AG	vlg_headwords.json	editorial_siglum	δικτατορ(ε)ία	δικτατορ(ε)ία
AG	vlg_headwords.json	editorial_siglum	δικτυ(ε)ία	δικτυ(ε)ία
AG	vlg_headwords.json	editorial_siglum	δισσάκι(ς)	δισσάκι(ς)
AG	vlg_headwords.json	editorial_siglum	δρακωνάρι(ο)ς	δρακωνάρι(ο)ς
AG	vlg_headwords.json	editorial_siglum	δυσδιάφ(ε)υκτος	δυσδιάφ(ε)υκτος
AG	vlg_headwords.json	editorial_siglum	δωσέμεν(αι)	δωσέμεν(αι)
AG	vlg_headwords.json	editorial_siglum	δόμεν(αι)	δόμεν(αι)
AG	vlg_headwords.json	editorial_siglum	δῆθε(ν)	δῆθε(ν)
AG	vlg_headwords.json	editorial_siglum	εἰδωλολατρ(ε)ία	εἰδωλολατρ(ε)ία
AG	vlg_headwords.json	editorial_siglum	εἰσι(ν)	εἰσι(ν)
AG	vlg_headwords.json	editorial_siglum	εἰσόκε(ν)	εἰσόκε(ν)
AG	vlg_headwords.json	editorial_siglum	εἴκοσι(ν)	εἴκοσι(ν)
AG	vlg_headwords.json	editorial_siglum	εἶσι(ν)	εἶσι(ν)
AG	vlg_headwords.json	editorial_siglum	εὐέκκαυ(σ)τος	εὐέκκαυ(σ)τος
AG	vlg_headwords.json	editorial_siglum	εὐδιάκοπ(τ)ος	εὐδιάκοπ(τ)ος
AG	vlg_headwords.json	editorial_siglum	εὐεπίγνω(σ)τος	εὐεπίγνω(σ)τος
AG	vlg_headwords.json	editorial_siglum	εὐεπίμ(ε)ικτος	εὐεπίμ(ε)ικτος
AG	vlg_headwords.json	editorial_siglum	εὐμετάγνω(σ)τος	εὐμετάγνω(σ)τος
AG	vlg_headwords.json	editorial_siglum	εὐνα(σ)τήριον	εὐνα(σ)τήριον
AG	vlg_headwords.json	editorial_siglum	εὐνῆφι(ν)	εὐνῆφι(ν)
AG	vlg_headwords.json	editorial_siglum	θέμεν(αι)	θέμεν(αι)
AG	vlg_headwords.json	editorial_siglum	θήλε(ι)α	θήλε(ι)α
AG	vlg_headwords.json	editorial_siglum	θαλίη(κ)τρον	θαλίη(κ)τρον
AG	vlg_headwords.json	editorial_siglum	θεάφι(ο)ν	θεάφι(ο)ν
AG	vlg_headwords.json	editorial_siglum	θεο(ρ)ρήμων	θεο(ρ)ρήμων
AG	vlg_headwords.json	editorial_siglum	θησέμεν(αι)	θησέμεν(αι)
AG	vlg_headwords.json	editorial_siglum	θύρασι(ν)	θύρασι(ν)
AG	vlg_headwords.json	editorial_siglum	κάγκελ(λ)ον	κάγκελ(λ)ον
AG	vlg_headwords.json	editorial_siglum	κάγκελ(λ)ος	κάγκελ(λ)ος
AG	vlg_headwords.json	editorial_siglum	κάλ(λ)αϊς	κάλ(λ)αϊς
AG	vlg_headwords.json	editorial_siglum	κάλημ(μ)ι	κάλημ(μ)ι
AG	vlg_headwords.json	editorial_siglum	κάν(ν)αβος	κάν(ν)αβος
AG	vlg_headwords.json	editorial_siglum	κάν(ν)αθρον	κάν(ν)αθρον
AG	vlg_headwords.json	editorial_siglum	κάρτα(λ)λος	κάρτα(λ)λος
AG	vlg_headwords.json	editorial_siglum	κέκλει(σ)μαι	κέκλει(σ)μαι
AG	vlg_headwords.json	editorial_siglum	κέλευ(σ)μα	κέλευ(σ)μα
AG	vlg_headwords.json	editorial_siglum	κα(λ)λέα	κα(λ)λέα
AG	vlg_headwords.json	editorial_siglum	καγκελ(λ)οειδῶς	καγκελ(λ)οειδῶς
AG	vlg_headwords.json	editorial_siglum	καγκελ(λ)ωτός	καγκελ(λ)ωτός
AG	vlg_headwords.json	editorial_siglum	καθάρ(ε)ιος	καθάρ(ε)ιος
AG	vlg_headwords.json	editorial_siglum	καθαρ(ε)ιότης	καθαρ(ε)ιότης
AG	vlg_headwords.json	editorial_siglum	καιρωστ(ρ)ίς	καιρωστ(ρ)ίς
AG	vlg_headwords.json	editorial_siglum	κακοδουλ(ε)ία	κακοδουλ(ε)ία
AG	vlg_headwords.json	editorial_siglum	κακό(ρ)ρεκτος	κακό(ρ)ρεκτος
AG	vlg_headwords.json	editorial_siglum	καλ(λ)άϊνος	καλ(λ)άϊνος
AG	vlg_headwords.json	editorial_siglum	καν(ν)άβινος	καν(ν)άβινος
AG	vlg_headwords.json	editorial_siglum	καν(ν)αβιουργός	καν(ν)αβιουργός
AG	vlg_headwords.json	editorial_siglum	κατάπροσθε(ν)	κατάπροσθε(ν)
AG	vlg_headwords.json	editorial_siglum	κατα(ρ)ράπτω	κατα(ρ)ράπτω
AG	vlg_headwords.json	editorial_siglum	καταρθ(ε)ία	καταρθ(ε)ία
AG	vlg_headwords.json	editorial_siglum	καταφρύ(σ)σω	καταφρύ(σ)σω
AG	vlg_headwords.json	editorial_siglum	κατενήνοθε(ν)	κατενήνοθε(ν)
AG	vlg_headwords.json	editorial_siglum	καυ(σ)τός	καυ(σ)τός
AG	vlg_headwords.json	editorial_siglum	κεντο(υ)ρίων	κεντο(υ)ρίων
AG	vlg_headwords.json	editorial_siglum	κεφαλῆφι(ν)	κεφαλῆφι(ν)
AG	vlg_headwords.json	editorial_siglum	κηλω(σ)τά	κηλω(σ)τά
AG	vlg_headwords.json	editorial_siglum	κηρύκ(ε)ιον	κηρύκ(ε)ιον
AG	vlg_headwords.json	editorial_siglum	κικυμω(ν)ίς	κικυμω(ν)ίς
AG	vlg_headwords.json	editorial_siglum	κιμβικ(ε)ία	κιμβικ(ε)ία
AG	vlg_headwords.json	editorial_siglum	κιναιδ(ε)ία	κιναιδ(ε)ία
AG	vlg_headwords.json	editorial_siglum	κοκ(κ)άλια	κοκ(κ)άλια
AG	vlg_headwords.json	editorial_siglum	κορθύ(ν)ω	κορθύ(ν)ω
AG	vlg_headwords.json	editorial_siglum	κουκ(κ)ούμιον	κουκ(κ)ούμιον
AG	vlg_headwords.json	editorial_siglum	κουράλ(λ)ιον	κουράλ(λ)ιον
AG	vlg_headwords.json	editorial_siglum	κουρούλ(λ)ιος	κουρούλ(λ)ιος
AG	vlg_headwords.json	editorial_siglum	κραπαταλ(λ)ός	κραπαταλ(λ)ός
AG	vlg_headwords.json	editorial_siglum	κρατιστ(ε)ία	κρατιστ(ε)ία
AG	vlg_headwords.json	editorial_siglum	κρικέλ(λ)ιον	κρικέλ(λ)ιον
AG	vlg_headwords.json	editorial_siglum	κτάμεν(αι)	κτάμεν(αι)
AG	vlg_headwords.json	editorial_siglum	κυκλοπορ(ε)ία	κυκλοπορ(ε)ία
AG	vlg_headwords.json	editorial_siglum	κωράλ(λ)ιον	κωράλ(λ)ιον
AG	vlg_headwords.json	editorial_siglum	λέπιδι(ν)	λέπιδι(ν)
AG	vlg_headwords.json	editorial_siglum	λαϊνότευκτ(ος)	λαϊνότευκτ(ος)
AG	vlg_headwords.json	editorial_siglum	λειμωνόθε(ν)	λειμωνόθε(ν)
AG	vlg_headwords.json	editorial_siglum	λεξ(ε)ίδιον	λεξ(ε)ίδιον
AG	vlg_headwords.json	editorial_siglum	λευκάργιλ(λ)ος	λευκάργιλ(λ)ος
AG	vlg_headwords.json	editorial_siglum	λεόντ(ε)ιος	λεόντ(ε)ιος
AG	vlg_headwords.json	editorial_siglum	λογιστ(ε)ία	λογιστ(ε)ία
AG	vlg_headwords.json	editorial_siglum	λοφάδ(ε)ια	λοφάδ(ε)ια
AG	vlg_headwords.json	editorial_siglum	λωρί(ο)ν	λωρί(ο)ν
AG	vlg_headwords.json	editorial_siglum	μάγωζ(?α)	μάγωζ(?α)
AG	vlg_headwords.json	editorial_siglum	μάρσιπ(π)ος	μάρσιπ(π)ος
AG	vlg_headwords.json	editorial_siglum	μέσ(σ)ατος	μέσ(σ)ατος
AG	vlg_headwords.json	editorial_siglum	μήδ(ε)ιον	μήδ(ε)ιον
AG	vlg_headwords.json	editorial_siglum	μαγάδιος (αὐλός)	μαγάδιος (αὐλός)
AG	vlg_headwords.json	editorial_siglum	μαθητ(ε)ία	μαθητ(ε)ία
AG	vlg_headwords.json	editorial_siglum	μακροβιοτ(ε)ία	μακροβιοτ(ε)ία
AG	vlg_headwords.json	editorial_siglum	μαρσίπ(π)ιον	μαρσίπ(π)ιον
AG	vlg_headwords.json	editorial_siglum	μεγαλόρ(ρ)ιζος	μεγαλόρ(ρ)ιζος
AG	vlg_headwords.json	editorial_siglum	μεθέμεν(αι)	μεθέμεν(αι)
AG	vlg_headwords.json	editorial_siglum	μεταγί(γ)νομαι	μεταγί(γ)νομαι
AG	vlg_headwords.json	editorial_siglum	μεταγι(γ)νώσκω	μεταγι(γ)νώσκω
AG	vlg_headwords.json	editorial_siglum	μετανίσ(σ)ομαι	μετανίσ(σ)ομαι
AG	vlg_headwords.json	editorial_siglum	μετεισδύ(ν)ω	μετεισδύ(ν)ω
AG	vlg_headwords.json	editorial_siglum	μετόπισθε(ν)	μετόπισθε(ν)
AG	vlg_headwords.json	editorial_siglum	μητρόθε(ν)	μητρόθε(ν)
AG	vlg_headwords.json	editorial_siglum	μονονού(κ)	μονονού(κ)
AG	vlg_headwords.json	editorial_siglum	μυρ(ρ)ίς	μυρ(ρ)ίς
AG	vlg_headwords.json	editorial_siglum	μόσυλ(λ)ον	μόσυλ(λ)ον
AG	vlg_headwords.json	editorial_siglum	ν(ε)ίφω	ν(ε)ίφω
AG	vlg_headwords.json	editorial_siglum	να(ν)νοφυής	να(ν)νοφυής
AG	vlg_headwords.json	editorial_siglum	να(ν)νώδης	να(ν)νώδης
AG	vlg_headwords.json	editorial_siglum	ναυλ(λ)-	ναυλ(λ)-
AG	vlg_headwords.json	editorial_siglum	ναῦφι(ν)	ναῦφι(ν)
AG	vlg_headwords.json	editorial_siglum	νείσ(σ)ομαι	νείσ(σ)ομαι
AG	vlg_headwords.json	editorial_siglum	νευρο(ρ)ραφέω	νευρο(ρ)ραφέω
AG	vlg_headwords.json	editorial_siglum	νευρο(ρ)ραφία	νευρο(ρ)ραφία
AG	vlg_headwords.json	editorial_siglum	νευρο(ρ)ραφικός	νευρο(ρ)ραφικός
AG	vlg_headwords.json	editorial_siglum	νουμ(μ)ίον	νουμ(μ)ίον
AG	vlg_headwords.json	editorial_siglum	οἰκοδεσποτ(ε)ία	οἰκοδεσποτ(ε)ία
AG	vlg_headwords.json	editorial_siglum	οἰκοσ(σ)όος	οἰκοσ(σ)όος
AG	vlg_headwords.json	editorial_siglum	οἰσέμεν(αι)	οἰσέμεν(αι)
AG	vlg_headwords.json	editorial_siglum	οὐτάμεν(αι)	οὐτάμεν(αι)
AG	vlg_headwords.json	editorial_siglum	πάροιθε(ν)	πάροιθε(ν)
AG	vlg_headwords.json	editorial_siglum	πάτρηθε(ν)	πάτρηθε(ν)
AG	vlg_headwords.json	editorial_siglum	πέπλη(σ)μαι	πέπλη(σ)μαι
AG	vlg_headwords.json	editorial_siglum	πέρυσι(ν)	πέρυσι(ν)
AG	vlg_headwords.json	editorial_siglum	πανδείμα(ν)τος	πανδείμα(ν)τος
AG	vlg_headwords.json	editorial_siglum	πανθοιν(ε)ί	πανθοιν(ε)ί
AG	vlg_headwords.json	editorial_siglum	πανσκαφ(ε)ία	πανσκαφ(ε)ία
AG	vlg_headwords.json	editorial_siglum	πανστρατ(ε)ί	πανστρατ(ε)ί
AG	vlg_headwords.json	editorial_siglum	παντάπασι(ν)	παντάπασι(ν)
AG	vlg_headwords.json	editorial_siglum	παρανί(σ)σομαι	παρανί(σ)σομαι
AG	vlg_headwords.json	editorial_siglum	παραφυλακ(ε)ία	παραφυλακ(ε)ία
AG	vlg_headwords.json	editorial_siglum	παρεμπί(μ)πλημι	παρεμπί(μ)πλημι
AG	vlg_headwords.json	editorial_siglum	παρεστάμεν(αι)	παρεστάμεν(αι)
AG	vlg_headwords.json	editorial_siglum	πασσαλόφι(ν)	πασσαλόφι(ν)
AG	vlg_headwords.json	editorial_siglum	παυρᾶκι(ς)	παυρᾶκι(ς)
AG	vlg_headwords.json	editorial_siglum	πεκου(λ)λίον	πεκου(λ)λίον
AG	vlg_headwords.json	editorial_siglum	πελέκεσ(σ)ι	πελέκεσ(σ)ι
AG	vlg_headwords.json	editorial_siglum	πεντάκι(ς)	πεντάκι(ς)
AG	vlg_headwords.json	editorial_siglum	περίκλ(ε)ιτρον	περίκλ(ε)ιτρον
AG	vlg_headwords.json	editorial_siglum	περιθρυλ(λ)έομαι	περιθρυλ(λ)έομαι
AG	vlg_headwords.json	editorial_siglum	περιοδ(ε)ία	περιοδ(ε)ία
AG	vlg_headwords.json	editorial_siglum	πετρακισχ(ε)ίλιοι	πετρακισχ(ε)ίλιοι
AG	vlg_headwords.json	editorial_siglum	ποδοκάκ(κ)η	ποδοκάκ(κ)η
AG	vlg_headwords.json	editorial_siglum	ποδοψέλ(λ)ιον	ποδοψέλ(λ)ιον
AG	vlg_headwords.json	editorial_siglum	πολύκλαυ(σ)τος	πολύκλαυ(σ)τος
AG	vlg_headwords.json	editorial_siglum	πρακτορ(ε)ία	πρακτορ(ε)ία
AG	vlg_headwords.json	editorial_siglum	προαναγι(γ)νώσκω	προαναγι(γ)νώσκω
AG	vlg_headwords.json	editorial_siglum	προανύ(τ)ω	προανύ(τ)ω
AG	vlg_headwords.json	editorial_siglum	προαπογι(γ)νώσκω	προαπογι(γ)νώσκω
AG	vlg_headwords.json	editorial_siglum	προκαταγι(γ)νώσκω	προκαταγι(γ)νώσκω
AG	vlg_headwords.json	editorial_siglum	προκελευ(σ)ματικός	προκελευ(σ)ματικός
AG	vlg_headwords.json	editorial_siglum	προπάροιθε(ν)	προπάροιθε(ν)
AG	vlg_headwords.json	editorial_siglum	προσνίσ(σ)ομαι	προσνίσ(σ)ομαι
AG	vlg_headwords.json	editorial_siglum	προύν(ε)ικος	προύν(ε)ικος
AG	vlg_headwords.json	editorial_siglum	πρόσθε(ν)	πρόσθε(ν)
AG	vlg_headwords.json	editorial_siglum	πρόσπλα(σ)τος	πρόσπλα(σ)τος
AG	vlg_headwords.json	editorial_siglum	πτολεμαϊκόν (κεράμιον)	πτολεμαϊκόν (κεράμιον)
AG	vlg_headwords.json	editorial_siglum	πυρίκαυ(σ)τος	πυρίκαυ(σ)τος
AG	vlg_headwords.json	editorial_siglum	πῶυ(γ)ξ	πῶυ(γ)ξ
AG	vlg_headwords.json	editorial_siglum	σάκ(κ)ος	σάκ(κ)ος
AG	vlg_headwords.json	editorial_siglum	σάπφ(ε)ιρος	σάπφ(ε)ιρος
AG	vlg_headwords.json	editorial_siglum	σα(ι)θάρυγξ	σα(ι)θάρυγξ
AG	vlg_headwords.json	editorial_siglum	σα(κ)κίζω	σα(κ)κίζω
AG	vlg_headwords.json	editorial_siglum	σα(κ)κίον	σα(κ)κίον
AG	vlg_headwords.json	editorial_siglum	σεβέν(ν)ινος	σεβέν(ν)ινος
AG	vlg_headwords.json	editorial_siglum	σεβέν(ν)ιον	σεβέν(ν)ιον
AG	vlg_headwords.json	editorial_siglum	σεραφ(ε)ίμ	σεραφ(ε)ίμ
AG	vlg_headwords.json	editorial_siglum	σιγύν(ν)ης	σιγύν(ν)ης
AG	vlg_headwords.json	editorial_siglum	σιλιγν(ι)άριος	σιλιγν(ι)άριος
AG	vlg_headwords.json	editorial_siglum	σουκ(κ)έσσωρ	σουκ(κ)έσσωρ
AG	vlg_headwords.json	editorial_siglum	σούχ(ε)ιον	σούχ(ε)ιον
AG	vlg_headwords.json	editorial_siglum	στίμ(μ)ις	στίμ(μ)ις
AG	vlg_headwords.json	editorial_siglum	συγκαταγί(γ)νομαι	συγκαταγί(γ)νομαι
AG	vlg_headwords.json	editorial_siglum	συμψέλ(λ)ιον	συμψέλ(λ)ιον
AG	vlg_headwords.json	editorial_siglum	σφυριδάλ(λ)ιον	σφυριδάλ(λ)ιον
AG	vlg_headwords.json	editorial_siglum	σύμμ(ε)ικτος	σύμμ(ε)ικτος
AG	vlg_headwords.json	editorial_siglum	τέλε(ι)ος	τέλε(ι)ος
AG	vlg_headwords.json	editorial_siglum	τέτρασι(ν)	τέτρασι(ν)
AG	vlg_headwords.json	editorial_siglum	τελε(ι)όω	τελε(ι)όω
AG	vlg_headwords.json	editorial_siglum	τεσσερακαιεβδο[μη]κοντούτης	τεσσερακαιεβδο[μη]κοντούτης
AG	vlg_headwords.json	editorial_siglum	τετράλασ(σ)ον	τετράλασ(σ)ον
AG	vlg_headwords.json	editorial_siglum	τετράσ(ε)ιρον	τετράσ(ε)ιρον
AG	vlg_headwords.json	editorial_siglum	τηλόθε(ν)	τηλόθε(ν)
AG	vlg_headwords.json	editorial_siglum	τουτόθε(ν)	τουτόθε(ν)
AG	vlg_headwords.json	editorial_siglum	τράφε(ν)	τράφε(ν)
AG	vlg_headwords.json	editorial_siglum	τριακόστ[ια]	τριακόστ[ια]
AG	vlg_headwords.json	editorial_siglum	τριημίσ[εον]	τριημίσ[εον]
AG	vlg_headwords.json	editorial_siglum	τόθε(ν)	τόθε(ν)
AG	vlg_headwords.json	editorial_siglum	φ(ρ)ατριασμός	φ(ρ)ατριασμός
AG	vlg_headwords.json	editorial_siglum	φά(λ)λαινα	φά(λ)λαινα
AG	vlg_headwords.json	editorial_siglum	φαινομένηφι(ν)	φαινομένηφι(ν)
AG	vlg_headwords.json	editorial_siglum	φαρύγ(γ)εθρον	φαρύγ(γ)εθρον
AG	vlg_headwords.json	editorial_siglum	φιδεκό(μ)μισσον	φιδεκό(μ)μισσον
AG	vlg_headwords.json	editorial_siglum	φιλ(ο)αριστοτέλης	φιλ(ο)αριστοτέλης
AG	vlg_headwords.json	editorial_siglum	φιλοπτωχ(ε)ία	φιλοπτωχ(ε)ία
AG	vlg_headwords.json	editorial_siglum	φιλό(ρ)ρυπος	φιλό(ρ)ρυπος
AG	vlg_headwords.json	editorial_siglum	φορε(ι)αφόρος	φορε(ι)αφόρος
AG	vlg_headwords.json	editorial_siglum	φοσ(σ)ατεύω	φοσ(σ)ατεύω
AG	vlg_headwords.json	editorial_siglum	φρασί(ν)	φρασί(ν)
AG	vlg_headwords.json	editorial_siglum	φωλ(ε)ία	φωλ(ε)ία
AG	vlg_headwords.json	editorial_siglum	φωσ(σ)ώνιον	φωσ(σ)ώνιον
AG	vlg_headwords.json	editorial_siglum	φώσ(σ)ων	φώσ(σ)ων
AG	vlg_headwords.json	editorial_siglum	χ(ε)ίρα	χ(ε)ίρα
AG	vlg_headwords.json	editorial_siglum	χειροψέλ(λ)ιον	χειροψέλ(λ)ιον
AG	vlg_headwords.json	editorial_siglum	ψίλ(λ)ιον	ψίλ(λ)ιον
AG	vlg_headwords.json	editorial_siglum	ψαλάθρ(ε)ιον	ψαλάθρ(ε)ιον
AG	vlg_headwords.json	editorial_siglum	ψευδοδίκταμ(ν)ον	ψευδοδίκταμ(ν)ον
AG	vlg_headwords.json	editorial_siglum	ψευδολατρ(ε)ία	ψευδολατρ(ε)ία
AG	vlg_headwords.json	editorial_siglum	ψευδομαντ(ε)ία	ψευδομαντ(ε)ία
AG	vlg_headwords.json	editorial_siglum	ψηφολογ(ε)ῖον	ψηφολογ(ε)ῖον
AG	vlg_headwords.json	editorial_siglum	ἀβει(ρ)ρά	ἀβει(ρ)ρά
AG	vlg_headwords.json	editorial_siglum	ἀγγαρ(ε)ία	ἀγγαρ(ε)ία
AG	vlg_headwords.json	editorial_siglum	ἀγριοαπ(π)ίδιον	ἀγριοαπ(π)ίδιον
AG	vlg_headwords.json	editorial_siglum	ἀδράνε(ι)α	ἀδράνε(ι)α
AG	vlg_headwords.json	editorial_siglum	ἀειδουλ(ε)ία	ἀειδουλ(ε)ία
AG	vlg_headwords.json	editorial_siglum	ἀεν(ν)αΐζω	ἀεν(ν)αΐζω
AG	vlg_headwords.json	editorial_siglum	ἀθέμι(σ)τος	ἀθέμι(σ)τος
AG	vlg_headwords.json	editorial_siglum	ἀθαλ(λ)ής	ἀθαλ(λ)ής
AG	vlg_headwords.json	editorial_siglum	ἀκ(κ)ιπήσιος	ἀκ(κ)ιπήσιος
AG	vlg_headwords.json	editorial_siglum	ἀκ(κ)ούβιτον	ἀκ(κ)ούβιτον
AG	vlg_headwords.json	editorial_siglum	ἀκατάκαυ(σ)τος	ἀκατάκαυ(σ)τος
AG	vlg_headwords.json	editorial_siglum	ἀκλαυ(σ)τεί	ἀκλαυ(σ)τεί
AG	vlg_headwords.json	editorial_siglum	ἀκονιτ(ε)ί	ἀκονιτ(ε)ί
AG	vlg_headwords.json	editorial_siglum	ἀκοπία(σ)τος	ἀκοπία(σ)τος
AG	vlg_headwords.json	editorial_siglum	ἀλάθε(ι)α	ἀλάθε(ι)α
AG	vlg_headwords.json	editorial_siglum	ἀλκυόν(ε)ιον	ἀλκυόν(ε)ιον
AG	vlg_headwords.json	editorial_siglum	ἀλοιμ(μ)ός	ἀλοιμ(μ)ός
AG	vlg_headwords.json	editorial_siglum	ἀλωπέκε(ι)ος	ἀλωπέκε(ι)ος
AG	vlg_headwords.json	editorial_siglum	ἀλό(ι)ησις	ἀλό(ι)ησις
AG	vlg_headwords.json	editorial_siglum	ἀμεταστρεπτ(ε)ί	ἀμεταστρεπτ(ε)ί
AG	vlg_headwords.json	editorial_siglum	ἀμισθ(ε)ί	ἀμισθ(ε)ί
AG	vlg_headwords.json	editorial_siglum	ἀμφί(ρ)ρυτος	ἀμφί(ρ)ρυτος
AG	vlg_headwords.json	editorial_siglum	ἀμφίκαυ(σ)τις	ἀμφίκαυ(σ)τις
AG	vlg_headwords.json	editorial_siglum	ἀν(α)τόλιος	ἀν(α)τόλιος
AG	vlg_headwords.json	editorial_siglum	ἀνάσιλ(λ)ος	ἀνάσιλ(λ)ος
AG	vlg_headwords.json	editorial_siglum	ἀνέκαθε(ν)	ἀνέκαθε(ν)
AG	vlg_headwords.json	editorial_siglum	ἀνέρ(ε)ικτος	ἀνέρ(ε)ικτος
AG	vlg_headwords.json	editorial_siglum	ἀνήνοθε(ν)	ἀνήνοθε(ν)
AG	vlg_headwords.json	editorial_siglum	ἀναπαυ(σ)τήριος	ἀναπαυ(σ)τήριος
AG	vlg_headwords.json	editorial_siglum	ἀναπαυ(σ)τηρία	ἀναπαυ(σ)τηρία
AG	vlg_headwords.json	editorial_siglum	ἀναπαυ(σ)τικός	ἀναπαυ(σ)τικός
AG	vlg_headwords.json	editorial_siglum	ἀνείλ(λ)ω	ἀνείλ(λ)ω
AG	vlg_headwords.json	editorial_siglum	ἀνεμπί(μ)πλημαι	ἀνεμπί(μ)πλημαι
AG	vlg_headwords.json	editorial_siglum	ἀνεπισταθμ(ε)ία	ἀνεπισταθμ(ε)ία
AG	vlg_headwords.json	editorial_siglum	ἀνεπιστρεπτ(ε)ί	ἀνεπιστρεπτ(ε)ί
AG	vlg_headwords.json	editorial_siglum	ἀνθρωπολατρ(ε)ία	ἀνθρωπολατρ(ε)ία
AG	vlg_headwords.json	editorial_siglum	ἀνοικτ(ε)ί	ἀνοικτ(ε)ί
AG	vlg_headwords.json	editorial_siglum	ἀντεμπί(μ)πλημι	ἀντεμπί(μ)πλημι
AG	vlg_headwords.json	editorial_siglum	ἀντεμπί(μ)πρημι	ἀντεμπί(μ)πρημι
AG	vlg_headwords.json	editorial_siglum	ἀντιμαχη(σ)τύς	ἀντιμαχη(σ)τύς
AG	vlg_headwords.json	editorial_siglum	ἀντολίηθε(ν)	ἀντολίηθε(ν)
AG	vlg_headwords.json	editorial_siglum	ἀξέμεν(αι)	ἀξέμεν(αι)
AG	vlg_headwords.json	editorial_siglum	ἀπάνευθε(ν)	ἀπάνευθε(ν)
AG	vlg_headwords.json	editorial_siglum	ἀπάνωθε(ν)	ἀπάνωθε(ν)
AG	vlg_headwords.json	editorial_siglum	ἀπάτερθε(ν)	ἀπάτερθε(ν)
AG	vlg_headwords.json	editorial_siglum	ἀπατιμά(ζ)ω	ἀπατιμά(ζ)ω
AG	vlg_headwords.json	editorial_siglum	ἀποθω(υ)μάζω	ἀποθω(υ)μάζω
AG	vlg_headwords.json	editorial_siglum	ἀποκτάμεν(αι)	ἀποκτάμεν(αι)
AG	vlg_headwords.json	editorial_siglum	ἀποκόμβι(ο)ν	ἀποκόμβι(ο)ν
AG	vlg_headwords.json	editorial_siglum	ἀπολα(μ)φθ-	ἀπολα(μ)φθ-
AG	vlg_headwords.json	editorial_siglum	ἀπονίσ(σ)ομαι	ἀπονίσ(σ)ομαι
AG	vlg_headwords.json	editorial_siglum	ἀπονόσφι(ν)	ἀπονόσφι(ν)
AG	vlg_headwords.json	editorial_siglum	ἀποπί(μ)πλημι	ἀποπί(μ)πλημι
AG	vlg_headwords.json	editorial_siglum	ἀποπι(μ)πλάω	ἀποπι(μ)πλάω
AG	vlg_headwords.json	editorial_siglum	ἀποτίν(ν)υμι	ἀποτίν(ν)υμι
AG	vlg_headwords.json	editorial_siglum	ἀποτελε(ι)όω	ἀποτελε(ι)όω
AG	vlg_headwords.json	editorial_siglum	ἀπφί(δι)ον	ἀπφί(δι)ον
AG	vlg_headwords.json	editorial_siglum	ἀπόπροθε(ν)	ἀπόπροθε(ν)
AG	vlg_headwords.json	editorial_siglum	ἀπόσφι(γ)ξις	ἀπόσφι(γ)ξις
AG	vlg_headwords.json	editorial_siglum	ἀρ(ρ)άζω	ἀρ(ρ)άζω
AG	vlg_headwords.json	editorial_siglum	ἀργιλ(λ)ώδης	ἀργιλ(λ)ώδης
AG	vlg_headwords.json	editorial_siglum	ἀρουρ(ε)ίτης	ἀρουρ(ε)ίτης
AG	vlg_headwords.json	editorial_siglum	ἀρτίκαυ(σ)τος	ἀρτίκαυ(σ)τος
AG	vlg_headwords.json	editorial_siglum	ἀρχεζῶστ(ρ)ις	ἀρχεζῶστ(ρ)ις
AG	vlg_headwords.json	editorial_siglum	ἀρχεφοδ(ε)ία	ἀρχεφοδ(ε)ία
AG	vlg_headwords.json	editorial_siglum	ἀρχιδικαστ(ε)ία	ἀρχιδικαστ(ε)ία
AG	vlg_headwords.json	editorial_siglum	ἀρχιφυλακ(ε)ία	ἀρχιφυλακ(ε)ία
AG	vlg_headwords.json	editorial_siglum	ἀστροφα(ν)ής	ἀστροφα(ν)ής
AG	vlg_headwords.json	editorial_siglum	ἀτίθα(σ)σος	ἀτίθα(σ)σος
AG	vlg_headwords.json	editorial_siglum	ἀτιθάσ(σ)ευτος	ἀτιθάσ(σ)ευτος
AG	vlg_headwords.json	editorial_siglum	ἀτρακτυλ(λ)ίς	ἀτρακτυλ(λ)ίς
AG	vlg_headwords.json	editorial_siglum	ἀφάδ(ε)ιος	ἀφάδ(ε)ιος
AG	vlg_headwords.json	editorial_siglum	ἀχέτα(ς)	ἀχέτα(ς)
AG	vlg_headwords.json	editorial_siglum	ἀχείμα(σ)τος	ἀχείμα(σ)τος
AG	vlg_headwords.json	editorial_siglum	ἀχρο(ι)έω	ἀχρο(ι)έω
AG	vlg_headwords.json	editorial_siglum	ἁγιστ(ε)ία	ἁγιστ(ε)ία
AG	vlg_headwords.json	editorial_siglum	ἄδμω(ν)ες	ἄδμω(ν)ες
AG	vlg_headwords.json	editorial_siglum	ἄκαυ(σ)τος	ἄκαυ(σ)τος
AG	vlg_headwords.json	editorial_siglum	ἄκλαυ(σ)τος	ἄκλαυ(σ)τος
AG	vlg_headwords.json	editorial_siglum	ἄκνα(μ)πτος	ἄκνα(μ)πτος
AG	vlg_headwords.json	editorial_siglum	ἄνευθε(ν)	ἄνευθε(ν)
AG	vlg_headwords.json	editorial_siglum	ἄνωθε(ν)	ἄνωθε(ν)
AG	vlg_headwords.json	editorial_siglum	ἄρ(ρ)ιζος	ἄρ(ρ)ιζος
AG	vlg_headwords.json	editorial_siglum	ἄργιλ(λ)ος	ἄργιλ(λ)ος
AG	vlg_headwords.json	editorial_siglum	ἄρκαλ(λ)α	ἄρκαλ(λ)α
AG	vlg_headwords.json	editorial_siglum	ἄτερθε(ν)	ἄτερθε(ν)
AG	vlg_headwords.json	editorial_siglum	ἄχρι(ς)	ἄχρι(ς)
AG	vlg_headwords.json	editorial_siglum	Ἀβ(ε)ιρών	Ἀβ(ε)ιρών
AG	vlg_headwords.json	editorial_siglum	Ἀβα(δ)δών	Ἀβα(δ)δών
AG	vlg_headwords.json	editorial_siglum	Ἀβρ(α)άμ	Ἀβρ(α)άμ
AG	vlg_headwords.json	editorial_siglum	Ἀγνε(ι)ών	Ἀγνε(ι)ών
AG	vlg_headwords.json	editorial_siglum	Ἀδραμυ(τ)τηνός	Ἀδραμυ(τ)τηνός
AG	vlg_headwords.json	editorial_siglum	Ἀδραμύ(τ)τ(ε)ιον	Ἀδραμύ(τ)τ(ε)ιον
AG	vlg_headwords.json	editorial_siglum	Ἀθήνησι(ν)	Ἀθήνησι(ν)
AG	vlg_headwords.json	editorial_siglum	Ἀκύ(λ)λιος	Ἀκύ(λ)λιος
AG	vlg_headwords.json	editorial_siglum	Ἀλβί(γ)γαυνον	Ἀλβί(γ)γαυνον
AG	vlg_headwords.json	editorial_siglum	Ἀλφε(ι)ός	Ἀλφε(ι)ός
AG	vlg_headwords.json	editorial_siglum	Ἀμυκλα(ι)εύς	Ἀμυκλα(ι)εύς
AG	vlg_headwords.json	editorial_siglum	Ἀνυ(λ)λῖνος	Ἀνυ(λ)λῖνος
AG	vlg_headwords.json	editorial_siglum	Ἀπο(λ)λιναριστής	Ἀπο(λ)λιναριστής
AG	vlg_headwords.json	editorial_siglum	Ἀπολ(λ)ιναρίζω	Ἀπολ(λ)ιναρίζω
AG	vlg_headwords.json	editorial_siglum	Ἀπρίλ(λ)ιος	Ἀπρίλ(λ)ιος
AG	vlg_headwords.json	editorial_siglum	Ἀρ(ε)ιφράδης	Ἀρ(ε)ιφράδης
AG	vlg_headwords.json	editorial_siglum	Ἀρα(μ)μαῖοι	Ἀρα(μ)μαῖοι
AG	vlg_headwords.json	editorial_siglum	Ἀρικ(ε)ία	Ἀρικ(ε)ία
AG	vlg_headwords.json	editorial_siglum	Ἀρκαδίηθε(ν)	Ἀρκαδίηθε(ν)
AG	vlg_headwords.json	editorial_siglum	Ἀρχύτ(ε)ιος	Ἀρχύτ(ε)ιος
AG	vlg_headwords.json	editorial_siglum	Ἀτίλ(λ)ιος	Ἀτίλ(λ)ιος
AG	vlg_headwords.json	editorial_siglum	Ἀτραμύττ(ε)ιον	Ἀτραμύττ(ε)ιον
AG	vlg_headwords.json	editorial_siglum	Ἀχερόντ(ε)ιος	Ἀχερόντ(ε)ιος
AG	vlg_headwords.json	editorial_siglum	Ἁλικαρνάσ(σ)ιος	Ἁλικαρνάσ(σ)ιος
AG	vlg_headwords.json	editorial_siglum	Ἁλικαρνασ(σ)εύς	Ἁλικαρνασ(σ)εύς
AG	vlg_headwords.json	editorial_siglum	Ἁλικαρνασ(σ)όθεν	Ἁλικαρνασ(σ)όθεν
AG	vlg_headwords.json	editorial_siglum	Ἁλικαρνασ(σ)ός	Ἁλικαρνασ(σ)ός
AG	vlg_headwords.json	editorial_siglum	Ἄλπ(ε)ιος	Ἄλπ(ε)ιος
AG	vlg_headwords.json	editorial_siglum	Ἄμφρυσ(σ)ος	Ἄμφρυσ(σ)ος
AG	vlg_headwords.json	editorial_siglum	ἐγγε(ι)άτοκος	ἐγγε(ι)άτοκος
AG	vlg_headwords.json	editorial_siglum	ἐγκέλευ(σ)μα	ἐγκέλευ(σ)μα
AG	vlg_headwords.json	editorial_siglum	ἐγκαταγί(γ)νομαι	ἐγκαταγί(γ)νομαι
AG	vlg_headwords.json	editorial_siglum	ἐγκαταμ(ε)ίγνυμι	ἐγκαταμ(ε)ίγνυμι
AG	vlg_headwords.json	editorial_siglum	ἐγχυτ(ρ)ίστρια	ἐγχυτ(ρ)ίστρια
AG	vlg_headwords.json	editorial_siglum	ἐκγί(γ)νομαι	ἐκγί(γ)νομαι
AG	vlg_headwords.json	editorial_siglum	ἐκθέμεν(αι)	ἐκθέμεν(αι)
AG	vlg_headwords.json	editorial_siglum	ἐκτελε(ι)όω	ἐκτελε(ι)όω
AG	vlg_headwords.json	editorial_siglum	ἐκχύν(ν)ω	ἐκχύν(ν)ω
AG	vlg_headwords.json	editorial_siglum	ἐλ(ε)εινός	ἐλ(ε)εινός
AG	vlg_headwords.json	editorial_siglum	ἐλα(ι)οφόρος	ἐλα(ι)οφόρος
AG	vlg_headwords.json	editorial_siglum	ἐμίν(γα)	ἐμίν(γα)
AG	vlg_headwords.json	editorial_siglum	ἐμπί(μ)πρημι	ἐμπί(μ)πρημι
AG	vlg_headwords.json	editorial_siglum	ἐμφώτ(ε)ιος	ἐμφώτ(ε)ιος
AG	vlg_headwords.json	editorial_siglum	ἐντρυλ(λ)ίζω	ἐντρυλ(λ)ίζω
AG	vlg_headwords.json	editorial_siglum	ἐξελα(σ)τέος	ἐξελα(σ)τέος
AG	vlg_headwords.json	editorial_siglum	ἐξπε(λ)λευστής	ἐξπε(λ)λευστής
AG	vlg_headwords.json	editorial_siglum	ἐξόπιθε(ν)	ἐξόπιθε(ν)
AG	vlg_headwords.json	editorial_siglum	ἐξόπισθε(ν)	ἐξόπισθε(ν)
AG	vlg_headwords.json	editorial_siglum	ἐπάνωθε(ν)	ἐπάνωθε(ν)
AG	vlg_headwords.json	editorial_siglum	ἐπίπροσθε(ν)	ἐπίπροσθε(ν)
AG	vlg_headwords.json	editorial_siglum	ἐπε(ι)λίσσω	ἐπε(ι)λίσσω
AG	vlg_headwords.json	editorial_siglum	ἐπιδεκατ(ε)ία	ἐπιδεκατ(ε)ία
AG	vlg_headwords.json	editorial_siglum	ἐρίκλαυ(σ)τος	ἐρίκλαυ(σ)τος
AG	vlg_headwords.json	editorial_siglum	ἐρίσκηπτ(ρ)ον	ἐρίσκηπτ(ρ)ον
AG	vlg_headwords.json	editorial_siglum	ἐστί(ν)	ἐστί(ν)
AG	vlg_headwords.json	editorial_siglum	ἐφύπερθε(ν)	ἐφύπερθε(ν)
AG	vlg_headwords.json	editorial_siglum	ἑκάτερθε(ν)	ἑκάτερθε(ν)
AG	vlg_headwords.json	editorial_siglum	ἑλε(ι)οσέλινον	ἑλε(ι)οσέλινον
AG	vlg_headwords.json	editorial_siglum	ἑξαπάλα(ι)στος	ἑξαπάλα(ι)στος
AG	vlg_headwords.json	editorial_siglum	ἑξηκοντάκι(ς)	ἑξηκοντάκι(ς)
AG	vlg_headwords.json	editorial_siglum	ἑπτά(ρ)ρους	ἑπτά(ρ)ρους
AG	vlg_headwords.json	editorial_siglum	ἑστάμεν(αι)	ἑστάμεν(αι)
AG	vlg_headwords.json	editorial_siglum	ἑτέρωθε(ν)	ἑτέρωθε(ν)
AG	vlg_headwords.json	editorial_siglum	ἔκποθε(ν)	ἔκποθε(ν)
AG	vlg_headwords.json	editorial_siglum	ἔκτοσθε(ν)	ἔκτοσθε(ν)
AG	vlg_headwords.json	editorial_siglum	ἔμεν(αι)	ἔμεν(αι)
AG	vlg_headwords.json	editorial_siglum	ἔμμεν(αι)	ἔμμεν(αι)
AG	vlg_headwords.json	editorial_siglum	ἔμπαλι(ν)	ἔμπαλι(ν)
AG	vlg_headwords.json	editorial_siglum	ἔμπροσθε(ν)	ἔμπροσθε(ν)
AG	vlg_headwords.json	editorial_siglum	ἔνειμε(ν)	ἔνειμε(ν)
AG	vlg_headwords.json	editorial_siglum	ἔνερθε(ν)	ἔνερθε(ν)
AG	vlg_headwords.json	editorial_siglum	ἔντοσθε(ν)	ἔντοσθε(ν)
AG	vlg_headwords.json	editorial_siglum	ἔξωθε(ν)	ἔξωθε(ν)
AG	vlg_headwords.json	editorial_siglum	ἔσωθε(ν)	ἔσωθε(ν)
AG	vlg_headwords.json	editorial_siglum	ἕμεν(αι)	ἕμεν(αι)
AG	vlg_headwords.json	editorial_siglum	Ἐζεκ(ε)ίας	Ἐζεκ(ε)ίας
AG	vlg_headwords.json	editorial_siglum	Ἐλ(λ)ήγηρις	Ἐλ(λ)ήγηρις
AG	vlg_headwords.json	editorial_siglum	Ἐρξ(ε)ίης	Ἐρξ(ε)ίης
AG	vlg_headwords.json	editorial_siglum	Ἑκτόρε(ι)ος	Ἑκτόρε(ι)ος
AG	vlg_headwords.json	editorial_siglum	ἠρασ(σ)άμην	ἠρασ(σ)άμην
AG	vlg_headwords.json	editorial_siglum	ἠσί(ν)	ἠσί(ν)
AG	vlg_headwords.json	editorial_siglum	ἡμίκαυ(σ)τος	ἡμίκαυ(σ)τος
AG	vlg_headwords.json	editorial_siglum	ἡμίσε(ι)α	ἡμίσε(ι)α
AG	vlg_headwords.json	editorial_siglum	ἡμικεφάλ(α)ιον	ἡμικεφάλ(α)ιον
AG	vlg_headwords.json	editorial_siglum	ἡμικυκλ(ι)ώδης	ἡμικυκλ(ι)ώδης
AG	vlg_headwords.json	editorial_siglum	ἤσκει(ν)	ἤσκει(ν)
AG	vlg_headwords.json	editorial_siglum	ἦε(ν)	ἦε(ν)
AG	vlg_headwords.json	editorial_siglum	Ἡρακλε(ι)ώτης	Ἡρακλε(ι)ώτης
AG	vlg_headwords.json	editorial_siglum	ἰ(μ)μέσος	ἰ(μ)μέσος
AG	vlg_headwords.json	editorial_siglum	ἰέμεν(αι)	ἰέμεν(αι)
AG	vlg_headwords.json	editorial_siglum	ἰθυκτ(ε)ίων	ἰθυκτ(ε)ίων
AG	vlg_headwords.json	editorial_siglum	ἰπνοκαύ(σ)της	ἰπνοκαύ(σ)της
AG	vlg_headwords.json	editorial_siglum	ἰσοπέρα(σ)τος	ἰσοπέρα(σ)τος
AG	vlg_headwords.json	editorial_siglum	ἰσχέμεν(αι)	ἰσχέμεν(αι)
AG	vlg_headwords.json	editorial_siglum	ἰχθυοπτ(ρ)ίς	ἰχθυοπτ(ρ)ίς
AG	vlg_headwords.json	editorial_siglum	ἱέμεν(αι)	ἱέμεν(αι)
AG	vlg_headwords.json	editorial_siglum	ἱᾶσι(ν)	ἱᾶσι(ν)
AG	vlg_headwords.json	editorial_siglum	ἴασι(ν)	ἴασι(ν)
AG	vlg_headwords.json	editorial_siglum	ἴδμεν(αι)	ἴδμεν(αι)
AG	vlg_headwords.json	editorial_siglum	ἴε(ν)	ἴε(ν)
AG	vlg_headwords.json	editorial_siglum	ἴμεν(αι)	ἴμεν(αι)
AG	vlg_headwords.json	editorial_siglum	Ἰβάνωλ(λ)ις	Ἰβάνωλ(λ)ις
AG	vlg_headwords.json	editorial_siglum	Ἱλείθυ(ι)α	Ἱλείθυ(ι)α
AG	vlg_headwords.json	editorial_siglum	ὀκτάκι(ς)	ὀκτάκι(ς)
AG	vlg_headwords.json	editorial_siglum	ὀκτωκαιδεκ(α)έτης	ὀκτωκαιδεκ(α)έτης
AG	vlg_headwords.json	editorial_siglum	ὀκτωκαιδεκ(α)έτις	ὀκτωκαιδεκ(α)έτις
AG	vlg_headwords.json	editorial_siglum	ὀνειροπομπ(ε)ία	ὀνειροπομπ(ε)ία
AG	vlg_headwords.json	editorial_siglum	ὀξυ(ρ)ρεγμία	ὀξυ(ρ)ρεγμία
AG	vlg_headwords.json	editorial_siglum	ὀξυ(ρ)ρεγμιάω	ὀξυ(ρ)ρεγμιάω
AG	vlg_headwords.json	editorial_siglum	ὀξυ(ρ)ρεγμιώδης	ὀξυ(ρ)ρεγμιώδης
AG	vlg_headwords.json	editorial_siglum	ὀξυ(ρ)ρεπής	ὀξυ(ρ)ρεπής
AG	vlg_headwords.json	editorial_siglum	ὀξύ(ρ)ρυγχος	ὀξύ(ρ)ρυγχος
AG	vlg_headwords.json	editorial_siglum	ὀρ(ε)ίπλαγκτος	ὀρ(ε)ίπλαγκτος
AG	vlg_headwords.json	editorial_siglum	ὀρ(ε)ίπλανος	ὀρ(ε)ίπλανος
AG	vlg_headwords.json	editorial_siglum	ὀρ(ε)ιπλανής	ὀρ(ε)ιπλανής
AG	vlg_headwords.json	editorial_siglum	ὀφθαλμοδουλ(ε)ία	ὀφθαλμοδουλ(ε)ία
AG	vlg_headwords.json	editorial_siglum	ὁλοκότ(τ)ινος	ὁλοκότ(τ)ινος
AG	vlg_headwords.json	editorial_siglum	ὁλορριζ(ε)ί	ὁλορριζ(ε)ί
AG	vlg_headwords.json	editorial_siglum	ὁμοχρο(ι)ίη	ὁμοχρο(ι)ίη
AG	vlg_headwords.json	editorial_siglum	ὁποτέρωθε(ν)	ὁποτέρωθε(ν)
AG	vlg_headwords.json	editorial_siglum	ὁσάκι(ς)	ὁσάκι(ς)
AG	vlg_headwords.json	editorial_siglum	ὁσσάκι(ς)	ὁσσάκι(ς)
AG	vlg_headwords.json	editorial_siglum	ὄπιθε(ν)	ὄπιθε(ν)
AG	vlg_headwords.json	editorial_siglum	ὄπισθε(ν)	ὄπισθε(ν)
AG	vlg_headwords.json	editorial_siglum	Ὀδώγ(ρ)α	Ὀδώγ(ρ)α
AG	vlg_headwords.json	editorial_siglum	ὑπένερθε(ν)	ὑπένερθε(ν)
AG	vlg_headwords.json	editorial_siglum	ὑπερεμπί(μ)πλημι	ὑπερεμπί(μ)πλημι
AG	vlg_headwords.json	editorial_siglum	ὑπο(ρ)ρώξ	ὑπο(ρ)ρώξ
AG	vlg_headwords.json	editorial_siglum	ὑπορ(ρ)ιπίζω	ὑπορ(ρ)ιπίζω
AG	vlg_headwords.json	editorial_siglum	ὕπερθε(ν)	ὕπερθε(ν)
AG	vlg_headwords.json	editorial_siglum	ὠτογλύφ(ι)ον	ὠτογλύφ(ι)ον
AG	vlg_headwords.json	editorial_siglum	ὡρονομ(ε)ῖον	ὡρονομ(ε)ῖον
AG	vlg_headwords.json	editorial_siglum	ὤρεσσι(ν)	ὤρεσσι(ν)
AG	vlg_headwords.json	editorial_siglum	Ὠκαλέ(ι)α	Ὠκαλέ(ι)α
AG	vlg_headwords.json	editorial_siglum	Ὠρ(ε)ῖται	Ὠρ(ε)ῖται
AG	vlg_headwords.json	editorial_siglum	Ὠρείθυ(ι)α	Ὠρείθυ(ι)α
AG	vlg_headwords.json	editorial_siglum	ᾖε(ν)	ᾖε(ν)
AG	vlg_headwords.json	editorial_siglum	ῥιζοκρίκι(ο)ν	ῥιζοκρίκι(ο)ν
AG	vlg_headwords.json	final_elision_mark	Τυράν’	Τυράν’
AG	vlg_headwords.json	final_elision_mark	αὖθ’	αὖθ’
AG	vlg_headwords.json	final_elision_mark	γ’	γ’
AG	vlg_headwords.json	final_elision_mark	δυ’	δυ’
AG	vlg_headwords.json	final_elision_mark	δ’	δ’
AG	vlg_headwords.json	final_elision_mark	εἷρφ’	εἷρφ’
AG	vlg_headwords.json	final_elision_mark	θ’	θ’
AG	vlg_headwords.json	final_elision_mark	κἀστ’	κἀστ’
AG	vlg_headwords.json	final_elision_mark	μεθ’	μεθ’
AG	vlg_headwords.json	final_elision_mark	μ’	μ’
AG	vlg_headwords.json	final_elision_mark	οἷ’	οἷ’
AG	vlg_headwords.json	final_elision_mark	οὔθ’	οὔθ’
AG	vlg_headwords.json	final_elision_mark	ποτ’	ποτ’
AG	vlg_headwords.json	final_elision_mark	πότ’	πότ’
AG	vlg_headwords.json	final_elision_mark	σ’	σ’
AG	vlg_headwords.json	final_elision_mark	τ’	τ’
AG	vlg_headwords.json	final_elision_mark	ἔσθ’	ἔσθ’
AG	vlg_headwords.json	final_elision_mark	ἔσχ’	ἔσχ’
AG	vlg_headwords.json	untrusted_grave	Αἰγὸς ποταμοί	Αἰγὸς ποταμοί
AG	vlg_headwords.json	untrusted_grave	Αἰνιακὴ χώρα	Αἰνιακὴ χώρα
AG	vlg_headwords.json	untrusted_grave	Δρυὸς κεφαλαί	Δρυὸς κεφαλαί
AG	vlg_headwords.json	untrusted_grave	Καλοὶ λιμένες	Καλοὶ λιμένες
AG	vlg_headwords.json	untrusted_grave	Καλὴ ἀκτή	Καλὴ ἀκτή
AG	vlg_headwords.json	untrusted_grave	Κυνὸς κεφαλαί	Κυνὸς κεφαλαί
AG	vlg_headwords.json	untrusted_grave	Κωφὸς λιμήν	Κωφὸς λιμήν
AG	vlg_headwords.json	untrusted_grave	Λωτοφαγὶς Σύρτις	Λωτοφαγὶς Σύρτις
AG	vlg_headwords.json	untrusted_grave	οὐ μὲν οὖν	οὐ μὲν οὖν
AG	vlg_headwords.json	untrusted_grave	ἂ ἄ	ἂ ἄ
AG	vlg_headwords.json	untrusted_grave	ἃ ἅ	ἃ ἅ
AG	vlg_headwords.json	untrusted_grave	ἐπεὶ δή	ἐπεὶ δή
AG	vlg_headwords.json	untrusted_grave	ἐπεὶ δή περ	ἐπεὶ δή περ
AG	vlg_headwords.json	untrusted_grave	ἐπεὶ ἦ	ἐπεὶ ἦ
AG	vlg_headwords.json	untrusted_grave	ὂ μικρόν	ὂ μικρόν
AG	vlg_headwords.json	untrusted_grave	ὃ δέ	ὃ δέ
AG	vlg_headwords.json	untrusted_grave	ὓ ὗ	ὓ ὗ
AG	wip_headwords.json	editorial_siglum	Δεβ(β)ώρα	Δεβ(β)ώρα
AG	wip_headwords.json	editorial_siglum	κραμούλ(λ)ιον	κραμούλ(λ)ιον
AG	wip_headwords.json	editorial_siglum	τετρ[α]υλάκτ[ης]	τετρ[α]υλάκτ[ης]
